الشركة,السوق,الرمز,السنة,الربع,نهاية الفترة,نوع الفترة,التصنيف,المقياس,النطاق,الأبعاد,القيمة,العملة,الوحدة,رابط المصدر,صفحة المصدر,الجدول,الملف المؤرشف,SHA-256,طريقة الاشتقاق
Al Rajhi Bank,SA,1120,2025,,2025-12-31,instant,financial,bank_investments,consolidated,{},174304596000,SAR,SAR,https://objectstorage.me-jeddah-1.oraclecloud.com/n/ax0k7s74wvl7/b/Marketing_Email_Images/o/Financial%20ResultsQ4en.pdf,9,,data/raw/SA/1120/documents/67b6f23b571e6bc1171b21c620aa52f0992174d6e926d4acd97ed729a43b4a52.pdf,67b6f23b571e6bc1171b21c620aa52f0992174d6e926d4acd97ed729a43b4a52,
Al Rajhi Bank,SA,1120,2025,,2025-12-31,fy,financial,النفقات الرأسمالية,consolidated,{},3523379000,SAR,SAR,https://objectstorage.me-jeddah-1.oraclecloud.com/n/ax0k7s74wvl7/b/Marketing_Email_Images/o/Financial%20ResultsQ4en.pdf,15,,data/raw/SA/1120/documents/67b6f23b571e6bc1171b21c620aa52f0992174d6e926d4acd97ed729a43b4a52.pdf,67b6f23b571e6bc1171b21c620aa52f0992174d6e926d4acd97ed729a43b4a52,
Al Rajhi Bank,SA,1120,2025,,2025-12-31,fy,ratio,capex_to_cfo,consolidated,{},0.1574830224476996274807500731,,ratio,https://objectstorage.me-jeddah-1.oraclecloud.com/n/ax0k7s74wvl7/b/Marketing_Email_Images/o/Financial%20ResultsQ4en.pdf,,,data/raw/SA/1120/documents/67b6f23b571e6bc1171b21c620aa52f0992174d6e926d4acd97ed729a43b4a52.pdf,67b6f23b571e6bc1171b21c620aa52f0992174d6e926d4acd97ed729a43b4a52,abs(capex) / operating_cash_flow
Al Rajhi Bank,SA,1120,2025,,2025-12-31,fy,calculated,capex_to_depreciation,consolidated,{},1.487249568077087212338073757,,ratio,https://objectstorage.me-jeddah-1.oraclecloud.com/n/ax0k7s74wvl7/b/Marketing_Email_Images/o/Financial%20ResultsQ4en.pdf,,,data/raw/SA/1120/documents/67b6f23b571e6bc1171b21c620aa52f0992174d6e926d4acd97ed729a43b4a52.pdf,67b6f23b571e6bc1171b21c620aa52f0992174d6e926d4acd97ed729a43b4a52,abs(capex) / abs(depreciation_amortization)
Al Rajhi Bank,SA,1120,2025,,2025-12-31,fy,ratio,capex_to_depreciation_amortization,consolidated,{},1.487249568077087212338073757,,ratio,https://objectstorage.me-jeddah-1.oraclecloud.com/n/ax0k7s74wvl7/b/Marketing_Email_Images/o/Financial%20ResultsQ4en.pdf,,,data/raw/SA/1120/documents/67b6f23b571e6bc1171b21c620aa52f0992174d6e926d4acd97ed729a43b4a52.pdf,67b6f23b571e6bc1171b21c620aa52f0992174d6e926d4acd97ed729a43b4a52,abs(capex) / abs(depreciation_amortization)
Al Rajhi Bank,SA,1120,2025,,2025-12-31,instant,financial,cash_and_balances_with_central_bank,consolidated,{},54004876000,SAR,SAR,https://objectstorage.me-jeddah-1.oraclecloud.com/n/ax0k7s74wvl7/b/Marketing_Email_Images/o/Financial%20ResultsQ4en.pdf,9,,data/raw/SA/1120/documents/67b6f23b571e6bc1171b21c620aa52f0992174d6e926d4acd97ed729a43b4a52.pdf,67b6f23b571e6bc1171b21c620aa52f0992174d6e926d4acd97ed729a43b4a52,
Al Rajhi Bank,SA,1120,2025,,2025-12-31,fy,financial,cash_beginning,consolidated,{},24100411000,SAR,SAR,https://objectstorage.me-jeddah-1.oraclecloud.com/n/ax0k7s74wvl7/b/Marketing_Email_Images/o/Financial%20ResultsQ4en.pdf,15,,data/raw/SA/1120/documents/67b6f23b571e6bc1171b21c620aa52f0992174d6e926d4acd97ed729a43b4a52.pdf,67b6f23b571e6bc1171b21c620aa52f0992174d6e926d4acd97ed729a43b4a52,
Al Rajhi Bank,SA,1120,2025,,2025-12-31,fy,financial,cash_change,consolidated,{},12364810000,SAR,SAR,https://objectstorage.me-jeddah-1.oraclecloud.com/n/ax0k7s74wvl7/b/Marketing_Email_Images/o/Financial%20ResultsQ4en.pdf,15,,data/raw/SA/1120/documents/67b6f23b571e6bc1171b21c620aa52f0992174d6e926d4acd97ed729a43b4a52.pdf,67b6f23b571e6bc1171b21c620aa52f0992174d6e926d4acd97ed729a43b4a52,
Al Rajhi Bank,SA,1120,2025,,2025-12-31,fy,ratio,cash_conversion_of_earnings,consolidated,{},-0.9012492895126630898253379422,,ratio,https://objectstorage.me-jeddah-1.oraclecloud.com/n/ax0k7s74wvl7/b/Marketing_Email_Images/o/Financial%20ResultsQ4en.pdf,,,data/raw/SA/1120/documents/67b6f23b571e6bc1171b21c620aa52f0992174d6e926d4acd97ed729a43b4a52.pdf,67b6f23b571e6bc1171b21c620aa52f0992174d6e926d4acd97ed729a43b4a52,operating_cash_flow / net_income
Al Rajhi Bank,SA,1120,2025,,2025-12-31,fy,financial,cash_end,consolidated,{},36465221000,SAR,SAR,https://objectstorage.me-jeddah-1.oraclecloud.com/n/ax0k7s74wvl7/b/Marketing_Email_Images/o/Financial%20ResultsQ4en.pdf,15,,data/raw/SA/1120/documents/67b6f23b571e6bc1171b21c620aa52f0992174d6e926d4acd97ed729a43b4a52.pdf,67b6f23b571e6bc1171b21c620aa52f0992174d6e926d4acd97ed729a43b4a52,
Al Rajhi Bank,SA,1120,2025,,2025-12-31,fy,financial,cost_to_income_ratio,consolidated,{},0.2334628375505017206619998765,,ratio,https://objectstorage.me-jeddah-1.oraclecloud.com/n/ax0k7s74wvl7/b/Marketing_Email_Images/o/Financial%20ResultsQ4en.pdf,,,data/raw/SA/1120/documents/67b6f23b571e6bc1171b21c620aa52f0992174d6e926d4acd97ed729a43b4a52.pdf,67b6f23b571e6bc1171b21c620aa52f0992174d6e926d4acd97ed729a43b4a52,abs(operating_expense_banking) / total_operating_income
Al Rajhi Bank,SA,1120,2025,,2025-12-31,instant,financial,customer_deposits,consolidated,{},667287500000,SAR,SAR,https://objectstorage.me-jeddah-1.oraclecloud.com/n/ax0k7s74wvl7/b/Marketing_Email_Images/o/Financial%20ResultsQ4en.pdf,9,,data/raw/SA/1120/documents/67b6f23b571e6bc1171b21c620aa52f0992174d6e926d4acd97ed729a43b4a52.pdf,67b6f23b571e6bc1171b21c620aa52f0992174d6e926d4acd97ed729a43b4a52,
Al Rajhi Bank,SA,1120,2025,,2025-12-31,instant,financial,debt_securities_issued,consolidated,{},79866625000,SAR,SAR,https://objectstorage.me-jeddah-1.oraclecloud.com/n/ax0k7s74wvl7/b/Marketing_Email_Images/o/Financial%20ResultsQ4en.pdf,9,,data/raw/SA/1120/documents/67b6f23b571e6bc1171b21c620aa52f0992174d6e926d4acd97ed729a43b4a52.pdf,67b6f23b571e6bc1171b21c620aa52f0992174d6e926d4acd97ed729a43b4a52,
Al Rajhi Bank,SA,1120,2025,,2025-12-31,fy,financial,depreciation_amortization,consolidated,{},-2369057000,SAR,SAR,https://objectstorage.me-jeddah-1.oraclecloud.com/n/ax0k7s74wvl7/b/Marketing_Email_Images/o/Financial%20ResultsQ4en.pdf,10,,data/raw/SA/1120/documents/67b6f23b571e6bc1171b21c620aa52f0992174d6e926d4acd97ed729a43b4a52.pdf,67b6f23b571e6bc1171b21c620aa52f0992174d6e926d4acd97ed729a43b4a52,
Al Rajhi Bank,SA,1120,2025,,2025-12-31,fy,financial,dividend_coverage_ratio,consolidated,{},2.808202488687782805429864253,,ratio,https://objectstorage.me-jeddah-1.oraclecloud.com/n/ax0k7s74wvl7/b/Marketing_Email_Images/o/Financial%20ResultsQ4en.pdf,,,data/raw/SA/1120/documents/67b6f23b571e6bc1171b21c620aa52f0992174d6e926d4acd97ed729a43b4a52.pdf,67b6f23b571e6bc1171b21c620aa52f0992174d6e926d4acd97ed729a43b4a52,net_income / abs(dividends_paid)
Al Rajhi Bank,SA,1120,2025,,2025-12-31,fy,financial,التوزيعات المدفوعة,consolidated,{},-8840000000,SAR,SAR,https://objectstorage.me-jeddah-1.oraclecloud.com/n/ax0k7s74wvl7/b/Marketing_Email_Images/o/Financial%20ResultsQ4en.pdf,15,,data/raw/SA/1120/documents/67b6f23b571e6bc1171b21c620aa52f0992174d6e926d4acd97ed729a43b4a52.pdf,67b6f23b571e6bc1171b21c620aa52f0992174d6e926d4acd97ed729a43b4a52,
Al Rajhi Bank,SA,1120,2025,,2025-12-31,instant,financial,due_from_banks,consolidated,{},26940586000,SAR,SAR,https://objectstorage.me-jeddah-1.oraclecloud.com/n/ax0k7s74wvl7/b/Marketing_Email_Images/o/Financial%20ResultsQ4en.pdf,9,,data/raw/SA/1120/documents/67b6f23b571e6bc1171b21c620aa52f0992174d6e926d4acd97ed729a43b4a52.pdf,67b6f23b571e6bc1171b21c620aa52f0992174d6e926d4acd97ed729a43b4a52,
Al Rajhi Bank,SA,1120,2025,,2025-12-31,instant,financial,due_to_banks,consolidated,{},117283797000,SAR,SAR,https://objectstorage.me-jeddah-1.oraclecloud.com/n/ax0k7s74wvl7/b/Marketing_Email_Images/o/Financial%20ResultsQ4en.pdf,9,,data/raw/SA/1120/documents/67b6f23b571e6bc1171b21c620aa52f0992174d6e926d4acd97ed729a43b4a52.pdf,67b6f23b571e6bc1171b21c620aa52f0992174d6e926d4acd97ed729a43b4a52,
Al Rajhi Bank,SA,1120,2025,,2025-12-31,fy,ratio,effective_tax_rate,consolidated,{},0.1020739120067874062593682758,,ratio,https://objectstorage.me-jeddah-1.oraclecloud.com/n/ax0k7s74wvl7/b/Marketing_Email_Images/o/Financial%20ResultsQ4en.pdf,,,data/raw/SA/1120/documents/67b6f23b571e6bc1171b21c620aa52f0992174d6e926d4acd97ed729a43b4a52.pdf,67b6f23b571e6bc1171b21c620aa52f0992174d6e926d4acd97ed729a43b4a52,abs(income_taxes_and_zakat) / income_before_income_taxes_and_zakat
Al Rajhi Bank,SA,1120,2025,,2025-12-31,fy,financial,ربحية السهم الأساسية والمخفضة,consolidated,{},5.85,SAR,SAR/share,https://objectstorage.me-jeddah-1.oraclecloud.com/n/ax0k7s74wvl7/b/Marketing_Email_Images/o/Financial%20ResultsQ4en.pdf,10,,data/raw/SA/1120/documents/67b6f23b571e6bc1171b21c620aa52f0992174d6e926d4acd97ed729a43b4a52.pdf,67b6f23b571e6bc1171b21c620aa52f0992174d6e926d4acd97ed729a43b4a52,
Al Rajhi Bank,SA,1120,2025,,2025-12-31,instant,financial,equity_parent,consolidated,{},142762048000,SAR,SAR,https://objectstorage.me-jeddah-1.oraclecloud.com/n/ax0k7s74wvl7/b/Marketing_Email_Images/o/Financial%20ResultsQ4en.pdf,9,,data/raw/SA/1120/documents/67b6f23b571e6bc1171b21c620aa52f0992174d6e926d4acd97ed729a43b4a52.pdf,67b6f23b571e6bc1171b21c620aa52f0992174d6e926d4acd97ed729a43b4a52,
Al Rajhi Bank,SA,1120,2025,,2025-12-31,instant,ratio,equity_ratio,consolidated,{},0.1369852274922526472593463654,,ratio,https://objectstorage.me-jeddah-1.oraclecloud.com/n/ax0k7s74wvl7/b/Marketing_Email_Images/o/Financial%20ResultsQ4en.pdf,,,data/raw/SA/1120/documents/67b6f23b571e6bc1171b21c620aa52f0992174d6e926d4acd97ed729a43b4a52.pdf,67b6f23b571e6bc1171b21c620aa52f0992174d6e926d4acd97ed729a43b4a52,total_equity / total_assets
Al Rajhi Bank,SA,1120,2025,,2025-12-31,fy,financial,exchange_income,consolidated,{},1558950000,SAR,SAR,https://objectstorage.me-jeddah-1.oraclecloud.com/n/ax0k7s74wvl7/b/Marketing_Email_Images/o/Financial%20ResultsQ4en.pdf,10,,data/raw/SA/1120/documents/67b6f23b571e6bc1171b21c620aa52f0992174d6e926d4acd97ed729a43b4a52.pdf,67b6f23b571e6bc1171b21c620aa52f0992174d6e926d4acd97ed729a43b4a52,
Al Rajhi Bank,SA,1120,2025,,2025-12-31,fy,financial,fcf_dividend_coverage_ratio,consolidated,{},2.929462782805429864253393665,,ratio,https://objectstorage.me-jeddah-1.oraclecloud.com/n/ax0k7s74wvl7/b/Marketing_Email_Images/o/Financial%20ResultsQ4en.pdf,,,data/raw/SA/1120/documents/67b6f23b571e6bc1171b21c620aa52f0992174d6e926d4acd97ed729a43b4a52.pdf,67b6f23b571e6bc1171b21c620aa52f0992174d6e926d4acd97ed729a43b4a52,free_cash_flow / abs(dividends_paid)
Al Rajhi Bank,SA,1120,2025,,2025-12-31,fy,financial,fcf_payout_ratio,consolidated,{},0.3413595167924747680676398476,,ratio,https://objectstorage.me-jeddah-1.oraclecloud.com/n/ax0k7s74wvl7/b/Marketing_Email_Images/o/Financial%20ResultsQ4en.pdf,,,data/raw/SA/1120/documents/67b6f23b571e6bc1171b21c620aa52f0992174d6e926d4acd97ed729a43b4a52.pdf,67b6f23b571e6bc1171b21c620aa52f0992174d6e926d4acd97ed729a43b4a52,abs(dividends_paid) / free_cash_flow
Al Rajhi Bank,SA,1120,2025,,2025-12-31,fy,financial,fee_expense,consolidated,{},-6816935000,SAR,SAR,https://objectstorage.me-jeddah-1.oraclecloud.com/n/ax0k7s74wvl7/b/Marketing_Email_Images/o/Financial%20ResultsQ4en.pdf,10,,data/raw/SA/1120/documents/67b6f23b571e6bc1171b21c620aa52f0992174d6e926d4acd97ed729a43b4a52.pdf,67b6f23b571e6bc1171b21c620aa52f0992174d6e926d4acd97ed729a43b4a52,
Al Rajhi Bank,SA,1120,2025,,2025-12-31,fy,financial,fee_income,consolidated,{},12686142000,SAR,SAR,https://objectstorage.me-jeddah-1.oraclecloud.com/n/ax0k7s74wvl7/b/Marketing_Email_Images/o/Financial%20ResultsQ4en.pdf,10,,data/raw/SA/1120/documents/67b6f23b571e6bc1171b21c620aa52f0992174d6e926d4acd97ed729a43b4a52.pdf,67b6f23b571e6bc1171b21c620aa52f0992174d6e926d4acd97ed729a43b4a52,
Al Rajhi Bank,SA,1120,2025,,2025-12-31,fy,financial,financing_cash_flow,consolidated,{},36302349000,SAR,SAR,https://objectstorage.me-jeddah-1.oraclecloud.com/n/ax0k7s74wvl7/b/Marketing_Email_Images/o/Financial%20ResultsQ4en.pdf,15,,data/raw/SA/1120/documents/67b6f23b571e6bc1171b21c620aa52f0992174d6e926d4acd97ed729a43b4a52.pdf,67b6f23b571e6bc1171b21c620aa52f0992174d6e926d4acd97ed729a43b4a52,
Al Rajhi Bank,SA,1120,2025,,2025-12-31,fy,financial,financing_expense,consolidated,{},-26003845000,SAR,SAR,https://objectstorage.me-jeddah-1.oraclecloud.com/n/ax0k7s74wvl7/b/Marketing_Email_Images/o/Financial%20ResultsQ4en.pdf,10,,data/raw/SA/1120/documents/67b6f23b571e6bc1171b21c620aa52f0992174d6e926d4acd97ed729a43b4a52.pdf,67b6f23b571e6bc1171b21c620aa52f0992174d6e926d4acd97ed729a43b4a52,
Al Rajhi Bank,SA,1120,2025,,2025-12-31,fy,financial,financing_income,consolidated,{},55849516000,SAR,SAR,https://objectstorage.me-jeddah-1.oraclecloud.com/n/ax0k7s74wvl7/b/Marketing_Email_Images/o/Financial%20ResultsQ4en.pdf,10,,data/raw/SA/1120/documents/67b6f23b571e6bc1171b21c620aa52f0992174d6e926d4acd97ed729a43b4a52.pdf,67b6f23b571e6bc1171b21c620aa52f0992174d6e926d4acd97ed729a43b4a52,
Al Rajhi Bank,SA,1120,2025,,2025-12-31,fy,calculated,التدفق النقدي الحر,consolidated,{},-25896451000,SAR,SAR,https://objectstorage.me-jeddah-1.oraclecloud.com/n/ax0k7s74wvl7/b/Marketing_Email_Images/o/Financial%20ResultsQ4en.pdf,,,data/raw/SA/1120/documents/67b6f23b571e6bc1171b21c620aa52f0992174d6e926d4acd97ed729a43b4a52.pdf,67b6f23b571e6bc1171b21c620aa52f0992174d6e926d4acd97ed729a43b4a52,operating_cash_flow - abs(capex)
Al Rajhi Bank,SA,1120,2025,,2025-12-31,fy,financial,general_and_administrative_expense,consolidated,{},-2732360000,SAR,SAR,https://objectstorage.me-jeddah-1.oraclecloud.com/n/ax0k7s74wvl7/b/Marketing_Email_Images/o/Financial%20ResultsQ4en.pdf,10,,data/raw/SA/1120/documents/67b6f23b571e6bc1171b21c620aa52f0992174d6e926d4acd97ed729a43b4a52.pdf,67b6f23b571e6bc1171b21c620aa52f0992174d6e926d4acd97ed729a43b4a52,
Al Rajhi Bank,SA,1120,2025,,2025-12-31,fy,financial,الدخل قبل الضرائب والزكاة,consolidated,{},27646496000,SAR,SAR,https://objectstorage.me-jeddah-1.oraclecloud.com/n/ax0k7s74wvl7/b/Marketing_Email_Images/o/Financial%20ResultsQ4en.pdf,10,,data/raw/SA/1120/documents/67b6f23b571e6bc1171b21c620aa52f0992174d6e926d4acd97ed729a43b4a52.pdf,67b6f23b571e6bc1171b21c620aa52f0992174d6e926d4acd97ed729a43b4a52,
Al Rajhi Bank,SA,1120,2025,,2025-12-31,fy,calculated,income_quality,consolidated,{},-0.9012492895126630898253379422,,ratio,https://objectstorage.me-jeddah-1.oraclecloud.com/n/ax0k7s74wvl7/b/Marketing_Email_Images/o/Financial%20ResultsQ4en.pdf,,,data/raw/SA/1120/documents/67b6f23b571e6bc1171b21c620aa52f0992174d6e926d4acd97ed729a43b4a52.pdf,67b6f23b571e6bc1171b21c620aa52f0992174d6e926d4acd97ed729a43b4a52,operating_cash_flow / net_income
Al Rajhi Bank,SA,1120,2025,,2025-12-31,fy,financial,ضرائب الدخل والزكاة,consolidated,{},-2821986000,SAR,SAR,https://objectstorage.me-jeddah-1.oraclecloud.com/n/ax0k7s74wvl7/b/Marketing_Email_Images/o/Financial%20ResultsQ4en.pdf,10,,data/raw/SA/1120/documents/67b6f23b571e6bc1171b21c620aa52f0992174d6e926d4acd97ed729a43b4a52.pdf,67b6f23b571e6bc1171b21c620aa52f0992174d6e926d4acd97ed729a43b4a52,
Al Rajhi Bank,SA,1120,2025,,2025-12-31,fy,financial,investing_cash_flow,consolidated,{},-1564467000,SAR,SAR,https://objectstorage.me-jeddah-1.oraclecloud.com/n/ax0k7s74wvl7/b/Marketing_Email_Images/o/Financial%20ResultsQ4en.pdf,15,,data/raw/SA/1120/documents/67b6f23b571e6bc1171b21c620aa52f0992174d6e926d4acd97ed729a43b4a52.pdf,67b6f23b571e6bc1171b21c620aa52f0992174d6e926d4acd97ed729a43b4a52,
Al Rajhi Bank,SA,1120,2025,,2025-12-31,instant,ratio,liabilities_to_assets,consolidated,{},0.8630147725077473527406536346,,ratio,https://objectstorage.me-jeddah-1.oraclecloud.com/n/ax0k7s74wvl7/b/Marketing_Email_Images/o/Financial%20ResultsQ4en.pdf,,,data/raw/SA/1120/documents/67b6f23b571e6bc1171b21c620aa52f0992174d6e926d4acd97ed729a43b4a52.pdf,67b6f23b571e6bc1171b21c620aa52f0992174d6e926d4acd97ed729a43b4a52,total_liabilities / total_assets
Al Rajhi Bank,SA,1120,2025,,2025-12-31,instant,ratio,الالتزامات إلى حقوق الملكية,consolidated,{},6.300057227386479453541959584,,ratio,https://objectstorage.me-jeddah-1.oraclecloud.com/n/ax0k7s74wvl7/b/Marketing_Email_Images/o/Financial%20ResultsQ4en.pdf,,,data/raw/SA/1120/documents/67b6f23b571e6bc1171b21c620aa52f0992174d6e926d4acd97ed729a43b4a52.pdf,67b6f23b571e6bc1171b21c620aa52f0992174d6e926d4acd97ed729a43b4a52,total_liabilities / total_equity
Al Rajhi Bank,SA,1120,2025,,2025-12-31,instant,financial,loans_to_deposits_ratio,consolidated,{},1.128089243392091115149017477,,ratio,https://objectstorage.me-jeddah-1.oraclecloud.com/n/ax0k7s74wvl7/b/Marketing_Email_Images/o/Financial%20ResultsQ4en.pdf,,,data/raw/SA/1120/documents/67b6f23b571e6bc1171b21c620aa52f0992174d6e926d4acd97ed729a43b4a52.pdf,67b6f23b571e6bc1171b21c620aa52f0992174d6e926d4acd97ed729a43b4a52,net_loans / customer_deposits
Al Rajhi Bank,SA,1120,2025,,2025-12-31,fy,financial,net_financing_income,consolidated,{},29845671000,SAR,SAR,https://objectstorage.me-jeddah-1.oraclecloud.com/n/ax0k7s74wvl7/b/Marketing_Email_Images/o/Financial%20ResultsQ4en.pdf,10,,data/raw/SA/1120/documents/67b6f23b571e6bc1171b21c620aa52f0992174d6e926d4acd97ed729a43b4a52.pdf,67b6f23b571e6bc1171b21c620aa52f0992174d6e926d4acd97ed729a43b4a52,
Al Rajhi Bank,SA,1120,2025,,2025-12-31,fy,financial,صافي الربح,consolidated,{},24824510000,SAR,SAR,https://objectstorage.me-jeddah-1.oraclecloud.com/n/ax0k7s74wvl7/b/Marketing_Email_Images/o/Financial%20ResultsQ4en.pdf,10,,data/raw/SA/1120/documents/67b6f23b571e6bc1171b21c620aa52f0992174d6e926d4acd97ed729a43b4a52.pdf,67b6f23b571e6bc1171b21c620aa52f0992174d6e926d4acd97ed729a43b4a52,
Al Rajhi Bank,SA,1120,2025,,2025-12-31,fy,financial,net_income_noncontrolling,consolidated,{},32756000,SAR,SAR,https://objectstorage.me-jeddah-1.oraclecloud.com/n/ax0k7s74wvl7/b/Marketing_Email_Images/o/Financial%20ResultsQ4en.pdf,10,,data/raw/SA/1120/documents/67b6f23b571e6bc1171b21c620aa52f0992174d6e926d4acd97ed729a43b4a52.pdf,67b6f23b571e6bc1171b21c620aa52f0992174d6e926d4acd97ed729a43b4a52,
Al Rajhi Bank,SA,1120,2025,,2025-12-31,fy,financial,صافي الربح العائد لمساهمي الشركة,consolidated,{},24791754000,SAR,SAR,https://objectstorage.me-jeddah-1.oraclecloud.com/n/ax0k7s74wvl7/b/Marketing_Email_Images/o/Financial%20ResultsQ4en.pdf,10,,data/raw/SA/1120/documents/67b6f23b571e6bc1171b21c620aa52f0992174d6e926d4acd97ed729a43b4a52.pdf,67b6f23b571e6bc1171b21c620aa52f0992174d6e926d4acd97ed729a43b4a52,
Al Rajhi Bank,SA,1120,2025,,2025-12-31,instant,financial,net_loans,consolidated,{},752759851000,SAR,SAR,https://objectstorage.me-jeddah-1.oraclecloud.com/n/ax0k7s74wvl7/b/Marketing_Email_Images/o/Financial%20ResultsQ4en.pdf,9,,data/raw/SA/1120/documents/67b6f23b571e6bc1171b21c620aa52f0992174d6e926d4acd97ed729a43b4a52.pdf,67b6f23b571e6bc1171b21c620aa52f0992174d6e926d4acd97ed729a43b4a52,
Al Rajhi Bank,SA,1120,2025,,2025-12-31,instant,financial,noncontrolling_interests,consolidated,{},150297000,SAR,SAR,https://objectstorage.me-jeddah-1.oraclecloud.com/n/ax0k7s74wvl7/b/Marketing_Email_Images/o/Financial%20ResultsQ4en.pdf,9,,data/raw/SA/1120/documents/67b6f23b571e6bc1171b21c620aa52f0992174d6e926d4acd97ed729a43b4a52.pdf,67b6f23b571e6bc1171b21c620aa52f0992174d6e926d4acd97ed729a43b4a52,
Al Rajhi Bank,SA,1120,2025,,2025-12-31,fy,financial,التدفق النقدي التشغيلي,consolidated,{},-22373072000,SAR,SAR,https://objectstorage.me-jeddah-1.oraclecloud.com/n/ax0k7s74wvl7/b/Marketing_Email_Images/o/Financial%20ResultsQ4en.pdf,14,,data/raw/SA/1120/documents/67b6f23b571e6bc1171b21c620aa52f0992174d6e926d4acd97ed729a43b4a52.pdf,67b6f23b571e6bc1171b21c620aa52f0992174d6e926d4acd97ed729a43b4a52,
Al Rajhi Bank,SA,1120,2025,,2025-12-31,fy,financial,operating_expense_banking,consolidated,{},-9126988000,SAR,SAR,https://objectstorage.me-jeddah-1.oraclecloud.com/n/ax0k7s74wvl7/b/Marketing_Email_Images/o/Financial%20ResultsQ4en.pdf,10,,data/raw/SA/1120/documents/67b6f23b571e6bc1171b21c620aa52f0992174d6e926d4acd97ed729a43b4a52.pdf,67b6f23b571e6bc1171b21c620aa52f0992174d6e926d4acd97ed729a43b4a52,
Al Rajhi Bank,SA,1120,2025,,2025-12-31,fy,financial,other_income,consolidated,{},1820137000,SAR,SAR,https://objectstorage.me-jeddah-1.oraclecloud.com/n/ax0k7s74wvl7/b/Marketing_Email_Images/o/Financial%20ResultsQ4en.pdf,10,,data/raw/SA/1120/documents/67b6f23b571e6bc1171b21c620aa52f0992174d6e926d4acd97ed729a43b4a52.pdf,67b6f23b571e6bc1171b21c620aa52f0992174d6e926d4acd97ed729a43b4a52,
Al Rajhi Bank,SA,1120,2025,,2025-12-31,instant,financial,other_reserves,consolidated,{},581422000,SAR,SAR,https://objectstorage.me-jeddah-1.oraclecloud.com/n/ax0k7s74wvl7/b/Marketing_Email_Images/o/Financial%20ResultsQ4en.pdf,9,,data/raw/SA/1120/documents/67b6f23b571e6bc1171b21c620aa52f0992174d6e926d4acd97ed729a43b4a52.pdf,67b6f23b571e6bc1171b21c620aa52f0992174d6e926d4acd97ed729a43b4a52,
Al Rajhi Bank,SA,1120,2025,,2025-12-31,fy,calculated,payout_ratio,consolidated,{},0.3560996772947381438747431470,,ratio,https://objectstorage.me-jeddah-1.oraclecloud.com/n/ax0k7s74wvl7/b/Marketing_Email_Images/o/Financial%20ResultsQ4en.pdf,,,data/raw/SA/1120/documents/67b6f23b571e6bc1171b21c620aa52f0992174d6e926d4acd97ed729a43b4a52.pdf,67b6f23b571e6bc1171b21c620aa52f0992174d6e926d4acd97ed729a43b4a52,abs(dividends_paid) / net_income
Al Rajhi Bank,SA,1120,2025,,2025-12-31,fy,financial,provision_expense,consolidated,{},-2320481000,SAR,SAR,https://objectstorage.me-jeddah-1.oraclecloud.com/n/ax0k7s74wvl7/b/Marketing_Email_Images/o/Financial%20ResultsQ4en.pdf,10,,data/raw/SA/1120/documents/67b6f23b571e6bc1171b21c620aa52f0992174d6e926d4acd97ed729a43b4a52.pdf,67b6f23b571e6bc1171b21c620aa52f0992174d6e926d4acd97ed729a43b4a52,
Al Rajhi Bank,SA,1120,2025,,2025-12-31,instant,financial,retained_earnings,consolidated,{},34272747000,SAR,SAR,https://objectstorage.me-jeddah-1.oraclecloud.com/n/ax0k7s74wvl7/b/Marketing_Email_Images/o/Financial%20ResultsQ4en.pdf,9,,data/raw/SA/1120/documents/67b6f23b571e6bc1171b21c620aa52f0992174d6e926d4acd97ed729a43b4a52.pdf,67b6f23b571e6bc1171b21c620aa52f0992174d6e926d4acd97ed729a43b4a52,
Al Rajhi Bank,SA,1120,2025,,2025-12-31,fy,financial,salaries_and_employee_expenses,consolidated,{},-4025571000,SAR,SAR,https://objectstorage.me-jeddah-1.oraclecloud.com/n/ax0k7s74wvl7/b/Marketing_Email_Images/o/Financial%20ResultsQ4en.pdf,10,,data/raw/SA/1120/documents/67b6f23b571e6bc1171b21c620aa52f0992174d6e926d4acd97ed729a43b4a52.pdf,67b6f23b571e6bc1171b21c620aa52f0992174d6e926d4acd97ed729a43b4a52,
Al Rajhi Bank,SA,1120,2025,,2025-12-31,instant,financial,share_capital,consolidated,{},40000000000,SAR,SAR,https://objectstorage.me-jeddah-1.oraclecloud.com/n/ax0k7s74wvl7/b/Marketing_Email_Images/o/Financial%20ResultsQ4en.pdf,9,,data/raw/SA/1120/documents/67b6f23b571e6bc1171b21c620aa52f0992174d6e926d4acd97ed729a43b4a52.pdf,67b6f23b571e6bc1171b21c620aa52f0992174d6e926d4acd97ed729a43b4a52,
Al Rajhi Bank,SA,1120,2025,,2025-12-31,instant,financial,statutory_reserve,consolidated,{},40000000000,SAR,SAR,https://objectstorage.me-jeddah-1.oraclecloud.com/n/ax0k7s74wvl7/b/Marketing_Email_Images/o/Financial%20ResultsQ4en.pdf,9,,data/raw/SA/1120/documents/67b6f23b571e6bc1171b21c620aa52f0992174d6e926d4acd97ed729a43b4a52.pdf,67b6f23b571e6bc1171b21c620aa52f0992174d6e926d4acd97ed729a43b4a52,
Al Rajhi Bank,SA,1120,2025,,2025-12-31,instant,financial,tangible_book_value,consolidated,{},142912345000,SAR,SAR,https://objectstorage.me-jeddah-1.oraclecloud.com/n/ax0k7s74wvl7/b/Marketing_Email_Images/o/Financial%20ResultsQ4en.pdf,,,data/raw/SA/1120/documents/67b6f23b571e6bc1171b21c620aa52f0992174d6e926d4acd97ed729a43b4a52.pdf,67b6f23b571e6bc1171b21c620aa52f0992174d6e926d4acd97ed729a43b4a52,total_equity - intangible_assets
Al Rajhi Bank,SA,1120,2025,,2025-12-31,instant,financial,إجمالي الأصول,consolidated,{},1043268297000,SAR,SAR,https://objectstorage.me-jeddah-1.oraclecloud.com/n/ax0k7s74wvl7/b/Marketing_Email_Images/o/Financial%20ResultsQ4en.pdf,9,,data/raw/SA/1120/documents/67b6f23b571e6bc1171b21c620aa52f0992174d6e926d4acd97ed729a43b4a52.pdf,67b6f23b571e6bc1171b21c620aa52f0992174d6e926d4acd97ed729a43b4a52,
Al Rajhi Bank,SA,1120,2025,,2025-12-31,instant,financial,حقوق الملكية,consolidated,{},142912345000,SAR,SAR,https://objectstorage.me-jeddah-1.oraclecloud.com/n/ax0k7s74wvl7/b/Marketing_Email_Images/o/Financial%20ResultsQ4en.pdf,9,,data/raw/SA/1120/documents/67b6f23b571e6bc1171b21c620aa52f0992174d6e926d4acd97ed729a43b4a52.pdf,67b6f23b571e6bc1171b21c620aa52f0992174d6e926d4acd97ed729a43b4a52,
Al Rajhi Bank,SA,1120,2025,,2025-12-31,instant,financial,إجمالي الالتزامات,consolidated,{},900355952000,SAR,SAR,https://objectstorage.me-jeddah-1.oraclecloud.com/n/ax0k7s74wvl7/b/Marketing_Email_Images/o/Financial%20ResultsQ4en.pdf,9,,data/raw/SA/1120/documents/67b6f23b571e6bc1171b21c620aa52f0992174d6e926d4acd97ed729a43b4a52.pdf,67b6f23b571e6bc1171b21c620aa52f0992174d6e926d4acd97ed729a43b4a52,
Al Rajhi Bank,SA,1120,2025,,2025-12-31,instant,financial,total_liabilities_equity,consolidated,{},1043268297000,SAR,SAR,https://objectstorage.me-jeddah-1.oraclecloud.com/n/ax0k7s74wvl7/b/Marketing_Email_Images/o/Financial%20ResultsQ4en.pdf,9,,data/raw/SA/1120/documents/67b6f23b571e6bc1171b21c620aa52f0992174d6e926d4acd97ed729a43b4a52.pdf,67b6f23b571e6bc1171b21c620aa52f0992174d6e926d4acd97ed729a43b4a52,
Al Rajhi Bank,SA,1120,2025,,2025-12-31,fy,financial,total_operating_expenses,consolidated,{},-11447469000,SAR,SAR,https://objectstorage.me-jeddah-1.oraclecloud.com/n/ax0k7s74wvl7/b/Marketing_Email_Images/o/Financial%20ResultsQ4en.pdf,10,,data/raw/SA/1120/documents/67b6f23b571e6bc1171b21c620aa52f0992174d6e926d4acd97ed729a43b4a52.pdf,67b6f23b571e6bc1171b21c620aa52f0992174d6e926d4acd97ed729a43b4a52,
Al Rajhi Bank,SA,1120,2025,,2025-12-31,fy,financial,total_operating_income,consolidated,{},39093965000,SAR,SAR,https://objectstorage.me-jeddah-1.oraclecloud.com/n/ax0k7s74wvl7/b/Marketing_Email_Images/o/Financial%20ResultsQ4en.pdf,10,,data/raw/SA/1120/documents/67b6f23b571e6bc1171b21c620aa52f0992174d6e926d4acd97ed729a43b4a52.pdf,67b6f23b571e6bc1171b21c620aa52f0992174d6e926d4acd97ed729a43b4a52,
Saudi Basic Industries Corporation (SABIC),SA,2010,2025,,2025-12-31,instant,financial,accounts_payable,consolidated,{},17103449000,SAR,SAR,https://www.sabic.com/en/Images/SABIC-Integrated-Annual-Report-2025-EN_tcm1010-49452.pdf,132,,data\raw\SA\2010\documents\888b4c0373f7da9588dc393a44c8d5682c0f2206bdfc8185ad4d9a37bf8ba6aa.pdf,888b4c0373f7da9588dc393a44c8d5682c0f2206bdfc8185ad4d9a37bf8ba6aa,
Saudi Basic Industries Corporation (SABIC),SA,2010,2025,,2025-12-31,instant,financial,accounts_receivable,consolidated,{},16675007000,SAR,SAR,https://www.sabic.com/en/Images/SABIC-Integrated-Annual-Report-2025-EN_tcm1010-49452.pdf,132,,data\raw\SA\2010\documents\888b4c0373f7da9588dc393a44c8d5682c0f2206bdfc8185ad4d9a37bf8ba6aa.pdf,888b4c0373f7da9588dc393a44c8d5682c0f2206bdfc8185ad4d9a37bf8ba6aa,
Saudi Basic Industries Corporation (SABIC),SA,2010,2025,,2025-12-31,fy,calculated,accrual_ratio,consolidated,{},-0.1665381327439822482412648896,,ratio,https://www.sabic.com/en/Images/SABIC-Integrated-Annual-Report-2025-EN_tcm1010-49452.pdf,,,data\raw\SA\2010\documents\888b4c0373f7da9588dc393a44c8d5682c0f2206bdfc8185ad4d9a37bf8ba6aa.pdf,888b4c0373f7da9588dc393a44c8d5682c0f2206bdfc8185ad4d9a37bf8ba6aa,(net_income - operating_cash_flow) / total_assets
Saudi Basic Industries Corporation (SABIC),SA,2010,2025,,2025-12-31,instant,financial,accrued_expenses,consolidated,{},4095437000,SAR,SAR,https://www.sabic.com/en/Images/SABIC-Integrated-Annual-Report-2025-EN_tcm1010-49452.pdf,193,Other liabilities,data\raw\SA\2010\documents\888b4c0373f7da9588dc393a44c8d5682c0f2206bdfc8185ad4d9a37bf8ba6aa.pdf,888b4c0373f7da9588dc393a44c8d5682c0f2206bdfc8185ad4d9a37bf8ba6aa,
Saudi Basic Industries Corporation (SABIC),SA,2010,2025,,2025-12-31,instant,financial,accumulated_depreciation,consolidated,{},-150348581000,SAR,SAR,https://www.sabic.com/en/Images/SABIC-Integrated-Annual-Report-2025-EN_tcm1010-49452.pdf,155,"Property, plant and equipment",data\raw\SA\2010\documents\888b4c0373f7da9588dc393a44c8d5682c0f2206bdfc8185ad4d9a37bf8ba6aa.pdf,888b4c0373f7da9588dc393a44c8d5682c0f2206bdfc8185ad4d9a37bf8ba6aa,
Saudi Basic Industries Corporation (SABIC),SA,2010,2025,,2025-12-31,instant,financial,accumulated_depreciation_by_class,consolidated,"{""asset_class"":""Land and buildings""}",-9004680000,SAR,SAR,https://www.sabic.com/en/Images/SABIC-Integrated-Annual-Report-2025-EN_tcm1010-49452.pdf,155,Property plant and equipment by class,data\raw\SA\2010\documents\888b4c0373f7da9588dc393a44c8d5682c0f2206bdfc8185ad4d9a37bf8ba6aa.pdf,888b4c0373f7da9588dc393a44c8d5682c0f2206bdfc8185ad4d9a37bf8ba6aa,
Saudi Basic Industries Corporation (SABIC),SA,2010,2025,,2025-12-31,instant,financial,accumulated_depreciation_by_class,consolidated,"{""asset_class"":""Plant and equipment""}",-138935593000,SAR,SAR,https://www.sabic.com/en/Images/SABIC-Integrated-Annual-Report-2025-EN_tcm1010-49452.pdf,155,Property plant and equipment by class,data\raw\SA\2010\documents\888b4c0373f7da9588dc393a44c8d5682c0f2206bdfc8185ad4d9a37bf8ba6aa.pdf,888b4c0373f7da9588dc393a44c8d5682c0f2206bdfc8185ad4d9a37bf8ba6aa,
Saudi Basic Industries Corporation (SABIC),SA,2010,2025,,2025-12-31,instant,financial,accumulated_depreciation_by_class,consolidated,"{""asset_class"":""Furniture and fixtures""}",-774063000,SAR,SAR,https://www.sabic.com/en/Images/SABIC-Integrated-Annual-Report-2025-EN_tcm1010-49452.pdf,155,Property plant and equipment by class,data\raw\SA\2010\documents\888b4c0373f7da9588dc393a44c8d5682c0f2206bdfc8185ad4d9a37bf8ba6aa.pdf,888b4c0373f7da9588dc393a44c8d5682c0f2206bdfc8185ad4d9a37bf8ba6aa,
Saudi Basic Industries Corporation (SABIC),SA,2010,2025,,2025-12-31,instant,financial,accumulated_depreciation_by_class,consolidated,"{""asset_class"":""Vehicles""}",-489716000,SAR,SAR,https://www.sabic.com/en/Images/SABIC-Integrated-Annual-Report-2025-EN_tcm1010-49452.pdf,155,Property plant and equipment by class,data\raw\SA\2010\documents\888b4c0373f7da9588dc393a44c8d5682c0f2206bdfc8185ad4d9a37bf8ba6aa.pdf,888b4c0373f7da9588dc393a44c8d5682c0f2206bdfc8185ad4d9a37bf8ba6aa,
Saudi Basic Industries Corporation (SABIC),SA,2010,2025,,2025-12-31,instant,financial,accumulated_depreciation_by_class,consolidated,"{""asset_class"":""Assets under construction""}",-1144529000,SAR,SAR,https://www.sabic.com/en/Images/SABIC-Integrated-Annual-Report-2025-EN_tcm1010-49452.pdf,155,Property plant and equipment by class,data\raw\SA\2010\documents\888b4c0373f7da9588dc393a44c8d5682c0f2206bdfc8185ad4d9a37bf8ba6aa.pdf,888b4c0373f7da9588dc393a44c8d5682c0f2206bdfc8185ad4d9a37bf8ba6aa,
Saudi Basic Industries Corporation (SABIC),SA,2010,2025,,2025-12-31,fy,operational,active_suppliers_count,consolidated,{},25038,SAR,count,https://www.sabic.com/en/Images/SABIC-Integrated-Annual-Report-2025-EN_tcm1010-49452.pdf,233,Sustainability performance summary,data\raw\SA\2010\documents\888b4c0373f7da9588dc393a44c8d5682c0f2206bdfc8185ad4d9a37bf8ba6aa.pdf,888b4c0373f7da9588dc393a44c8d5682c0f2206bdfc8185ad4d9a37bf8ba6aa,
Saudi Basic Industries Corporation (SABIC),SA,2010,2025,,2025-12-31,fy,financial,actuarial_gain_loss,consolidated,{},245085000,SAR,SAR,https://www.sabic.com/en/Images/SABIC-Integrated-Annual-Report-2025-EN_tcm1010-49452.pdf,187,Employee benefits movement,data\raw\SA\2010\documents\888b4c0373f7da9588dc393a44c8d5682c0f2206bdfc8185ad4d9a37bf8ba6aa.pdf,888b4c0373f7da9588dc393a44c8d5682c0f2206bdfc8185ad4d9a37bf8ba6aa,
Saudi Basic Industries Corporation (SABIC),SA,2010,2025,,2025-12-31,fy,financial,adjusted_ebitda,consolidated,{},17880000000.00,SAR,SAR,https://www.sabic.com/en/Images/SABIC-Integrated-Annual-Report-2025-EN_tcm1010-49452.pdf,39,2025 financial highlights,data\raw\SA\2010\documents\888b4c0373f7da9588dc393a44c8d5682c0f2206bdfc8185ad4d9a37bf8ba6aa.pdf,888b4c0373f7da9588dc393a44c8d5682c0f2206bdfc8185ad4d9a37bf8ba6aa,
Saudi Basic Industries Corporation (SABIC),SA,2010,2025,,2025-12-31,fy,financial,صافي الربح المعدل,consolidated,"{""basis"":""continuing_operations""}",2070000000.00,SAR,SAR,https://www.sabic.com/en/Images/SABIC-Integrated-Annual-Report-2025-EN_tcm1010-49452.pdf,39,2025 financial highlights,data\raw\SA\2010\documents\888b4c0373f7da9588dc393a44c8d5682c0f2206bdfc8185ad4d9a37bf8ba6aa.pdf,888b4c0373f7da9588dc393a44c8d5682c0f2206bdfc8185ad4d9a37bf8ba6aa,
Saudi Basic Industries Corporation (SABIC),SA,2010,2025,,2025-12-31,fy,operational,agri_nutrients_capex,consolidated,{},788983000,SAR,SAR,https://www.sabic.com/en/Images/SABIC-Integrated-Annual-Report-2025-EN_tcm1010-49452.pdf,207,Segment information,data\raw\SA\2010\documents\888b4c0373f7da9588dc393a44c8d5682c0f2206bdfc8185ad4d9a37bf8ba6aa.pdf,888b4c0373f7da9588dc393a44c8d5682c0f2206bdfc8185ad4d9a37bf8ba6aa,
Saudi Basic Industries Corporation (SABIC),SA,2010,2025,,2025-12-31,fy,operational,agri_nutrients_ebitda,consolidated,{},4890000000.00,SAR,SAR,https://www.sabic.com/en/Images/SABIC-Integrated-Annual-Report-2025-EN_tcm1010-49452.pdf,47,Business segment review,data\raw\SA\2010\documents\888b4c0373f7da9588dc393a44c8d5682c0f2206bdfc8185ad4d9a37bf8ba6aa.pdf,888b4c0373f7da9588dc393a44c8d5682c0f2206bdfc8185ad4d9a37bf8ba6aa,
Saudi Basic Industries Corporation (SABIC),SA,2010,2025,,2025-12-31,fy,operational,agri_nutrients_revenue,consolidated,{},12589536000,SAR,SAR,https://www.sabic.com/en/Images/SABIC-Integrated-Annual-Report-2025-EN_tcm1010-49452.pdf,207,Segment information,data\raw\SA\2010\documents\888b4c0373f7da9588dc393a44c8d5682c0f2206bdfc8185ad4d9a37bf8ba6aa.pdf,888b4c0373f7da9588dc393a44c8d5682c0f2206bdfc8185ad4d9a37bf8ba6aa,
Saudi Basic Industries Corporation (SABIC),SA,2010,2025,,2025-12-31,fy,operational,agri_nutrients_sales_volume,consolidated,{},7.2,SAR,million_tonnes,https://www.sabic.com/en/Images/SABIC-Integrated-Annual-Report-2025-EN_tcm1010-49452.pdf,47,Total operational footprint,data\raw\SA\2010\documents\888b4c0373f7da9588dc393a44c8d5682c0f2206bdfc8185ad4d9a37bf8ba6aa.pdf,888b4c0373f7da9588dc393a44c8d5682c0f2206bdfc8185ad4d9a37bf8ba6aa,
Saudi Basic Industries Corporation (SABIC),SA,2010,2025,,2025-12-31,instant,financial,allowance_doubtful_accounts,consolidated,{},148288000,SAR,SAR,https://www.sabic.com/en/Images/SABIC-Integrated-Annual-Report-2025-EN_tcm1010-49452.pdf,177,Trade receivables,data\raw\SA\2010\documents\888b4c0373f7da9588dc393a44c8d5682c0f2206bdfc8185ad4d9a37bf8ba6aa.pdf,888b4c0373f7da9588dc393a44c8d5682c0f2206bdfc8185ad4d9a37bf8ba6aa,
Saudi Basic Industries Corporation (SABIC),SA,2010,2025,,2025-12-31,fy,calculated,altman_z_score,consolidated,{},7.569639449405281634008939451,,score,https://www.sabic.com/en/Images/SABIC-Integrated-Annual-Report-2025-EN_tcm1010-49452.pdf,,,data\raw\SA\2010\documents\888b4c0373f7da9588dc393a44c8d5682c0f2206bdfc8185ad4d9a37bf8ba6aa.pdf,888b4c0373f7da9588dc393a44c8d5682c0f2206bdfc8185ad4d9a37bf8ba6aa,3.25 + 6.56*(working_capital/total_assets) + 3.26*(retained_earnings/total_assets) + 6.72*(ebit/total_assets) + 1.05*(total_equity/total_liabilities)
Saudi Basic Industries Corporation (SABIC),SA,2010,2025,,2025-12-31,fy,financial,amortization_expense,consolidated,{},392474000,SAR,SAR,https://www.sabic.com/en/Images/SABIC-Integrated-Annual-Report-2025-EN_tcm1010-49452.pdf,160,Intangible assets,data\raw\SA\2010\documents\888b4c0373f7da9588dc393a44c8d5682c0f2206bdfc8185ad4d9a37bf8ba6aa.pdf,888b4c0373f7da9588dc393a44c8d5682c0f2206bdfc8185ad4d9a37bf8ba6aa,
Saudi Basic Industries Corporation (SABIC),SA,2010,2025,,2025-12-31,instant,calculated,asset_growth,consolidated,{},-0.1198068515611063294241407474,,ratio,https://www.sabic.com/en/Images/SABIC-Integrated-Annual-Report-2025-EN_tcm1010-49452.pdf,,,data\raw\SA\2010\documents\888b4c0373f7da9588dc393a44c8d5682c0f2206bdfc8185ad4d9a37bf8ba6aa.pdf,888b4c0373f7da9588dc393a44c8d5682c0f2206bdfc8185ad4d9a37bf8ba6aa,total_assets / prior_fy(total_assets) - 1
Saudi Basic Industries Corporation (SABIC),SA,2010,2025,,2025-12-31,fy,ratio,asset_turnover,consolidated,{},0.4465970414246902751245816617,,ratio,https://www.sabic.com/en/Images/SABIC-Integrated-Annual-Report-2025-EN_tcm1010-49452.pdf,,,data\raw\SA\2010\documents\888b4c0373f7da9588dc393a44c8d5682c0f2206bdfc8185ad4d9a37bf8ba6aa.pdf,888b4c0373f7da9588dc393a44c8d5682c0f2206bdfc8185ad4d9a37bf8ba6aa,revenue / average(total_assets)
Saudi Basic Industries Corporation (SABIC),SA,2010,2025,,2025-12-31,instant,financial,assets_held_for_sale,consolidated,{},8961521000,SAR,SAR,https://www.sabic.com/en/Images/SABIC-Integrated-Annual-Report-2025-EN_tcm1010-49452.pdf,132,,data\raw\SA\2010\documents\888b4c0373f7da9588dc393a44c8d5682c0f2206bdfc8185ad4d9a37bf8ba6aa.pdf,888b4c0373f7da9588dc393a44c8d5682c0f2206bdfc8185ad4d9a37bf8ba6aa,
Saudi Basic Industries Corporation (SABIC),SA,2010,2025,,2025-12-31,fy,financial,basic_eps,consolidated,{},-8.59,SAR,SAR/share,https://www.sabic.com/en/Images/SABIC-Integrated-Annual-Report-2025-EN_tcm1010-49452.pdf,133,Consolidated statement of income,data\raw\SA\2010\documents\888b4c0373f7da9588dc393a44c8d5682c0f2206bdfc8185ad4d9a37bf8ba6aa.pdf,888b4c0373f7da9588dc393a44c8d5682c0f2206bdfc8185ad4d9a37bf8ba6aa,
Saudi Basic Industries Corporation (SABIC),SA,2010,2025,,2025-12-31,instant,financial,bonds_sukuk,consolidated,{},7539480000,SAR,SAR,https://www.sabic.com/en/Images/SABIC-Integrated-Annual-Report-2025-EN_tcm1010-49452.pdf,184,Debt,data\raw\SA\2010\documents\888b4c0373f7da9588dc393a44c8d5682c0f2206bdfc8185ad4d9a37bf8ba6aa.pdf,888b4c0373f7da9588dc393a44c8d5682c0f2206bdfc8185ad4d9a37bf8ba6aa,
Saudi Basic Industries Corporation (SABIC),SA,2010,2025,,2025-12-31,instant,financial,book_value_per_share,consolidated,{},51.60651366666666666666666667,SAR,SAR/share,https://www.sabic.com/en/Images/SABIC-Integrated-Annual-Report-2025-EN_tcm1010-49452.pdf,,,data\raw\SA\2010\documents\888b4c0373f7da9588dc393a44c8d5682c0f2206bdfc8185ad4d9a37bf8ba6aa.pdf,888b4c0373f7da9588dc393a44c8d5682c0f2206bdfc8185ad4d9a37bf8ba6aa,total_equity / shares_outstanding
Saudi Basic Industries Corporation (SABIC),SA,2010,2025,,2025-12-31,instant,financial,borrowings_by_instrument,consolidated,"{""instrument"":""Bonds""}",7539480000,SAR,SAR,https://www.sabic.com/en/Images/SABIC-Integrated-Annual-Report-2025-EN_tcm1010-49452.pdf,184,Debt,data\raw\SA\2010\documents\888b4c0373f7da9588dc393a44c8d5682c0f2206bdfc8185ad4d9a37bf8ba6aa.pdf,888b4c0373f7da9588dc393a44c8d5682c0f2206bdfc8185ad4d9a37bf8ba6aa,
Saudi Basic Industries Corporation (SABIC),SA,2010,2025,,2025-12-31,instant,financial,borrowings_by_instrument,consolidated,"{""instrument"":""Murabaha""}",15195578000,SAR,SAR,https://www.sabic.com/en/Images/SABIC-Integrated-Annual-Report-2025-EN_tcm1010-49452.pdf,184,Debt,data\raw\SA\2010\documents\888b4c0373f7da9588dc393a44c8d5682c0f2206bdfc8185ad4d9a37bf8ba6aa.pdf,888b4c0373f7da9588dc393a44c8d5682c0f2206bdfc8185ad4d9a37bf8ba6aa,
Saudi Basic Industries Corporation (SABIC),SA,2010,2025,,2025-12-31,instant,financial,borrowings_by_instrument,consolidated,"{""instrument"":""Related party borrowings""}",10397294000,SAR,SAR,https://www.sabic.com/en/Images/SABIC-Integrated-Annual-Report-2025-EN_tcm1010-49452.pdf,184,Debt,data\raw\SA\2010\documents\888b4c0373f7da9588dc393a44c8d5682c0f2206bdfc8185ad4d9a37bf8ba6aa.pdf,888b4c0373f7da9588dc393a44c8d5682c0f2206bdfc8185ad4d9a37bf8ba6aa,
Saudi Basic Industries Corporation (SABIC),SA,2010,2025,,2025-12-31,instant,financial,borrowings_by_instrument,consolidated,"{""instrument"":""Commercial loans""}",116839000,SAR,SAR,https://www.sabic.com/en/Images/SABIC-Integrated-Annual-Report-2025-EN_tcm1010-49452.pdf,184,Debt,data\raw\SA\2010\documents\888b4c0373f7da9588dc393a44c8d5682c0f2206bdfc8185ad4d9a37bf8ba6aa.pdf,888b4c0373f7da9588dc393a44c8d5682c0f2206bdfc8185ad4d9a37bf8ba6aa,
Saudi Basic Industries Corporation (SABIC),SA,2010,2025,,2025-12-31,instant,financial,borrowings_by_instrument,consolidated,"{""instrument"":""SIDF""}",297172000,SAR,SAR,https://www.sabic.com/en/Images/SABIC-Integrated-Annual-Report-2025-EN_tcm1010-49452.pdf,184,Debt,data\raw\SA\2010\documents\888b4c0373f7da9588dc393a44c8d5682c0f2206bdfc8185ad4d9a37bf8ba6aa.pdf,888b4c0373f7da9588dc393a44c8d5682c0f2206bdfc8185ad4d9a37bf8ba6aa,
Saudi Basic Industries Corporation (SABIC),SA,2010,2025,,2025-12-31,instant,financial,borrowings_by_instrument,consolidated,"{""instrument"":""Bank overdraft""}",599000,SAR,SAR,https://www.sabic.com/en/Images/SABIC-Integrated-Annual-Report-2025-EN_tcm1010-49452.pdf,184,Debt,data\raw\SA\2010\documents\888b4c0373f7da9588dc393a44c8d5682c0f2206bdfc8185ad4d9a37bf8ba6aa.pdf,888b4c0373f7da9588dc393a44c8d5682c0f2206bdfc8185ad4d9a37bf8ba6aa,
Saudi Basic Industries Corporation (SABIC),SA,2010,2025,,2025-12-31,instant,financial,borrowings_by_maturity,consolidated,"{""instrument"":""Debt excluding leases"",""maturity_band"":""Within 1 year""}",10973221000,SAR,SAR,https://www.sabic.com/en/Images/SABIC-Integrated-Annual-Report-2025-EN_tcm1010-49452.pdf,211,Liquidity risk maturity profile,data\raw\SA\2010\documents\888b4c0373f7da9588dc393a44c8d5682c0f2206bdfc8185ad4d9a37bf8ba6aa.pdf,888b4c0373f7da9588dc393a44c8d5682c0f2206bdfc8185ad4d9a37bf8ba6aa,
Saudi Basic Industries Corporation (SABIC),SA,2010,2025,,2025-12-31,instant,financial,borrowings_by_maturity,consolidated,"{""instrument"":""Debt excluding leases"",""maturity_band"":""1-2 years""}",895631000,SAR,SAR,https://www.sabic.com/en/Images/SABIC-Integrated-Annual-Report-2025-EN_tcm1010-49452.pdf,211,Liquidity risk maturity profile,data\raw\SA\2010\documents\888b4c0373f7da9588dc393a44c8d5682c0f2206bdfc8185ad4d9a37bf8ba6aa.pdf,888b4c0373f7da9588dc393a44c8d5682c0f2206bdfc8185ad4d9a37bf8ba6aa,
Saudi Basic Industries Corporation (SABIC),SA,2010,2025,,2025-12-31,instant,financial,borrowings_by_maturity,consolidated,"{""instrument"":""Debt excluding leases"",""maturity_band"":""2-5 years""}",10448095000,SAR,SAR,https://www.sabic.com/en/Images/SABIC-Integrated-Annual-Report-2025-EN_tcm1010-49452.pdf,211,Liquidity risk maturity profile,data\raw\SA\2010\documents\888b4c0373f7da9588dc393a44c8d5682c0f2206bdfc8185ad4d9a37bf8ba6aa.pdf,888b4c0373f7da9588dc393a44c8d5682c0f2206bdfc8185ad4d9a37bf8ba6aa,
Saudi Basic Industries Corporation (SABIC),SA,2010,2025,,2025-12-31,instant,financial,borrowings_by_maturity,consolidated,"{""instrument"":""Debt excluding leases"",""maturity_band"":""More than 5 years""}",10132000000,SAR,SAR,https://www.sabic.com/en/Images/SABIC-Integrated-Annual-Report-2025-EN_tcm1010-49452.pdf,211,Liquidity risk maturity profile,data\raw\SA\2010\documents\888b4c0373f7da9588dc393a44c8d5682c0f2206bdfc8185ad4d9a37bf8ba6aa.pdf,888b4c0373f7da9588dc393a44c8d5682c0f2206bdfc8185ad4d9a37bf8ba6aa,
Saudi Basic Industries Corporation (SABIC),SA,2010,2025,,2025-12-31,fy,financial,النفقات الرأسمالية,consolidated,{},8750028000,SAR,SAR,https://www.sabic.com/en/Images/SABIC-Integrated-Annual-Report-2025-EN_tcm1010-49452.pdf,137,,data\raw\SA\2010\documents\888b4c0373f7da9588dc393a44c8d5682c0f2206bdfc8185ad4d9a37bf8ba6aa.pdf,888b4c0373f7da9588dc393a44c8d5682c0f2206bdfc8185ad4d9a37bf8ba6aa,
Saudi Basic Industries Corporation (SABIC),SA,2010,2025,,2025-12-31,fy,financial,capex_per_share,consolidated,{},2.916676,SAR,SAR/share,https://www.sabic.com/en/Images/SABIC-Integrated-Annual-Report-2025-EN_tcm1010-49452.pdf,,,data\raw\SA\2010\documents\888b4c0373f7da9588dc393a44c8d5682c0f2206bdfc8185ad4d9a37bf8ba6aa.pdf,888b4c0373f7da9588dc393a44c8d5682c0f2206bdfc8185ad4d9a37bf8ba6aa,capex / weighted_average_shares
Saudi Basic Industries Corporation (SABIC),SA,2010,2025,,2025-12-31,fy,ratio,capex_to_cfo,consolidated,{},0.5482817562680466362583267284,,ratio,https://www.sabic.com/en/Images/SABIC-Integrated-Annual-Report-2025-EN_tcm1010-49452.pdf,,,data\raw\SA\2010\documents\888b4c0373f7da9588dc393a44c8d5682c0f2206bdfc8185ad4d9a37bf8ba6aa.pdf,888b4c0373f7da9588dc393a44c8d5682c0f2206bdfc8185ad4d9a37bf8ba6aa,abs(capex) / operating_cash_flow
Saudi Basic Industries Corporation (SABIC),SA,2010,2025,,2025-12-31,fy,ratio,capex_to_revenue,consolidated,{},0.07509128453520797653287296258,,ratio,https://www.sabic.com/en/Images/SABIC-Integrated-Annual-Report-2025-EN_tcm1010-49452.pdf,,,data\raw\SA\2010\documents\888b4c0373f7da9588dc393a44c8d5682c0f2206bdfc8185ad4d9a37bf8ba6aa.pdf,888b4c0373f7da9588dc393a44c8d5682c0f2206bdfc8185ad4d9a37bf8ba6aa,abs(capex) / revenue
Saudi Basic Industries Corporation (SABIC),SA,2010,2025,,2025-12-31,instant,financial,capital_commitments,consolidated,{},6503000000,SAR,SAR,https://www.sabic.com/en/Images/SABIC-Integrated-Annual-Report-2025-EN_tcm1010-49452.pdf,213,Commitments and contingencies,data\raw\SA\2010\documents\888b4c0373f7da9588dc393a44c8d5682c0f2206bdfc8185ad4d9a37bf8ba6aa.pdf,888b4c0373f7da9588dc393a44c8d5682c0f2206bdfc8185ad4d9a37bf8ba6aa,
Saudi Basic Industries Corporation (SABIC),SA,2010,2025,,2025-12-31,instant,financial,النقد وما في حكمه,consolidated,{},27746328000,SAR,SAR,https://www.sabic.com/en/Images/SABIC-Integrated-Annual-Report-2025-EN_tcm1010-49452.pdf,132,,data\raw\SA\2010\documents\888b4c0373f7da9588dc393a44c8d5682c0f2206bdfc8185ad4d9a37bf8ba6aa.pdf,888b4c0373f7da9588dc393a44c8d5682c0f2206bdfc8185ad4d9a37bf8ba6aa,
Saudi Basic Industries Corporation (SABIC),SA,2010,2025,,2025-12-31,fy,financial,cash_beginning,consolidated,{},30536409000,SAR,SAR,https://www.sabic.com/en/Images/SABIC-Integrated-Annual-Report-2025-EN_tcm1010-49452.pdf,137,,data\raw\SA\2010\documents\888b4c0373f7da9588dc393a44c8d5682c0f2206bdfc8185ad4d9a37bf8ba6aa.pdf,888b4c0373f7da9588dc393a44c8d5682c0f2206bdfc8185ad4d9a37bf8ba6aa,
Saudi Basic Industries Corporation (SABIC),SA,2010,2025,,2025-12-31,fy,financial,cash_change,consolidated,{},-2631911000,SAR,SAR,https://www.sabic.com/en/Images/SABIC-Integrated-Annual-Report-2025-EN_tcm1010-49452.pdf,137,,data\raw\SA\2010\documents\888b4c0373f7da9588dc393a44c8d5682c0f2206bdfc8185ad4d9a37bf8ba6aa.pdf,888b4c0373f7da9588dc393a44c8d5682c0f2206bdfc8185ad4d9a37bf8ba6aa,
Saudi Basic Industries Corporation (SABIC),SA,2010,2025,,2025-12-31,fy,ratio,cash_conversion_of_earnings,consolidated,{},-0.6454609078127751520467207114,,ratio,https://www.sabic.com/en/Images/SABIC-Integrated-Annual-Report-2025-EN_tcm1010-49452.pdf,,,data\raw\SA\2010\documents\888b4c0373f7da9588dc393a44c8d5682c0f2206bdfc8185ad4d9a37bf8ba6aa.pdf,888b4c0373f7da9588dc393a44c8d5682c0f2206bdfc8185ad4d9a37bf8ba6aa,operating_cash_flow / net_income
Saudi Basic Industries Corporation (SABIC),SA,2010,2025,,2025-12-31,fy,financial,cash_end,consolidated,{},27950605000,SAR,SAR,https://www.sabic.com/en/Images/SABIC-Integrated-Annual-Report-2025-EN_tcm1010-49452.pdf,137,,data\raw\SA\2010\documents\888b4c0373f7da9588dc393a44c8d5682c0f2206bdfc8185ad4d9a37bf8ba6aa.pdf,888b4c0373f7da9588dc393a44c8d5682c0f2206bdfc8185ad4d9a37bf8ba6aa,
Saudi Basic Industries Corporation (SABIC),SA,2010,2025,,2025-12-31,instant,financial,cash_equivalents,consolidated,{},16897107000,SAR,SAR,https://www.sabic.com/en/Images/SABIC-Integrated-Annual-Report-2025-EN_tcm1010-49452.pdf,178,Cash and cash equivalents,data\raw\SA\2010\documents\888b4c0373f7da9588dc393a44c8d5682c0f2206bdfc8185ad4d9a37bf8ba6aa.pdf,888b4c0373f7da9588dc393a44c8d5682c0f2206bdfc8185ad4d9a37bf8ba6aa,
Saudi Basic Industries Corporation (SABIC),SA,2010,2025,,2025-12-31,instant,financial,cash_per_share,consolidated,{},9.248776,SAR,SAR/share,https://www.sabic.com/en/Images/SABIC-Integrated-Annual-Report-2025-EN_tcm1010-49452.pdf,,,data\raw\SA\2010\documents\888b4c0373f7da9588dc393a44c8d5682c0f2206bdfc8185ad4d9a37bf8ba6aa.pdf,888b4c0373f7da9588dc393a44c8d5682c0f2206bdfc8185ad4d9a37bf8ba6aa,cash / weighted_average_shares
Saudi Basic Industries Corporation (SABIC),SA,2010,2025,,2025-12-31,instant,ratio,cash_ratio,consolidated,{},0.5704983817907852996481317129,,ratio,https://www.sabic.com/en/Images/SABIC-Integrated-Annual-Report-2025-EN_tcm1010-49452.pdf,,,data\raw\SA\2010\documents\888b4c0373f7da9588dc393a44c8d5682c0f2206bdfc8185ad4d9a37bf8ba6aa.pdf,888b4c0373f7da9588dc393a44c8d5682c0f2206bdfc8185ad4d9a37bf8ba6aa,cash / current_liabilities
Saudi Basic Industries Corporation (SABIC),SA,2010,2025,,2025-12-31,instant,financial,cash_restricted,consolidated,{},1086000000,SAR,SAR,https://www.sabic.com/en/Images/SABIC-Integrated-Annual-Report-2025-EN_tcm1010-49452.pdf,178,Cash and cash equivalents,data\raw\SA\2010\documents\888b4c0373f7da9588dc393a44c8d5682c0f2206bdfc8185ad4d9a37bf8ba6aa.pdf,888b4c0373f7da9588dc393a44c8d5682c0f2206bdfc8185ad4d9a37bf8ba6aa,
Saudi Basic Industries Corporation (SABIC),SA,2010,2025,,2025-12-31,fy,ratio,cash_return_on_assets,consolidated,{},0.06116480281683576805980312222,,ratio,https://www.sabic.com/en/Images/SABIC-Integrated-Annual-Report-2025-EN_tcm1010-49452.pdf,,,data\raw\SA\2010\documents\888b4c0373f7da9588dc393a44c8d5682c0f2206bdfc8185ad4d9a37bf8ba6aa.pdf,888b4c0373f7da9588dc393a44c8d5682c0f2206bdfc8185ad4d9a37bf8ba6aa,operating_cash_flow / average(total_assets)
Saudi Basic Industries Corporation (SABIC),SA,2010,2025,,2025-12-31,fy,ratio,cash_return_on_equity,consolidated,{},0.09435859550009570962217979958,,ratio,https://www.sabic.com/en/Images/SABIC-Integrated-Annual-Report-2025-EN_tcm1010-49452.pdf,,,data\raw\SA\2010\documents\888b4c0373f7da9588dc393a44c8d5682c0f2206bdfc8185ad4d9a37bf8ba6aa.pdf,888b4c0373f7da9588dc393a44c8d5682c0f2206bdfc8185ad4d9a37bf8ba6aa,operating_cash_flow / average(total_equity)
Saudi Basic Industries Corporation (SABIC),SA,2010,2025,,2025-12-31,fy,ratio,cfo_margin,consolidated,{},0.1369574742853508082808584243,,ratio,https://www.sabic.com/en/Images/SABIC-Integrated-Annual-Report-2025-EN_tcm1010-49452.pdf,,,data\raw\SA\2010\documents\888b4c0373f7da9588dc393a44c8d5682c0f2206bdfc8185ad4d9a37bf8ba6aa.pdf,888b4c0373f7da9588dc393a44c8d5682c0f2206bdfc8185ad4d9a37bf8ba6aa,operating_cash_flow / revenue
Saudi Basic Industries Corporation (SABIC),SA,2010,2025,,2025-12-31,fy,ratio,cfo_to_debt,consolidated,{},0.4757296342378456943305597689,,ratio,https://www.sabic.com/en/Images/SABIC-Integrated-Annual-Report-2025-EN_tcm1010-49452.pdf,,,data\raw\SA\2010\documents\888b4c0373f7da9588dc393a44c8d5682c0f2206bdfc8185ad4d9a37bf8ba6aa.pdf,888b4c0373f7da9588dc393a44c8d5682c0f2206bdfc8185ad4d9a37bf8ba6aa,operating_cash_flow / total_debt
Saudi Basic Industries Corporation (SABIC),SA,2010,2025,,2025-12-31,fy,calculated,cfo_yield,consolidated,{},0.1036971994801819363222871995,,ratio,https://www.sabic.com/en/Images/SABIC-Integrated-Annual-Report-2025-EN_tcm1010-49452.pdf,,,data\raw\SA\2010\documents\888b4c0373f7da9588dc393a44c8d5682c0f2206bdfc8185ad4d9a37bf8ba6aa.pdf,888b4c0373f7da9588dc393a44c8d5682c0f2206bdfc8185ad4d9a37bf8ba6aa,operating_cash_flow / reported_year_end_market_cap
Saudi Basic Industries Corporation (SABIC),SA,2010,2025,,2025-12-31,fy,operational,co2_utilization,consolidated,{},3.95,SAR,million_tonnes,https://www.sabic.com/en/Images/SABIC-Integrated-Annual-Report-2025-EN_tcm1010-49452.pdf,231,Sustainability performance summary,data\raw\SA\2010\documents\888b4c0373f7da9588dc393a44c8d5682c0f2206bdfc8185ad4d9a37bf8ba6aa.pdf,888b4c0373f7da9588dc393a44c8d5682c0f2206bdfc8185ad4d9a37bf8ba6aa,
Saudi Basic Industries Corporation (SABIC),SA,2010,2025,,2025-12-31,fy,financial,comprehensive_income,consolidated,{},-22125623000,SAR,SAR,https://www.sabic.com/en/Images/SABIC-Integrated-Annual-Report-2025-EN_tcm1010-49452.pdf,134,Consolidated statement of comprehensive income,data\raw\SA\2010\documents\888b4c0373f7da9588dc393a44c8d5682c0f2206bdfc8185ad4d9a37bf8ba6aa.pdf,888b4c0373f7da9588dc393a44c8d5682c0f2206bdfc8185ad4d9a37bf8ba6aa,
Saudi Basic Industries Corporation (SABIC),SA,2010,2025,,2025-12-31,instant,financial,construction_in_progress,consolidated,{},9926689000,SAR,SAR,https://www.sabic.com/en/Images/SABIC-Integrated-Annual-Report-2025-EN_tcm1010-49452.pdf,155,"Property, plant and equipment",data\raw\SA\2010\documents\888b4c0373f7da9588dc393a44c8d5682c0f2206bdfc8185ad4d9a37bf8ba6aa.pdf,888b4c0373f7da9588dc393a44c8d5682c0f2206bdfc8185ad4d9a37bf8ba6aa,
Saudi Basic Industries Corporation (SABIC),SA,2010,2025,,2025-12-31,fy,financial,continuing_operations_income,consolidated,{},-345652000,SAR,SAR,https://www.sabic.com/en/Images/SABIC-Integrated-Annual-Report-2025-EN_tcm1010-49452.pdf,133,,data\raw\SA\2010\documents\888b4c0373f7da9588dc393a44c8d5682c0f2206bdfc8185ad4d9a37bf8ba6aa.pdf,888b4c0373f7da9588dc393a44c8d5682c0f2206bdfc8185ad4d9a37bf8ba6aa,
Saudi Basic Industries Corporation (SABIC),SA,2010,2025,,2025-12-31,fy,financial,cost_of_revenue,consolidated,{},-95528226000,SAR,SAR,https://www.sabic.com/en/Images/SABIC-Integrated-Annual-Report-2025-EN_tcm1010-49452.pdf,133,,data\raw\SA\2010\documents\888b4c0373f7da9588dc393a44c8d5682c0f2206bdfc8185ad4d9a37bf8ba6aa.pdf,888b4c0373f7da9588dc393a44c8d5682c0f2206bdfc8185ad4d9a37bf8ba6aa,
Saudi Basic Industries Corporation (SABIC),SA,2010,2025,,2025-12-31,instant,financial,current_assets,consolidated,{},87573632000,SAR,SAR,https://www.sabic.com/en/Images/SABIC-Integrated-Annual-Report-2025-EN_tcm1010-49452.pdf,132,,data\raw\SA\2010\documents\888b4c0373f7da9588dc393a44c8d5682c0f2206bdfc8185ad4d9a37bf8ba6aa.pdf,888b4c0373f7da9588dc393a44c8d5682c0f2206bdfc8185ad4d9a37bf8ba6aa,
Saudi Basic Industries Corporation (SABIC),SA,2010,2025,,2025-12-31,instant,financial,current_debt,consolidated,{},12234675000,SAR,SAR,https://www.sabic.com/en/Images/SABIC-Integrated-Annual-Report-2025-EN_tcm1010-49452.pdf,184,Debt,data\raw\SA\2010\documents\888b4c0373f7da9588dc393a44c8d5682c0f2206bdfc8185ad4d9a37bf8ba6aa.pdf,888b4c0373f7da9588dc393a44c8d5682c0f2206bdfc8185ad4d9a37bf8ba6aa,
Saudi Basic Industries Corporation (SABIC),SA,2010,2025,,2025-12-31,instant,financial,current_liabilities,consolidated,{},48635244000,SAR,SAR,https://www.sabic.com/en/Images/SABIC-Integrated-Annual-Report-2025-EN_tcm1010-49452.pdf,132,,data\raw\SA\2010\documents\888b4c0373f7da9588dc393a44c8d5682c0f2206bdfc8185ad4d9a37bf8ba6aa.pdf,888b4c0373f7da9588dc393a44c8d5682c0f2206bdfc8185ad4d9a37bf8ba6aa,
Saudi Basic Industries Corporation (SABIC),SA,2010,2025,,2025-12-31,instant,financial,current_portion_long_term_debt,consolidated,{},11235731000,SAR,SAR,https://www.sabic.com/en/Images/SABIC-Integrated-Annual-Report-2025-EN_tcm1010-49452.pdf,184,Debt,data\raw\SA\2010\documents\888b4c0373f7da9588dc393a44c8d5682c0f2206bdfc8185ad4d9a37bf8ba6aa.pdf,888b4c0373f7da9588dc393a44c8d5682c0f2206bdfc8185ad4d9a37bf8ba6aa,
Saudi Basic Industries Corporation (SABIC),SA,2010,2025,,2025-12-31,instant,ratio,current_ratio,consolidated,{},1.800620800833239368553388979,,ratio,https://www.sabic.com/en/Images/SABIC-Integrated-Annual-Report-2025-EN_tcm1010-49452.pdf,,,data\raw\SA\2010\documents\888b4c0373f7da9588dc393a44c8d5682c0f2206bdfc8185ad4d9a37bf8ba6aa.pdf,888b4c0373f7da9588dc393a44c8d5682c0f2206bdfc8185ad4d9a37bf8ba6aa,current_assets / current_liabilities
Saudi Basic Industries Corporation (SABIC),SA,2010,2025,,2025-12-31,instant,financial,current_tax_assets,consolidated,{},2455403000,SAR,SAR,https://www.sabic.com/en/Images/SABIC-Integrated-Annual-Report-2025-EN_tcm1010-49452.pdf,173,Other assets and receivables - current,data\raw\SA\2010\documents\888b4c0373f7da9588dc393a44c8d5682c0f2206bdfc8185ad4d9a37bf8ba6aa.pdf,888b4c0373f7da9588dc393a44c8d5682c0f2206bdfc8185ad4d9a37bf8ba6aa,
Saudi Basic Industries Corporation (SABIC),SA,2010,2025,,2025-12-31,fy,financial,current_tax_expense,consolidated,{},879068000,SAR,SAR,https://www.sabic.com/en/Images/SABIC-Integrated-Annual-Report-2025-EN_tcm1010-49452.pdf,197,Income tax,data\raw\SA\2010\documents\888b4c0373f7da9588dc393a44c8d5682c0f2206bdfc8185ad4d9a37bf8ba6aa.pdf,888b4c0373f7da9588dc393a44c8d5682c0f2206bdfc8185ad4d9a37bf8ba6aa,
Saudi Basic Industries Corporation (SABIC),SA,2010,2025,,2025-12-31,fy,ratio,days_sales_outstanding,consolidated,{},58.12867655407180801229852280,,ratio,https://www.sabic.com/en/Images/SABIC-Integrated-Annual-Report-2025-EN_tcm1010-49452.pdf,,,data\raw\SA\2010\documents\888b4c0373f7da9588dc393a44c8d5682c0f2206bdfc8185ad4d9a37bf8ba6aa.pdf,888b4c0373f7da9588dc393a44c8d5682c0f2206bdfc8185ad4d9a37bf8ba6aa,average(accounts_receivable) / revenue * 365
Saudi Basic Industries Corporation (SABIC),SA,2010,2025,,2025-12-31,instant,calculated,debt_growth,consolidated,{},0.108274424886923930499992666,,ratio,https://www.sabic.com/en/Images/SABIC-Integrated-Annual-Report-2025-EN_tcm1010-49452.pdf,,,data\raw\SA\2010\documents\888b4c0373f7da9588dc393a44c8d5682c0f2206bdfc8185ad4d9a37bf8ba6aa.pdf,888b4c0373f7da9588dc393a44c8d5682c0f2206bdfc8185ad4d9a37bf8ba6aa,(current_debt + long_term_debt) / prior_fy(total_debt) - 1
Saudi Basic Industries Corporation (SABIC),SA,2010,2025,,2025-12-31,fy,financial,debt_issued,consolidated,{},18495107000,SAR,SAR,https://www.sabic.com/en/Images/SABIC-Integrated-Annual-Report-2025-EN_tcm1010-49452.pdf,137,,data\raw\SA\2010\documents\888b4c0373f7da9588dc393a44c8d5682c0f2206bdfc8185ad4d9a37bf8ba6aa.pdf,888b4c0373f7da9588dc393a44c8d5682c0f2206bdfc8185ad4d9a37bf8ba6aa,
Saudi Basic Industries Corporation (SABIC),SA,2010,2025,,2025-12-31,instant,financial,debt_per_share,consolidated,{},11.182121,SAR,SAR/share,https://www.sabic.com/en/Images/SABIC-Integrated-Annual-Report-2025-EN_tcm1010-49452.pdf,,,data\raw\SA\2010\documents\888b4c0373f7da9588dc393a44c8d5682c0f2206bdfc8185ad4d9a37bf8ba6aa.pdf,888b4c0373f7da9588dc393a44c8d5682c0f2206bdfc8185ad4d9a37bf8ba6aa,(current_debt + long_term_debt) / weighted_average_shares
Saudi Basic Industries Corporation (SABIC),SA,2010,2025,,2025-12-31,fy,financial,debt_repaid,consolidated,{},-15288056000,SAR,SAR,https://www.sabic.com/en/Images/SABIC-Integrated-Annual-Report-2025-EN_tcm1010-49452.pdf,137,,data\raw\SA\2010\documents\888b4c0373f7da9588dc393a44c8d5682c0f2206bdfc8185ad4d9a37bf8ba6aa.pdf,888b4c0373f7da9588dc393a44c8d5682c0f2206bdfc8185ad4d9a37bf8ba6aa,
Saudi Basic Industries Corporation (SABIC),SA,2010,2025,,2025-12-31,instant,ratio,debt_to_assets,consolidated,{},0.1373206533427067535098308035,,ratio,https://www.sabic.com/en/Images/SABIC-Integrated-Annual-Report-2025-EN_tcm1010-49452.pdf,,,data\raw\SA\2010\documents\888b4c0373f7da9588dc393a44c8d5682c0f2206bdfc8185ad4d9a37bf8ba6aa.pdf,888b4c0373f7da9588dc393a44c8d5682c0f2206bdfc8185ad4d9a37bf8ba6aa,(current_debt + long_term_debt) / total_assets
Saudi Basic Industries Corporation (SABIC),SA,2010,2025,,2025-12-31,fy,ratio,debt_to_ebitda,consolidated,{},2.041774984783931832014607425,,ratio,https://www.sabic.com/en/Images/SABIC-Integrated-Annual-Report-2025-EN_tcm1010-49452.pdf,,,data\raw\SA\2010\documents\888b4c0373f7da9588dc393a44c8d5682c0f2206bdfc8185ad4d9a37bf8ba6aa.pdf,888b4c0373f7da9588dc393a44c8d5682c0f2206bdfc8185ad4d9a37bf8ba6aa,(current_debt + long_term_debt) / ebitda
Saudi Basic Industries Corporation (SABIC),SA,2010,2025,,2025-12-31,instant,ratio,debt_to_equity,consolidated,{},0.2166804189143022972791270580,,ratio,https://www.sabic.com/en/Images/SABIC-Integrated-Annual-Report-2025-EN_tcm1010-49452.pdf,,,data\raw\SA\2010\documents\888b4c0373f7da9588dc393a44c8d5682c0f2206bdfc8185ad4d9a37bf8ba6aa.pdf,888b4c0373f7da9588dc393a44c8d5682c0f2206bdfc8185ad4d9a37bf8ba6aa,(current_debt + long_term_debt) / total_equity
Saudi Basic Industries Corporation (SABIC),SA,2010,2025,,2025-12-31,fy,financial,deferred_tax,consolidated,{},1838504000,SAR,SAR,https://www.sabic.com/en/Images/SABIC-Integrated-Annual-Report-2025-EN_tcm1010-49452.pdf,199,Components of deferred income tax,data\raw\SA\2010\documents\888b4c0373f7da9588dc393a44c8d5682c0f2206bdfc8185ad4d9a37bf8ba6aa.pdf,888b4c0373f7da9588dc393a44c8d5682c0f2206bdfc8185ad4d9a37bf8ba6aa,
Saudi Basic Industries Corporation (SABIC),SA,2010,2025,,2025-12-31,instant,financial,deferred_tax_assets,consolidated,{},367773000,SAR,SAR,https://www.sabic.com/en/Images/SABIC-Integrated-Annual-Report-2025-EN_tcm1010-49452.pdf,132,,data\raw\SA\2010\documents\888b4c0373f7da9588dc393a44c8d5682c0f2206bdfc8185ad4d9a37bf8ba6aa.pdf,888b4c0373f7da9588dc393a44c8d5682c0f2206bdfc8185ad4d9a37bf8ba6aa,
Saudi Basic Industries Corporation (SABIC),SA,2010,2025,,2025-12-31,instant,financial,deferred_tax_assets_by_component,consolidated,"{""basis"":""gross before unrecognised and set-off"",""component"":""Tax loss carry forward""}",14889632000,SAR,SAR,https://www.sabic.com/en/Images/SABIC-Integrated-Annual-Report-2025-EN_tcm1010-49452.pdf,199,Deferred income tax components,data\raw\SA\2010\documents\888b4c0373f7da9588dc393a44c8d5682c0f2206bdfc8185ad4d9a37bf8ba6aa.pdf,888b4c0373f7da9588dc393a44c8d5682c0f2206bdfc8185ad4d9a37bf8ba6aa,
Saudi Basic Industries Corporation (SABIC),SA,2010,2025,,2025-12-31,instant,financial,deferred_tax_assets_by_component,consolidated,"{""basis"":""gross before unrecognised and set-off"",""component"":""Interest carry forward""}",2672548000,SAR,SAR,https://www.sabic.com/en/Images/SABIC-Integrated-Annual-Report-2025-EN_tcm1010-49452.pdf,199,Deferred income tax components,data\raw\SA\2010\documents\888b4c0373f7da9588dc393a44c8d5682c0f2206bdfc8185ad4d9a37bf8ba6aa.pdf,888b4c0373f7da9588dc393a44c8d5682c0f2206bdfc8185ad4d9a37bf8ba6aa,
Saudi Basic Industries Corporation (SABIC),SA,2010,2025,,2025-12-31,fy,financial,deferred_tax_expense,consolidated,{},1838504000,SAR,SAR,https://www.sabic.com/en/Images/SABIC-Integrated-Annual-Report-2025-EN_tcm1010-49452.pdf,197,Income tax,data\raw\SA\2010\documents\888b4c0373f7da9588dc393a44c8d5682c0f2206bdfc8185ad4d9a37bf8ba6aa.pdf,888b4c0373f7da9588dc393a44c8d5682c0f2206bdfc8185ad4d9a37bf8ba6aa,
Saudi Basic Industries Corporation (SABIC),SA,2010,2025,,2025-12-31,instant,financial,deferred_tax_liabilities,consolidated,{},364718000,SAR,SAR,https://www.sabic.com/en/Images/SABIC-Integrated-Annual-Report-2025-EN_tcm1010-49452.pdf,132,,data\raw\SA\2010\documents\888b4c0373f7da9588dc393a44c8d5682c0f2206bdfc8185ad4d9a37bf8ba6aa.pdf,888b4c0373f7da9588dc393a44c8d5682c0f2206bdfc8185ad4d9a37bf8ba6aa,
Saudi Basic Industries Corporation (SABIC),SA,2010,2025,,2025-12-31,instant,financial,deferred_tax_liabilities_by_component,consolidated,"{""component"":""Property plant equipment and intangible assets""}",-535191000,SAR,SAR,https://www.sabic.com/en/Images/SABIC-Integrated-Annual-Report-2025-EN_tcm1010-49452.pdf,199,Deferred income tax components,data\raw\SA\2010\documents\888b4c0373f7da9588dc393a44c8d5682c0f2206bdfc8185ad4d9a37bf8ba6aa.pdf,888b4c0373f7da9588dc393a44c8d5682c0f2206bdfc8185ad4d9a37bf8ba6aa,
Saudi Basic Industries Corporation (SABIC),SA,2010,2025,,2025-12-31,instant,financial,defined_benefit_obligation,consolidated,{},12302178000,SAR,SAR,https://www.sabic.com/en/Images/SABIC-Integrated-Annual-Report-2025-EN_tcm1010-49452.pdf,186,Employee benefits,data\raw\SA\2010\documents\888b4c0373f7da9588dc393a44c8d5682c0f2206bdfc8185ad4d9a37bf8ba6aa.pdf,888b4c0373f7da9588dc393a44c8d5682c0f2206bdfc8185ad4d9a37bf8ba6aa,
Saudi Basic Industries Corporation (SABIC),SA,2010,2025,,2025-12-31,fy,financial,depreciation_amortization,consolidated,"{""component"":""PPE 11185373 plus ROU 1184728 plus intangibles 392474""}",12762575000,SAR,SAR,https://www.sabic.com/en/Images/SABIC-Integrated-Annual-Report-2025-EN_tcm1010-49452.pdf,186,"PPE, right-of-use and intangible asset notes",data\raw\SA\2010\documents\888b4c0373f7da9588dc393a44c8d5682c0f2206bdfc8185ad4d9a37bf8ba6aa.pdf,888b4c0373f7da9588dc393a44c8d5682c0f2206bdfc8185ad4d9a37bf8ba6aa,
Saudi Basic Industries Corporation (SABIC),SA,2010,2025,,2025-12-31,fy,financial,depreciation_by_ppe_class,consolidated,"{""asset_class"":""Total""}",11185373000,SAR,SAR,https://www.sabic.com/en/Images/SABIC-Integrated-Annual-Report-2025-EN_tcm1010-49452.pdf,155,"Property, plant and equipment",data\raw\SA\2010\documents\888b4c0373f7da9588dc393a44c8d5682c0f2206bdfc8185ad4d9a37bf8ba6aa.pdf,888b4c0373f7da9588dc393a44c8d5682c0f2206bdfc8185ad4d9a37bf8ba6aa,
Saudi Basic Industries Corporation (SABIC),SA,2010,2025,,2025-12-31,fy,financial,depreciation_expense,consolidated,"{""component"":""PPE 11185373 plus right-of-use assets 1184728""}",12370101000,SAR,SAR,https://www.sabic.com/en/Images/SABIC-Integrated-Annual-Report-2025-EN_tcm1010-49452.pdf,186,PPE and right-of-use asset notes,data\raw\SA\2010\documents\888b4c0373f7da9588dc393a44c8d5682c0f2206bdfc8185ad4d9a37bf8ba6aa.pdf,888b4c0373f7da9588dc393a44c8d5682c0f2206bdfc8185ad4d9a37bf8ba6aa,
Saudi Basic Industries Corporation (SABIC),SA,2010,2025,,2025-12-31,fy,financial,discontinued_operations_income,consolidated,{},-24379314000,SAR,SAR,https://www.sabic.com/en/Images/SABIC-Integrated-Annual-Report-2025-EN_tcm1010-49452.pdf,133,,data\raw\SA\2010\documents\888b4c0373f7da9588dc393a44c8d5682c0f2206bdfc8185ad4d9a37bf8ba6aa.pdf,888b4c0373f7da9588dc393a44c8d5682c0f2206bdfc8185ad4d9a37bf8ba6aa,
Saudi Basic Industries Corporation (SABIC),SA,2010,2025,,2025-12-31,fy,financial,dividend_cagr_3y,consolidated,{},-0.1096158065983814010886024270,,ratio,https://www.sabic.com/en/Images/SABIC-Integrated-Annual-Report-2025-EN_tcm1010-49452.pdf,,,data\raw\SA\2010\documents\888b4c0373f7da9588dc393a44c8d5682c0f2206bdfc8185ad4d9a37bf8ba6aa.pdf,888b4c0373f7da9588dc393a44c8d5682c0f2206bdfc8185ad4d9a37bf8ba6aa,(dividends_per_share / prior_3y(dividends_per_share)) ^ (1/3) - 1
Saudi Basic Industries Corporation (SABIC),SA,2010,2025,,2025-12-31,fy,financial,dividend_coverage_ratio,consolidated,{},2.568653101389266640999146655,,ratio,https://www.sabic.com/en/Images/SABIC-Integrated-Annual-Report-2025-EN_tcm1010-49452.pdf,,,data\raw\SA\2010\documents\888b4c0373f7da9588dc393a44c8d5682c0f2206bdfc8185ad4d9a37bf8ba6aa.pdf,888b4c0373f7da9588dc393a44c8d5682c0f2206bdfc8185ad4d9a37bf8ba6aa,net_income / abs(dividends_paid)
Saudi Basic Industries Corporation (SABIC),SA,2010,2025,,2025-12-31,fy,calculated,dividend_growth,consolidated,{},-0.0470165625683440708706172052,,ratio,https://www.sabic.com/en/Images/SABIC-Integrated-Annual-Report-2025-EN_tcm1010-49452.pdf,,,data\raw\SA\2010\documents\888b4c0373f7da9588dc393a44c8d5682c0f2206bdfc8185ad4d9a37bf8ba6aa.pdf,888b4c0373f7da9588dc393a44c8d5682c0f2206bdfc8185ad4d9a37bf8ba6aa,dividends_paid / prior_fy(dividends_paid) - 1
Saudi Basic Industries Corporation (SABIC),SA,2010,2025,,2025-12-31,fy,financial,dividend_installments_count,consolidated,{},2,SAR,count,https://www.sabic.com/en/Images/SABIC-Integrated-Annual-Report-2025-EN_tcm1010-49452.pdf,20,Dividend distribution details,data\raw\SA\2010\documents\888b4c0373f7da9588dc393a44c8d5682c0f2206bdfc8185ad4d9a37bf8ba6aa.pdf,888b4c0373f7da9588dc393a44c8d5682c0f2206bdfc8185ad4d9a37bf8ba6aa,
Saudi Basic Industries Corporation (SABIC),SA,2010,2025,,2025-12-31,fy,calculated,dividend_per_share_growth,consolidated,{},-0.1176470588235294117647058824,,ratio,https://www.sabic.com/en/Images/SABIC-Integrated-Annual-Report-2025-EN_tcm1010-49452.pdf,,,data\raw\SA\2010\documents\888b4c0373f7da9588dc393a44c8d5682c0f2206bdfc8185ad4d9a37bf8ba6aa.pdf,888b4c0373f7da9588dc393a44c8d5682c0f2206bdfc8185ad4d9a37bf8ba6aa,dividends_per_share / prior_fy(dividends_per_share) - 1
Saudi Basic Industries Corporation (SABIC),SA,2010,2025,,2025-12-31,ttm,financial,dividend_per_share_ttm,consolidated,{},3,SAR,SAR/share,https://www.sabic.com/en/Images/SABIC-Integrated-Annual-Report-2025-EN_tcm1010-49452.pdf,19,Five-year overview and dividend,data\raw\SA\2010\documents\888b4c0373f7da9588dc393a44c8d5682c0f2206bdfc8185ad4d9a37bf8ba6aa.pdf,888b4c0373f7da9588dc393a44c8d5682c0f2206bdfc8185ad4d9a37bf8ba6aa,
Saudi Basic Industries Corporation (SABIC),SA,2010,2025,,2025-12-31,fy,financial,dividends_noncontrolling,consolidated,{},-3352421000,SAR,SAR,https://www.sabic.com/en/Images/SABIC-Integrated-Annual-Report-2025-EN_tcm1010-49452.pdf,137,,data\raw\SA\2010\documents\888b4c0373f7da9588dc393a44c8d5682c0f2206bdfc8185ad4d9a37bf8ba6aa.pdf,888b4c0373f7da9588dc393a44c8d5682c0f2206bdfc8185ad4d9a37bf8ba6aa,
Saudi Basic Industries Corporation (SABIC),SA,2010,2025,,2025-12-31,fy,financial,التوزيعات المدفوعة,consolidated,{},-9625654000,SAR,SAR,https://www.sabic.com/en/Images/SABIC-Integrated-Annual-Report-2025-EN_tcm1010-49452.pdf,137,,data\raw\SA\2010\documents\888b4c0373f7da9588dc393a44c8d5682c0f2206bdfc8185ad4d9a37bf8ba6aa.pdf,888b4c0373f7da9588dc393a44c8d5682c0f2206bdfc8185ad4d9a37bf8ba6aa,
Saudi Basic Industries Corporation (SABIC),SA,2010,2025,,2025-12-31,fy,financial,التوزيعات لكل سهم,consolidated,{},3,SAR,SAR/share,https://www.sabic.com/en/Images/SABIC-Integrated-Annual-Report-2025-EN_tcm1010-49452.pdf,19,Five-year overview and dividend,data\raw\SA\2010\documents\888b4c0373f7da9588dc393a44c8d5682c0f2206bdfc8185ad4d9a37bf8ba6aa.pdf,888b4c0373f7da9588dc393a44c8d5682c0f2206bdfc8185ad4d9a37bf8ba6aa,
Saudi Basic Industries Corporation (SABIC),SA,2010,2025,,2025-12-31,fy,operational,domestic_revenue_chemicals,consolidated,{},18083824000,SAR,SAR,https://www.sabic.com/en/Images/SABIC-Integrated-Annual-Report-2025-EN_tcm1010-49452.pdf,208,Geographical information,data\raw\SA\2010\documents\888b4c0373f7da9588dc393a44c8d5682c0f2206bdfc8185ad4d9a37bf8ba6aa.pdf,888b4c0373f7da9588dc393a44c8d5682c0f2206bdfc8185ad4d9a37bf8ba6aa,
Saudi Basic Industries Corporation (SABIC),SA,2010,2025,,2025-12-31,instant,financial,due_from_related_parties,consolidated,{},1196487000,SAR,SAR,https://www.sabic.com/en/Images/SABIC-Integrated-Annual-Report-2025-EN_tcm1010-49452.pdf,173,Other assets and receivables,data\raw\SA\2010\documents\888b4c0373f7da9588dc393a44c8d5682c0f2206bdfc8185ad4d9a37bf8ba6aa.pdf,888b4c0373f7da9588dc393a44c8d5682c0f2206bdfc8185ad4d9a37bf8ba6aa,
Saudi Basic Industries Corporation (SABIC),SA,2010,2025,,2025-12-31,instant,financial,due_to_related_parties,consolidated,{},1936713000,SAR,SAR,https://www.sabic.com/en/Images/SABIC-Integrated-Annual-Report-2025-EN_tcm1010-49452.pdf,193,Other liabilities,data\raw\SA\2010\documents\888b4c0373f7da9588dc393a44c8d5682c0f2206bdfc8185ad4d9a37bf8ba6aa.pdf,888b4c0373f7da9588dc393a44c8d5682c0f2206bdfc8185ad4d9a37bf8ba6aa,
Saudi Basic Industries Corporation (SABIC),SA,2010,2025,,2025-12-31,fy,calculated,earnings_yield,consolidated,{},-0.1606560493827160493827160494,,ratio,https://www.sabic.com/en/Images/SABIC-Integrated-Annual-Report-2025-EN_tcm1010-49452.pdf,,,data\raw\SA\2010\documents\888b4c0373f7da9588dc393a44c8d5682c0f2206bdfc8185ad4d9a37bf8ba6aa.pdf,888b4c0373f7da9588dc393a44c8d5682c0f2206bdfc8185ad4d9a37bf8ba6aa,net_income / reported_year_end_market_cap
Saudi Basic Industries Corporation (SABIC),SA,2010,2025,,2025-12-31,fy,financial,ebit,consolidated,"{""basis"":""operating-income proxy""}",4366994000,SAR,SAR,https://www.sabic.com/en/Images/SABIC-Integrated-Annual-Report-2025-EN_tcm1010-49452.pdf,133,Consolidated statement of income,data\raw\SA\2010\documents\888b4c0373f7da9588dc393a44c8d5682c0f2206bdfc8185ad4d9a37bf8ba6aa.pdf,888b4c0373f7da9588dc393a44c8d5682c0f2206bdfc8185ad4d9a37bf8ba6aa,
Saudi Basic Industries Corporation (SABIC),SA,2010,2025,,2025-12-31,fy,financial,ebit,consolidated,{},4366994000,SAR,SAR,https://www.sabic.com/en/Images/SABIC-Integrated-Annual-Report-2025-EN_tcm1010-49452.pdf,133,Consolidated statement of income,data\raw\SA\2010\documents\888b4c0373f7da9588dc393a44c8d5682c0f2206bdfc8185ad4d9a37bf8ba6aa.pdf,888b4c0373f7da9588dc393a44c8d5682c0f2206bdfc8185ad4d9a37bf8ba6aa,
Saudi Basic Industries Corporation (SABIC),SA,2010,2025,,2025-12-31,fy,ratio,ebit_margin,consolidated,{},0.03747681596190846729532717271,,ratio,https://www.sabic.com/en/Images/SABIC-Integrated-Annual-Report-2025-EN_tcm1010-49452.pdf,,,data\raw\SA\2010\documents\888b4c0373f7da9588dc393a44c8d5682c0f2206bdfc8185ad4d9a37bf8ba6aa.pdf,888b4c0373f7da9588dc393a44c8d5682c0f2206bdfc8185ad4d9a37bf8ba6aa,ebit / revenue
Saudi Basic Industries Corporation (SABIC),SA,2010,2025,,2025-12-31,fy,financial,ebit_per_share,consolidated,{},1.455664666666666666666666667,SAR,SAR/share,https://www.sabic.com/en/Images/SABIC-Integrated-Annual-Report-2025-EN_tcm1010-49452.pdf,,,data\raw\SA\2010\documents\888b4c0373f7da9588dc393a44c8d5682c0f2206bdfc8185ad4d9a37bf8ba6aa.pdf,888b4c0373f7da9588dc393a44c8d5682c0f2206bdfc8185ad4d9a37bf8ba6aa,ebit / weighted_average_shares
Saudi Basic Industries Corporation (SABIC),SA,2010,2025,,2025-12-31,fy,financial,ebitda,consolidated,{},16430000000.00,SAR,SAR,https://www.sabic.com/en/Images/SABIC-Integrated-Annual-Report-2025-EN_tcm1010-49452.pdf,40,Summarized consolidated statement of income,data\raw\SA\2010\documents\888b4c0373f7da9588dc393a44c8d5682c0f2206bdfc8185ad4d9a37bf8ba6aa.pdf,888b4c0373f7da9588dc393a44c8d5682c0f2206bdfc8185ad4d9a37bf8ba6aa,
Saudi Basic Industries Corporation (SABIC),SA,2010,2025,,2025-12-31,fy,calculated,ebitda_growth,consolidated,{},-0.2176190476190476190476190476,,ratio,https://www.sabic.com/en/Images/SABIC-Integrated-Annual-Report-2025-EN_tcm1010-49452.pdf,,,data\raw\SA\2010\documents\888b4c0373f7da9588dc393a44c8d5682c0f2206bdfc8185ad4d9a37bf8ba6aa.pdf,888b4c0373f7da9588dc393a44c8d5682c0f2206bdfc8185ad4d9a37bf8ba6aa,ebitda / prior_fy(ebitda) - 1
Saudi Basic Industries Corporation (SABIC),SA,2010,2025,,2025-12-31,fy,ratio,ebitda_margin,consolidated,{},0.1409995265059114158760523709,,ratio,https://www.sabic.com/en/Images/SABIC-Integrated-Annual-Report-2025-EN_tcm1010-49452.pdf,,,data\raw\SA\2010\documents\888b4c0373f7da9588dc393a44c8d5682c0f2206bdfc8185ad4d9a37bf8ba6aa.pdf,888b4c0373f7da9588dc393a44c8d5682c0f2206bdfc8185ad4d9a37bf8ba6aa,ebitda / revenue
Saudi Basic Industries Corporation (SABIC),SA,2010,2025,,2025-12-31,fy,financial,ebitda_per_share,consolidated,{},5.476666666666666666666666667,SAR,SAR/share,https://www.sabic.com/en/Images/SABIC-Integrated-Annual-Report-2025-EN_tcm1010-49452.pdf,,,data\raw\SA\2010\documents\888b4c0373f7da9588dc393a44c8d5682c0f2206bdfc8185ad4d9a37bf8ba6aa.pdf,888b4c0373f7da9588dc393a44c8d5682c0f2206bdfc8185ad4d9a37bf8ba6aa,ebitda / weighted_average_shares
Saudi Basic Industries Corporation (SABIC),SA,2010,2025,,2025-12-31,fy,ratio,effective_tax_rate,consolidated,{},1.27,SAR,ratio,https://www.sabic.com/en/Images/SABIC-Integrated-Annual-Report-2025-EN_tcm1010-49452.pdf,198,Effective tax reconciliation,data\raw\SA\2010\documents\888b4c0373f7da9588dc393a44c8d5682c0f2206bdfc8185ad4d9a37bf8ba6aa.pdf,888b4c0373f7da9588dc393a44c8d5682c0f2206bdfc8185ad4d9a37bf8ba6aa,
Saudi Basic Industries Corporation (SABIC),SA,2010,2025,,2025-12-31,fy,financial,employee_benefit_expense,consolidated,{},1563751000,SAR,SAR,https://www.sabic.com/en/Images/SABIC-Integrated-Annual-Report-2025-EN_tcm1010-49452.pdf,190,Employee benefits,data\raw\SA\2010\documents\888b4c0373f7da9588dc393a44c8d5682c0f2206bdfc8185ad4d9a37bf8ba6aa.pdf,888b4c0373f7da9588dc393a44c8d5682c0f2206bdfc8185ad4d9a37bf8ba6aa,
Saudi Basic Industries Corporation (SABIC),SA,2010,2025,,2025-12-31,instant,financial,employee_benefits_noncurrent,consolidated,{},12514849000,SAR,SAR,https://www.sabic.com/en/Images/SABIC-Integrated-Annual-Report-2025-EN_tcm1010-49452.pdf,186,Employee benefits,data\raw\SA\2010\documents\888b4c0373f7da9588dc393a44c8d5682c0f2206bdfc8185ad4d9a37bf8ba6aa.pdf,888b4c0373f7da9588dc393a44c8d5682c0f2206bdfc8185ad4d9a37bf8ba6aa,
Saudi Basic Industries Corporation (SABIC),SA,2010,2025,,2025-12-31,fy,operational,energy_consumption_intensity,consolidated,{},16.99,SAR,GJ/tonne,https://www.sabic.com/en/Images/SABIC-Integrated-Annual-Report-2025-EN_tcm1010-49452.pdf,231,Sustainability performance summary,data\raw\SA\2010\documents\888b4c0373f7da9588dc393a44c8d5682c0f2206bdfc8185ad4d9a37bf8ba6aa.pdf,888b4c0373f7da9588dc393a44c8d5682c0f2206bdfc8185ad4d9a37bf8ba6aa,
Saudi Basic Industries Corporation (SABIC),SA,2010,2025,,2025-12-31,fy,financial,ربحية السهم الأساسية والمخفضة,consolidated,{},-8.59,SAR,SAR/share,https://www.sabic.com/en/Images/SABIC-Integrated-Annual-Report-2025-EN_tcm1010-49452.pdf,133,Consolidated statement of income,data\raw\SA\2010\documents\888b4c0373f7da9588dc393a44c8d5682c0f2206bdfc8185ad4d9a37bf8ba6aa.pdf,888b4c0373f7da9588dc393a44c8d5682c0f2206bdfc8185ad4d9a37bf8ba6aa,
Saudi Basic Industries Corporation (SABIC),SA,2010,2025,,2025-12-31,fy,calculated,eps_growth,consolidated,{},-17.84313725490196078431372549,,ratio,https://www.sabic.com/en/Images/SABIC-Integrated-Annual-Report-2025-EN_tcm1010-49452.pdf,,,data\raw\SA\2010\documents\888b4c0373f7da9588dc393a44c8d5682c0f2206bdfc8185ad4d9a37bf8ba6aa.pdf,888b4c0373f7da9588dc393a44c8d5682c0f2206bdfc8185ad4d9a37bf8ba6aa,eps_diluted / prior_fy(eps_diluted) - 1
Saudi Basic Industries Corporation (SABIC),SA,2010,2025,,2025-12-31,instant,calculated,equity_growth,consolidated,{},-0.1560355826527216932843777280,,ratio,https://www.sabic.com/en/Images/SABIC-Integrated-Annual-Report-2025-EN_tcm1010-49452.pdf,,,data\raw\SA\2010\documents\888b4c0373f7da9588dc393a44c8d5682c0f2206bdfc8185ad4d9a37bf8ba6aa.pdf,888b4c0373f7da9588dc393a44c8d5682c0f2206bdfc8185ad4d9a37bf8ba6aa,total_equity / prior_fy(total_equity) - 1
Saudi Basic Industries Corporation (SABIC),SA,2010,2025,,2025-12-31,instant,financial,equity_parent,consolidated,{},128718634000,SAR,SAR,https://www.sabic.com/en/Images/SABIC-Integrated-Annual-Report-2025-EN_tcm1010-49452.pdf,132,,data\raw\SA\2010\documents\888b4c0373f7da9588dc393a44c8d5682c0f2206bdfc8185ad4d9a37bf8ba6aa.pdf,888b4c0373f7da9588dc393a44c8d5682c0f2206bdfc8185ad4d9a37bf8ba6aa,
Saudi Basic Industries Corporation (SABIC),SA,2010,2025,,2025-12-31,instant,ratio,equity_ratio,consolidated,{},0.6337474056528266648754782741,,ratio,https://www.sabic.com/en/Images/SABIC-Integrated-Annual-Report-2025-EN_tcm1010-49452.pdf,,,data\raw\SA\2010\documents\888b4c0373f7da9588dc393a44c8d5682c0f2206bdfc8185ad4d9a37bf8ba6aa.pdf,888b4c0373f7da9588dc393a44c8d5682c0f2206bdfc8185ad4d9a37bf8ba6aa,total_equity / total_assets
Saudi Basic Industries Corporation (SABIC),SA,2010,2025,,2025-12-31,instant,financial,expected_credit_losses,consolidated,"{""asset_class"":""Trade receivables""}",148288000,SAR,SAR,https://www.sabic.com/en/Images/SABIC-Integrated-Annual-Report-2025-EN_tcm1010-49452.pdf,177,Trade receivables,data\raw\SA\2010\documents\888b4c0373f7da9588dc393a44c8d5682c0f2206bdfc8185ad4d9a37bf8ba6aa.pdf,888b4c0373f7da9588dc393a44c8d5682c0f2206bdfc8185ad4d9a37bf8ba6aa,
Saudi Basic Industries Corporation (SABIC),SA,2010,2025,,2025-12-31,instant,financial,fair_value_assets_by_level,consolidated,"{""fair_value_level"":""Level I""}",310199000,SAR,SAR,https://www.sabic.com/en/Images/SABIC-Integrated-Annual-Report-2025-EN_tcm1010-49452.pdf,174,Financial assets and liabilities,data\raw\SA\2010\documents\888b4c0373f7da9588dc393a44c8d5682c0f2206bdfc8185ad4d9a37bf8ba6aa.pdf,888b4c0373f7da9588dc393a44c8d5682c0f2206bdfc8185ad4d9a37bf8ba6aa,
Saudi Basic Industries Corporation (SABIC),SA,2010,2025,,2025-12-31,instant,financial,fair_value_assets_by_level,consolidated,"{""fair_value_level"":""Level II""}",965875000,SAR,SAR,https://www.sabic.com/en/Images/SABIC-Integrated-Annual-Report-2025-EN_tcm1010-49452.pdf,174,Financial assets and liabilities,data\raw\SA\2010\documents\888b4c0373f7da9588dc393a44c8d5682c0f2206bdfc8185ad4d9a37bf8ba6aa.pdf,888b4c0373f7da9588dc393a44c8d5682c0f2206bdfc8185ad4d9a37bf8ba6aa,
Saudi Basic Industries Corporation (SABIC),SA,2010,2025,,2025-12-31,instant,financial,fair_value_assets_by_level,consolidated,"{""fair_value_level"":""Level III""}",2689282000,SAR,SAR,https://www.sabic.com/en/Images/SABIC-Integrated-Annual-Report-2025-EN_tcm1010-49452.pdf,174,Financial assets and liabilities,data\raw\SA\2010\documents\888b4c0373f7da9588dc393a44c8d5682c0f2206bdfc8185ad4d9a37bf8ba6aa.pdf,888b4c0373f7da9588dc393a44c8d5682c0f2206bdfc8185ad4d9a37bf8ba6aa,
Saudi Basic Industries Corporation (SABIC),SA,2010,2025,,2025-12-31,instant,financial,fair_value_liabilities_by_level,consolidated,"{""fair_value_level"":""Level I""}",6767951000,SAR,SAR,https://www.sabic.com/en/Images/SABIC-Integrated-Annual-Report-2025-EN_tcm1010-49452.pdf,174,Financial assets and liabilities,data\raw\SA\2010\documents\888b4c0373f7da9588dc393a44c8d5682c0f2206bdfc8185ad4d9a37bf8ba6aa.pdf,888b4c0373f7da9588dc393a44c8d5682c0f2206bdfc8185ad4d9a37bf8ba6aa,
Saudi Basic Industries Corporation (SABIC),SA,2010,2025,,2025-12-31,instant,financial,fair_value_liabilities_by_level,consolidated,"{""fair_value_level"":""Level II""}",25998403000,SAR,SAR,https://www.sabic.com/en/Images/SABIC-Integrated-Annual-Report-2025-EN_tcm1010-49452.pdf,174,Financial assets and liabilities,data\raw\SA\2010\documents\888b4c0373f7da9588dc393a44c8d5682c0f2206bdfc8185ad4d9a37bf8ba6aa.pdf,888b4c0373f7da9588dc393a44c8d5682c0f2206bdfc8185ad4d9a37bf8ba6aa,
Saudi Basic Industries Corporation (SABIC),SA,2010,2025,,2025-12-31,instant,financial,fair_value_liabilities_by_level,consolidated,"{""fair_value_level"":""Level III""}",1870894000,SAR,SAR,https://www.sabic.com/en/Images/SABIC-Integrated-Annual-Report-2025-EN_tcm1010-49452.pdf,174,Financial assets and liabilities,data\raw\SA\2010\documents\888b4c0373f7da9588dc393a44c8d5682c0f2206bdfc8185ad4d9a37bf8ba6aa.pdf,888b4c0373f7da9588dc393a44c8d5682c0f2206bdfc8185ad4d9a37bf8ba6aa,
Saudi Basic Industries Corporation (SABIC),SA,2010,2025,,2025-12-31,fy,operational,fatalities_count,consolidated,{},1,SAR,count,https://www.sabic.com/en/Images/SABIC-Integrated-Annual-Report-2025-EN_tcm1010-49452.pdf,232,Sustainability performance summary,data\raw\SA\2010\documents\888b4c0373f7da9588dc393a44c8d5682c0f2206bdfc8185ad4d9a37bf8ba6aa.pdf,888b4c0373f7da9588dc393a44c8d5682c0f2206bdfc8185ad4d9a37bf8ba6aa,
Saudi Basic Industries Corporation (SABIC),SA,2010,2025,,2025-12-31,fy,operational,fatalities_rate,consolidated,{},0.001,SAR,incidents/200k_hours,https://www.sabic.com/en/Images/SABIC-Integrated-Annual-Report-2025-EN_tcm1010-49452.pdf,232,Sustainability performance summary,data\raw\SA\2010\documents\888b4c0373f7da9588dc393a44c8d5682c0f2206bdfc8185ad4d9a37bf8ba6aa.pdf,888b4c0373f7da9588dc393a44c8d5682c0f2206bdfc8185ad4d9a37bf8ba6aa,
Saudi Basic Industries Corporation (SABIC),SA,2010,2025,,2025-12-31,fy,ratio,fcf_conversion,consolidated,{},0.4387687766281192939744370055,,ratio,https://www.sabic.com/en/Images/SABIC-Integrated-Annual-Report-2025-EN_tcm1010-49452.pdf,,,data\raw\SA\2010\documents\888b4c0373f7da9588dc393a44c8d5682c0f2206bdfc8185ad4d9a37bf8ba6aa.pdf,888b4c0373f7da9588dc393a44c8d5682c0f2206bdfc8185ad4d9a37bf8ba6aa,free_cash_flow / ebitda
Saudi Basic Industries Corporation (SABIC),SA,2010,2025,,2025-12-31,fy,financial,fcf_dividend_coverage_ratio,consolidated,{},0.7489331114540373048937765683,,ratio,https://www.sabic.com/en/Images/SABIC-Integrated-Annual-Report-2025-EN_tcm1010-49452.pdf,,,data\raw\SA\2010\documents\888b4c0373f7da9588dc393a44c8d5682c0f2206bdfc8185ad4d9a37bf8ba6aa.pdf,888b4c0373f7da9588dc393a44c8d5682c0f2206bdfc8185ad4d9a37bf8ba6aa,free_cash_flow / abs(dividends_paid)
Saudi Basic Industries Corporation (SABIC),SA,2010,2025,,2025-12-31,fy,ratio,fcf_margin,consolidated,{},0.06186618975014283174798546176,,ratio,https://www.sabic.com/en/Images/SABIC-Integrated-Annual-Report-2025-EN_tcm1010-49452.pdf,,,data\raw\SA\2010\documents\888b4c0373f7da9588dc393a44c8d5682c0f2206bdfc8185ad4d9a37bf8ba6aa.pdf,888b4c0373f7da9588dc393a44c8d5682c0f2206bdfc8185ad4d9a37bf8ba6aa,free_cash_flow / revenue
Saudi Basic Industries Corporation (SABIC),SA,2010,2025,,2025-12-31,fy,financial,fcf_payout_ratio,consolidated,{},1.335232726002088231454946899,,ratio,https://www.sabic.com/en/Images/SABIC-Integrated-Annual-Report-2025-EN_tcm1010-49452.pdf,,,data\raw\SA\2010\documents\888b4c0373f7da9588dc393a44c8d5682c0f2206bdfc8185ad4d9a37bf8ba6aa.pdf,888b4c0373f7da9588dc393a44c8d5682c0f2206bdfc8185ad4d9a37bf8ba6aa,abs(dividends_paid) / free_cash_flow
Saudi Basic Industries Corporation (SABIC),SA,2010,2025,,2025-12-31,fy,ratio,fcf_to_debt,consolidated,{},0.2148957548691642071601025721,,ratio,https://www.sabic.com/en/Images/SABIC-Integrated-Annual-Report-2025-EN_tcm1010-49452.pdf,,,data\raw\SA\2010\documents\888b4c0373f7da9588dc393a44c8d5682c0f2206bdfc8185ad4d9a37bf8ba6aa.pdf,888b4c0373f7da9588dc393a44c8d5682c0f2206bdfc8185ad4d9a37bf8ba6aa,free_cash_flow / total_debt
Saudi Basic Industries Corporation (SABIC),SA,2010,2025,,2025-12-31,fy,calculated,fcf_yield,consolidated,{},0.04684191682910981156595191683,,ratio,https://www.sabic.com/en/Images/SABIC-Integrated-Annual-Report-2025-EN_tcm1010-49452.pdf,,,data\raw\SA\2010\documents\888b4c0373f7da9588dc393a44c8d5682c0f2206bdfc8185ad4d9a37bf8ba6aa.pdf,888b4c0373f7da9588dc393a44c8d5682c0f2206bdfc8185ad4d9a37bf8ba6aa,free_cash_flow / reported_year_end_market_cap
Saudi Basic Industries Corporation (SABIC),SA,2010,2025,,2025-12-31,fy,financial,finance_cost_by_type,consolidated,"{""financing_type"":""Conventional""}",3027612000,SAR,SAR,https://www.sabic.com/en/Images/SABIC-Integrated-Annual-Report-2025-EN_tcm1010-49452.pdf,196,Finance costs,data\raw\SA\2010\documents\888b4c0373f7da9588dc393a44c8d5682c0f2206bdfc8185ad4d9a37bf8ba6aa.pdf,888b4c0373f7da9588dc393a44c8d5682c0f2206bdfc8185ad4d9a37bf8ba6aa,
Saudi Basic Industries Corporation (SABIC),SA,2010,2025,,2025-12-31,fy,financial,finance_cost_by_type,consolidated,"{""financing_type"":""Non-conventional""}",1011081000,SAR,SAR,https://www.sabic.com/en/Images/SABIC-Integrated-Annual-Report-2025-EN_tcm1010-49452.pdf,196,Finance costs,data\raw\SA\2010\documents\888b4c0373f7da9588dc393a44c8d5682c0f2206bdfc8185ad4d9a37bf8ba6aa.pdf,888b4c0373f7da9588dc393a44c8d5682c0f2206bdfc8185ad4d9a37bf8ba6aa,
Saudi Basic Industries Corporation (SABIC),SA,2010,2025,,2025-12-31,fy,financial,finance_costs,consolidated,{},-4038693000,SAR,SAR,https://www.sabic.com/en/Images/SABIC-Integrated-Annual-Report-2025-EN_tcm1010-49452.pdf,133,,data\raw\SA\2010\documents\888b4c0373f7da9588dc393a44c8d5682c0f2206bdfc8185ad4d9a37bf8ba6aa.pdf,888b4c0373f7da9588dc393a44c8d5682c0f2206bdfc8185ad4d9a37bf8ba6aa,
Saudi Basic Industries Corporation (SABIC),SA,2010,2025,,2025-12-31,fy,financial,finance_income,consolidated,{},2389890000,SAR,SAR,https://www.sabic.com/en/Images/SABIC-Integrated-Annual-Report-2025-EN_tcm1010-49452.pdf,133,,data\raw\SA\2010\documents\888b4c0373f7da9588dc393a44c8d5682c0f2206bdfc8185ad4d9a37bf8ba6aa.pdf,888b4c0373f7da9588dc393a44c8d5682c0f2206bdfc8185ad4d9a37bf8ba6aa,
Saudi Basic Industries Corporation (SABIC),SA,2010,2025,,2025-12-31,instant,financial,financial_assets_by_class,consolidated,"{""asset_class"":""Amortised cost""}",62477994000,SAR,SAR,https://www.sabic.com/en/Images/SABIC-Integrated-Annual-Report-2025-EN_tcm1010-49452.pdf,174,Financial assets and liabilities,data\raw\SA\2010\documents\888b4c0373f7da9588dc393a44c8d5682c0f2206bdfc8185ad4d9a37bf8ba6aa.pdf,888b4c0373f7da9588dc393a44c8d5682c0f2206bdfc8185ad4d9a37bf8ba6aa,
Saudi Basic Industries Corporation (SABIC),SA,2010,2025,,2025-12-31,instant,financial,financial_assets_by_class,consolidated,"{""asset_class"":""FVIS""}",3514376000,SAR,SAR,https://www.sabic.com/en/Images/SABIC-Integrated-Annual-Report-2025-EN_tcm1010-49452.pdf,174,Financial assets and liabilities,data\raw\SA\2010\documents\888b4c0373f7da9588dc393a44c8d5682c0f2206bdfc8185ad4d9a37bf8ba6aa.pdf,888b4c0373f7da9588dc393a44c8d5682c0f2206bdfc8185ad4d9a37bf8ba6aa,
Saudi Basic Industries Corporation (SABIC),SA,2010,2025,,2025-12-31,instant,financial,financial_assets_by_class,consolidated,"{""asset_class"":""FVOCI""}",114295000,SAR,SAR,https://www.sabic.com/en/Images/SABIC-Integrated-Annual-Report-2025-EN_tcm1010-49452.pdf,174,Financial assets and liabilities,data\raw\SA\2010\documents\888b4c0373f7da9588dc393a44c8d5682c0f2206bdfc8185ad4d9a37bf8ba6aa.pdf,888b4c0373f7da9588dc393a44c8d5682c0f2206bdfc8185ad4d9a37bf8ba6aa,
Saudi Basic Industries Corporation (SABIC),SA,2010,2025,,2025-12-31,instant,financial,financial_liabilities_by_class,consolidated,"{""liability_class"":""Amortised cost""}",56127979000,SAR,SAR,https://www.sabic.com/en/Images/SABIC-Integrated-Annual-Report-2025-EN_tcm1010-49452.pdf,174,Financial assets and liabilities,data\raw\SA\2010\documents\888b4c0373f7da9588dc393a44c8d5682c0f2206bdfc8185ad4d9a37bf8ba6aa.pdf,888b4c0373f7da9588dc393a44c8d5682c0f2206bdfc8185ad4d9a37bf8ba6aa,
Saudi Basic Industries Corporation (SABIC),SA,2010,2025,,2025-12-31,instant,financial,financial_liabilities_by_class,consolidated,"{""liability_class"":""FVIS""}",1870894000,SAR,SAR,https://www.sabic.com/en/Images/SABIC-Integrated-Annual-Report-2025-EN_tcm1010-49452.pdf,174,Financial assets and liabilities,data\raw\SA\2010\documents\888b4c0373f7da9588dc393a44c8d5682c0f2206bdfc8185ad4d9a37bf8ba6aa.pdf,888b4c0373f7da9588dc393a44c8d5682c0f2206bdfc8185ad4d9a37bf8ba6aa,
Saudi Basic Industries Corporation (SABIC),SA,2010,2025,,2025-12-31,fy,financial,financing_cash_flow,consolidated,{},-10873712000,SAR,SAR,https://www.sabic.com/en/Images/SABIC-Integrated-Annual-Report-2025-EN_tcm1010-49452.pdf,137,,data\raw\SA\2010\documents\888b4c0373f7da9588dc393a44c8d5682c0f2206bdfc8185ad4d9a37bf8ba6aa.pdf,888b4c0373f7da9588dc393a44c8d5682c0f2206bdfc8185ad4d9a37bf8ba6aa,
Saudi Basic Industries Corporation (SABIC),SA,2010,2025,,2025-12-31,fy,operational,flaring_reduction_since_2010,consolidated,{},0.5744,SAR,ratio,https://www.sabic.com/en/Images/SABIC-Integrated-Annual-Report-2025-EN_tcm1010-49452.pdf,231,Sustainability performance summary,data\raw\SA\2010\documents\888b4c0373f7da9588dc393a44c8d5682c0f2206bdfc8185ad4d9a37bf8ba6aa.pdf,888b4c0373f7da9588dc393a44c8d5682c0f2206bdfc8185ad4d9a37bf8ba6aa,
Saudi Basic Industries Corporation (SABIC),SA,2010,2025,,2025-12-31,fy,calculated,التدفق النقدي الحر,consolidated,{},7208971000,SAR,SAR,https://www.sabic.com/en/Images/SABIC-Integrated-Annual-Report-2025-EN_tcm1010-49452.pdf,,,data\raw\SA\2010\documents\888b4c0373f7da9588dc393a44c8d5682c0f2206bdfc8185ad4d9a37bf8ba6aa.pdf,888b4c0373f7da9588dc393a44c8d5682c0f2206bdfc8185ad4d9a37bf8ba6aa,operating_cash_flow - abs(capex)
Saudi Basic Industries Corporation (SABIC),SA,2010,2025,,2025-12-31,fy,calculated,free_cash_flow_growth,consolidated,{},0.170597822442215606832135857,,ratio,https://www.sabic.com/en/Images/SABIC-Integrated-Annual-Report-2025-EN_tcm1010-49452.pdf,,,data\raw\SA\2010\documents\888b4c0373f7da9588dc393a44c8d5682c0f2206bdfc8185ad4d9a37bf8ba6aa.pdf,888b4c0373f7da9588dc393a44c8d5682c0f2206bdfc8185ad4d9a37bf8ba6aa,free_cash_flow / prior_fy(free_cash_flow) - 1
Saudi Basic Industries Corporation (SABIC),SA,2010,2025,,2025-12-31,fy,financial,free_cash_flow_per_share,consolidated,{},2.402990333333333333333333333,SAR,SAR/share,https://www.sabic.com/en/Images/SABIC-Integrated-Annual-Report-2025-EN_tcm1010-49452.pdf,,,data\raw\SA\2010\documents\888b4c0373f7da9588dc393a44c8d5682c0f2206bdfc8185ad4d9a37bf8ba6aa.pdf,888b4c0373f7da9588dc393a44c8d5682c0f2206bdfc8185ad4d9a37bf8ba6aa,free_cash_flow / weighted_average_shares
Saudi Basic Industries Corporation (SABIC),SA,2010,2025,,2025-12-31,fy,financial,gain_loss_asset_sales,consolidated,{},-177622000,SAR,SAR,https://www.sabic.com/en/Images/SABIC-Integrated-Annual-Report-2025-EN_tcm1010-49452.pdf,136,Consolidated statement of cash flows,data\raw\SA\2010\documents\888b4c0373f7da9588dc393a44c8d5682c0f2206bdfc8185ad4d9a37bf8ba6aa.pdf,888b4c0373f7da9588dc393a44c8d5682c0f2206bdfc8185ad4d9a37bf8ba6aa,
Saudi Basic Industries Corporation (SABIC),SA,2010,2025,,2025-12-31,fy,financial,general_and_administrative_expense,consolidated,{},-7823915000,SAR,SAR,https://www.sabic.com/en/Images/SABIC-Integrated-Annual-Report-2025-EN_tcm1010-49452.pdf,133,,data\raw\SA\2010\documents\888b4c0373f7da9588dc393a44c8d5682c0f2206bdfc8185ad4d9a37bf8ba6aa.pdf,888b4c0373f7da9588dc393a44c8d5682c0f2206bdfc8185ad4d9a37bf8ba6aa,
Saudi Basic Industries Corporation (SABIC),SA,2010,2025,,2025-12-31,instant,financial,goodwill,consolidated,{},16531734000,SAR,SAR,https://www.sabic.com/en/Images/SABIC-Integrated-Annual-Report-2025-EN_tcm1010-49452.pdf,159,Intangible assets,data\raw\SA\2010\documents\888b4c0373f7da9588dc393a44c8d5682c0f2206bdfc8185ad4d9a37bf8ba6aa.pdf,888b4c0373f7da9588dc393a44c8d5682c0f2206bdfc8185ad4d9a37bf8ba6aa,
Saudi Basic Industries Corporation (SABIC),SA,2010,2025,,2025-12-31,instant,financial,goodwill_by_cash_generating_unit,consolidated,"{""cash_generating_unit"":""Petrochemicals""}",13757000000,SAR,SAR,https://www.sabic.com/en/Images/SABIC-Integrated-Annual-Report-2025-EN_tcm1010-49452.pdf,160,Goodwill impairment testing,data\raw\SA\2010\documents\888b4c0373f7da9588dc393a44c8d5682c0f2206bdfc8185ad4d9a37bf8ba6aa.pdf,888b4c0373f7da9588dc393a44c8d5682c0f2206bdfc8185ad4d9a37bf8ba6aa,
Saudi Basic Industries Corporation (SABIC),SA,2010,2025,,2025-12-31,instant,financial,goodwill_by_cash_generating_unit,consolidated,"{""cash_generating_unit"":""Specialties""}",2775000000,SAR,SAR,https://www.sabic.com/en/Images/SABIC-Integrated-Annual-Report-2025-EN_tcm1010-49452.pdf,160,Goodwill impairment testing,data\raw\SA\2010\documents\888b4c0373f7da9588dc393a44c8d5682c0f2206bdfc8185ad4d9a37bf8ba6aa.pdf,888b4c0373f7da9588dc393a44c8d5682c0f2206bdfc8185ad4d9a37bf8ba6aa,
Saudi Basic Industries Corporation (SABIC),SA,2010,2025,,2025-12-31,instant,calculated,graham_net_net,consolidated,{},-42796348750.00,SAR,SAR,https://www.sabic.com/en/Images/SABIC-Integrated-Annual-Report-2025-EN_tcm1010-49452.pdf,,,data\raw\SA\2010\documents\888b4c0373f7da9588dc393a44c8d5682c0f2206bdfc8185ad4d9a37bf8ba6aa.pdf,888b4c0373f7da9588dc393a44c8d5682c0f2206bdfc8185ad4d9a37bf8ba6aa,cash + 0.75 * accounts_receivable + 0.5 * inventory - total_liabilities
Saudi Basic Industries Corporation (SABIC),SA,2010,2025,,2025-12-31,fy,operational,greenhouse_gas_intensity,consolidated,{},1.05,SAR,tCO2e/tonne,https://www.sabic.com/en/Images/SABIC-Integrated-Annual-Report-2025-EN_tcm1010-49452.pdf,232,Sustainability performance summary,data\raw\SA\2010\documents\888b4c0373f7da9588dc393a44c8d5682c0f2206bdfc8185ad4d9a37bf8ba6aa.pdf,888b4c0373f7da9588dc393a44c8d5682c0f2206bdfc8185ad4d9a37bf8ba6aa,
Saudi Basic Industries Corporation (SABIC),SA,2010,2025,,2025-12-31,fy,ratio,gross_margin,consolidated,{},0.1801926577023922050038028679,,ratio,https://www.sabic.com/en/Images/SABIC-Integrated-Annual-Report-2025-EN_tcm1010-49452.pdf,,,data\raw\SA\2010\documents\888b4c0373f7da9588dc393a44c8d5682c0f2206bdfc8185ad4d9a37bf8ba6aa.pdf,888b4c0373f7da9588dc393a44c8d5682c0f2206bdfc8185ad4d9a37bf8ba6aa,gross_profit / revenue
Saudi Basic Industries Corporation (SABIC),SA,2010,2025,,2025-12-31,fy,financial,gross_profit,consolidated,{},20996988000,SAR,SAR,https://www.sabic.com/en/Images/SABIC-Integrated-Annual-Report-2025-EN_tcm1010-49452.pdf,133,,data\raw\SA\2010\documents\888b4c0373f7da9588dc393a44c8d5682c0f2206bdfc8185ad4d9a37bf8ba6aa.pdf,888b4c0373f7da9588dc393a44c8d5682c0f2206bdfc8185ad4d9a37bf8ba6aa,
Saudi Basic Industries Corporation (SABIC),SA,2010,2025,,2025-12-31,fy,calculated,gross_profit_growth,consolidated,{},-0.1720705161157707664347566392,,ratio,https://www.sabic.com/en/Images/SABIC-Integrated-Annual-Report-2025-EN_tcm1010-49452.pdf,,,data\raw\SA\2010\documents\888b4c0373f7da9588dc393a44c8d5682c0f2206bdfc8185ad4d9a37bf8ba6aa.pdf,888b4c0373f7da9588dc393a44c8d5682c0f2206bdfc8185ad4d9a37bf8ba6aa,gross_profit / prior_fy(gross_profit) - 1
Saudi Basic Industries Corporation (SABIC),SA,2010,2025,,2025-12-31,instant,financial,gross_property_plant_equipment,consolidated,{},243418277000,SAR,SAR,https://www.sabic.com/en/Images/SABIC-Integrated-Annual-Report-2025-EN_tcm1010-49452.pdf,155,"Property, plant and equipment",data\raw\SA\2010\documents\888b4c0373f7da9588dc393a44c8d5682c0f2206bdfc8185ad4d9a37bf8ba6aa.pdf,888b4c0373f7da9588dc393a44c8d5682c0f2206bdfc8185ad4d9a37bf8ba6aa,
Saudi Basic Industries Corporation (SABIC),SA,2010,2025,,2025-12-31,instant,financial,guarantees_issued,consolidated,"{""guarantee_type"":""Bank guarantees""}",1070000000,SAR,SAR,https://www.sabic.com/en/Images/SABIC-Integrated-Annual-Report-2025-EN_tcm1010-49452.pdf,213,Contingent liabilities,data\raw\SA\2010\documents\888b4c0373f7da9588dc393a44c8d5682c0f2206bdfc8185ad4d9a37bf8ba6aa.pdf,888b4c0373f7da9588dc393a44c8d5682c0f2206bdfc8185ad4d9a37bf8ba6aa,
Saudi Basic Industries Corporation (SABIC),SA,2010,2025,,2025-12-31,fy,operational,hazardous_waste_disposed,consolidated,{},116851,SAR,tonnes,https://www.sabic.com/en/Images/SABIC-Integrated-Annual-Report-2025-EN_tcm1010-49452.pdf,231,Sustainability performance summary,data\raw\SA\2010\documents\888b4c0373f7da9588dc393a44c8d5682c0f2206bdfc8185ad4d9a37bf8ba6aa.pdf,888b4c0373f7da9588dc393a44c8d5682c0f2206bdfc8185ad4d9a37bf8ba6aa,
Saudi Basic Industries Corporation (SABIC),SA,2010,2025,,2025-12-31,fy,operational,hazardous_waste_generated,consolidated,{},370714,SAR,tonnes,https://www.sabic.com/en/Images/SABIC-Integrated-Annual-Report-2025-EN_tcm1010-49452.pdf,231,Sustainability performance summary,data\raw\SA\2010\documents\888b4c0373f7da9588dc393a44c8d5682c0f2206bdfc8185ad4d9a37bf8ba6aa.pdf,888b4c0373f7da9588dc393a44c8d5682c0f2206bdfc8185ad4d9a37bf8ba6aa,
Saudi Basic Industries Corporation (SABIC),SA,2010,2025,,2025-12-31,fy,operational,hazardous_waste_recovered,consolidated,{},253863,SAR,tonnes,https://www.sabic.com/en/Images/SABIC-Integrated-Annual-Report-2025-EN_tcm1010-49452.pdf,231,Sustainability performance summary,data\raw\SA\2010\documents\888b4c0373f7da9588dc393a44c8d5682c0f2206bdfc8185ad4d9a37bf8ba6aa.pdf,888b4c0373f7da9588dc393a44c8d5682c0f2206bdfc8185ad4d9a37bf8ba6aa,
Saudi Basic Industries Corporation (SABIC),SA,2010,2025,,2025-12-31,fy,financial,impairment_by_asset_class,consolidated,"{""asset_class"":""Property plant and equipment""}",4447889000,SAR,SAR,https://www.sabic.com/en/Images/SABIC-Integrated-Annual-Report-2025-EN_tcm1010-49452.pdf,155,"Property, plant and equipment",data\raw\SA\2010\documents\888b4c0373f7da9588dc393a44c8d5682c0f2206bdfc8185ad4d9a37bf8ba6aa.pdf,888b4c0373f7da9588dc393a44c8d5682c0f2206bdfc8185ad4d9a37bf8ba6aa,
Saudi Basic Industries Corporation (SABIC),SA,2010,2025,,2025-12-31,fy,financial,impairment_by_asset_class,consolidated,"{""asset_class"":""Right-of-use assets""}",120814000,SAR,SAR,https://www.sabic.com/en/Images/SABIC-Integrated-Annual-Report-2025-EN_tcm1010-49452.pdf,157,Right-of-use assets,data\raw\SA\2010\documents\888b4c0373f7da9588dc393a44c8d5682c0f2206bdfc8185ad4d9a37bf8ba6aa.pdf,888b4c0373f7da9588dc393a44c8d5682c0f2206bdfc8185ad4d9a37bf8ba6aa,
Saudi Basic Industries Corporation (SABIC),SA,2010,2025,,2025-12-31,fy,financial,impairment_by_asset_class,consolidated,"{""asset_class"":""Intangible assets""}",7543000,SAR,SAR,https://www.sabic.com/en/Images/SABIC-Integrated-Annual-Report-2025-EN_tcm1010-49452.pdf,159,Intangible assets,data\raw\SA\2010\documents\888b4c0373f7da9588dc393a44c8d5682c0f2206bdfc8185ad4d9a37bf8ba6aa.pdf,888b4c0373f7da9588dc393a44c8d5682c0f2206bdfc8185ad4d9a37bf8ba6aa,
Saudi Basic Industries Corporation (SABIC),SA,2010,2025,,2025-12-31,fy,financial,impairment_charges,consolidated,{},4598013000,SAR,SAR,https://www.sabic.com/en/Images/SABIC-Integrated-Annual-Report-2025-EN_tcm1010-49452.pdf,136,Consolidated statement of cash flows,data\raw\SA\2010\documents\888b4c0373f7da9588dc393a44c8d5682c0f2206bdfc8185ad4d9a37bf8ba6aa.pdf,888b4c0373f7da9588dc393a44c8d5682c0f2206bdfc8185ad4d9a37bf8ba6aa,
Saudi Basic Industries Corporation (SABIC),SA,2010,2025,,2025-12-31,fy,financial,الدخل قبل الضرائب والزكاة,consolidated,{},1258302000,SAR,SAR,https://www.sabic.com/en/Images/SABIC-Integrated-Annual-Report-2025-EN_tcm1010-49452.pdf,133,,data\raw\SA\2010\documents\888b4c0373f7da9588dc393a44c8d5682c0f2206bdfc8185ad4d9a37bf8ba6aa.pdf,888b4c0373f7da9588dc393a44c8d5682c0f2206bdfc8185ad4d9a37bf8ba6aa,
Saudi Basic Industries Corporation (SABIC),SA,2010,2025,,2025-12-31,fy,calculated,income_quality,consolidated,{},-0.6454609078127751520467207114,,ratio,https://www.sabic.com/en/Images/SABIC-Integrated-Annual-Report-2025-EN_tcm1010-49452.pdf,,,data\raw\SA\2010\documents\888b4c0373f7da9588dc393a44c8d5682c0f2206bdfc8185ad4d9a37bf8ba6aa.pdf,888b4c0373f7da9588dc393a44c8d5682c0f2206bdfc8185ad4d9a37bf8ba6aa,operating_cash_flow / net_income
Saudi Basic Industries Corporation (SABIC),SA,2010,2025,,2025-12-31,fy,financial,income_tax_expense,consolidated,{},696178000,SAR,SAR,https://www.sabic.com/en/Images/SABIC-Integrated-Annual-Report-2025-EN_tcm1010-49452.pdf,197,Income tax,data\raw\SA\2010\documents\888b4c0373f7da9588dc393a44c8d5682c0f2206bdfc8185ad4d9a37bf8ba6aa.pdf,888b4c0373f7da9588dc393a44c8d5682c0f2206bdfc8185ad4d9a37bf8ba6aa,
Saudi Basic Industries Corporation (SABIC),SA,2010,2025,,2025-12-31,fy,financial,intangible_additions_by_class,consolidated,"{""asset_class"":""Total""}",24777000,SAR,SAR,https://www.sabic.com/en/Images/SABIC-Integrated-Annual-Report-2025-EN_tcm1010-49452.pdf,159,Intangible assets,data\raw\SA\2010\documents\888b4c0373f7da9588dc393a44c8d5682c0f2206bdfc8185ad4d9a37bf8ba6aa.pdf,888b4c0373f7da9588dc393a44c8d5682c0f2206bdfc8185ad4d9a37bf8ba6aa,
Saudi Basic Industries Corporation (SABIC),SA,2010,2025,,2025-12-31,fy,financial,intangible_amortization_by_class,consolidated,"{""asset_class"":""Total""}",392474000,SAR,SAR,https://www.sabic.com/en/Images/SABIC-Integrated-Annual-Report-2025-EN_tcm1010-49452.pdf,159,Intangible assets,data\raw\SA\2010\documents\888b4c0373f7da9588dc393a44c8d5682c0f2206bdfc8185ad4d9a37bf8ba6aa.pdf,888b4c0373f7da9588dc393a44c8d5682c0f2206bdfc8185ad4d9a37bf8ba6aa,
Saudi Basic Industries Corporation (SABIC),SA,2010,2025,,2025-12-31,instant,financial,intangible_assets,consolidated,{},18279953000,SAR,SAR,https://www.sabic.com/en/Images/SABIC-Integrated-Annual-Report-2025-EN_tcm1010-49452.pdf,132,,data\raw\SA\2010\documents\888b4c0373f7da9588dc393a44c8d5682c0f2206bdfc8185ad4d9a37bf8ba6aa.pdf,888b4c0373f7da9588dc393a44c8d5682c0f2206bdfc8185ad4d9a37bf8ba6aa,
Saudi Basic Industries Corporation (SABIC),SA,2010,2025,,2025-12-31,instant,financial,intangible_assets_by_class,consolidated,"{""asset_class"":""Goodwill""}",16531734000,SAR,SAR,https://www.sabic.com/en/Images/SABIC-Integrated-Annual-Report-2025-EN_tcm1010-49452.pdf,159,Intangible assets,data\raw\SA\2010\documents\888b4c0373f7da9588dc393a44c8d5682c0f2206bdfc8185ad4d9a37bf8ba6aa.pdf,888b4c0373f7da9588dc393a44c8d5682c0f2206bdfc8185ad4d9a37bf8ba6aa,
Saudi Basic Industries Corporation (SABIC),SA,2010,2025,,2025-12-31,instant,financial,intangible_assets_by_class,consolidated,"{""asset_class"":""Software and IT development""}",626255000,SAR,SAR,https://www.sabic.com/en/Images/SABIC-Integrated-Annual-Report-2025-EN_tcm1010-49452.pdf,159,Intangible assets,data\raw\SA\2010\documents\888b4c0373f7da9588dc393a44c8d5682c0f2206bdfc8185ad4d9a37bf8ba6aa.pdf,888b4c0373f7da9588dc393a44c8d5682c0f2206bdfc8185ad4d9a37bf8ba6aa,
Saudi Basic Industries Corporation (SABIC),SA,2010,2025,,2025-12-31,instant,financial,intangible_assets_by_class,consolidated,"{""asset_class"":""Licences""}",800622000,SAR,SAR,https://www.sabic.com/en/Images/SABIC-Integrated-Annual-Report-2025-EN_tcm1010-49452.pdf,159,Intangible assets,data\raw\SA\2010\documents\888b4c0373f7da9588dc393a44c8d5682c0f2206bdfc8185ad4d9a37bf8ba6aa.pdf,888b4c0373f7da9588dc393a44c8d5682c0f2206bdfc8185ad4d9a37bf8ba6aa,
Saudi Basic Industries Corporation (SABIC),SA,2010,2025,,2025-12-31,instant,financial,intangible_assets_by_class,consolidated,"{""asset_class"":""Others""}",310604000,SAR,SAR,https://www.sabic.com/en/Images/SABIC-Integrated-Annual-Report-2025-EN_tcm1010-49452.pdf,159,Intangible assets,data\raw\SA\2010\documents\888b4c0373f7da9588dc393a44c8d5682c0f2206bdfc8185ad4d9a37bf8ba6aa.pdf,888b4c0373f7da9588dc393a44c8d5682c0f2206bdfc8185ad4d9a37bf8ba6aa,
Saudi Basic Industries Corporation (SABIC),SA,2010,2025,,2025-12-31,instant,financial,intangible_assets_by_class,consolidated,"{""asset_class"":""Under development""}",10738000,SAR,SAR,https://www.sabic.com/en/Images/SABIC-Integrated-Annual-Report-2025-EN_tcm1010-49452.pdf,159,Intangible assets,data\raw\SA\2010\documents\888b4c0373f7da9588dc393a44c8d5682c0f2206bdfc8185ad4d9a37bf8ba6aa.pdf,888b4c0373f7da9588dc393a44c8d5682c0f2206bdfc8185ad4d9a37bf8ba6aa,
Saudi Basic Industries Corporation (SABIC),SA,2010,2025,,2025-12-31,fy,ratio,interest_coverage,consolidated,{},1.081288921935883712874437349,,ratio,https://www.sabic.com/en/Images/SABIC-Integrated-Annual-Report-2025-EN_tcm1010-49452.pdf,,,data\raw\SA\2010\documents\888b4c0373f7da9588dc393a44c8d5682c0f2206bdfc8185ad4d9a37bf8ba6aa.pdf,888b4c0373f7da9588dc393a44c8d5682c0f2206bdfc8185ad4d9a37bf8ba6aa,ebit / abs(finance_costs)
Saudi Basic Industries Corporation (SABIC),SA,2010,2025,,2025-12-31,fy,financial,interest_expense,consolidated,{},-4038693000,SAR,SAR,https://www.sabic.com/en/Images/SABIC-Integrated-Annual-Report-2025-EN_tcm1010-49452.pdf,133,Consolidated statement of income,data\raw\SA\2010\documents\888b4c0373f7da9588dc393a44c8d5682c0f2206bdfc8185ad4d9a37bf8ba6aa.pdf,888b4c0373f7da9588dc393a44c8d5682c0f2206bdfc8185ad4d9a37bf8ba6aa,
Saudi Basic Industries Corporation (SABIC),SA,2010,2025,,2025-12-31,fy,financial,interest_income,consolidated,{},2389890000,SAR,SAR,https://www.sabic.com/en/Images/SABIC-Integrated-Annual-Report-2025-EN_tcm1010-49452.pdf,133,Consolidated statement of income,data\raw\SA\2010\documents\888b4c0373f7da9588dc393a44c8d5682c0f2206bdfc8185ad4d9a37bf8ba6aa.pdf,888b4c0373f7da9588dc393a44c8d5682c0f2206bdfc8185ad4d9a37bf8ba6aa,
Saudi Basic Industries Corporation (SABIC),SA,2010,2025,,2025-12-31,fy,financial,interest_paid,consolidated,{},-2216133000,SAR,SAR,https://www.sabic.com/en/Images/SABIC-Integrated-Annual-Report-2025-EN_tcm1010-49452.pdf,136,,data\raw\SA\2010\documents\888b4c0373f7da9588dc393a44c8d5682c0f2206bdfc8185ad4d9a37bf8ba6aa.pdf,888b4c0373f7da9588dc393a44c8d5682c0f2206bdfc8185ad4d9a37bf8ba6aa,
Saudi Basic Industries Corporation (SABIC),SA,2010,2025,,2025-12-31,fy,financial,interest_received,consolidated,{},2354784000,SAR,SAR,https://www.sabic.com/en/Images/SABIC-Integrated-Annual-Report-2025-EN_tcm1010-49452.pdf,136,,data\raw\SA\2010\documents\888b4c0373f7da9588dc393a44c8d5682c0f2206bdfc8185ad4d9a37bf8ba6aa.pdf,888b4c0373f7da9588dc393a44c8d5682c0f2206bdfc8185ad4d9a37bf8ba6aa,
Saudi Basic Industries Corporation (SABIC),SA,2010,2025,,2025-12-31,fy,operational,international_revenue_chemicals,consolidated,{},98441390000,SAR,SAR,https://www.sabic.com/en/Images/SABIC-Integrated-Annual-Report-2025-EN_tcm1010-49452.pdf,208,Geographical information,data\raw\SA\2010\documents\888b4c0373f7da9588dc393a44c8d5682c0f2206bdfc8185ad4d9a37bf8ba6aa.pdf,888b4c0373f7da9588dc393a44c8d5682c0f2206bdfc8185ad4d9a37bf8ba6aa,
Saudi Basic Industries Corporation (SABIC),SA,2010,2025,,2025-12-31,instant,financial,inventory,consolidated,{},12847432000,SAR,SAR,https://www.sabic.com/en/Images/SABIC-Integrated-Annual-Report-2025-EN_tcm1010-49452.pdf,132,,data\raw\SA\2010\documents\888b4c0373f7da9588dc393a44c8d5682c0f2206bdfc8185ad4d9a37bf8ba6aa.pdf,888b4c0373f7da9588dc393a44c8d5682c0f2206bdfc8185ad4d9a37bf8ba6aa,
Saudi Basic Industries Corporation (SABIC),SA,2010,2025,,2025-12-31,instant,ratio,inventory_to_assets,consolidated,{},0.05259043300807296789992741029,,ratio,https://www.sabic.com/en/Images/SABIC-Integrated-Annual-Report-2025-EN_tcm1010-49452.pdf,,,data\raw\SA\2010\documents\888b4c0373f7da9588dc393a44c8d5682c0f2206bdfc8185ad4d9a37bf8ba6aa.pdf,888b4c0373f7da9588dc393a44c8d5682c0f2206bdfc8185ad4d9a37bf8ba6aa,inventory / total_assets
Saudi Basic Industries Corporation (SABIC),SA,2010,2025,,2025-12-31,instant,financial,invested_capital,consolidated,{},160619576000,SAR,SAR,https://www.sabic.com/en/Images/SABIC-Integrated-Annual-Report-2025-EN_tcm1010-49452.pdf,,,data\raw\SA\2010\documents\888b4c0373f7da9588dc393a44c8d5682c0f2206bdfc8185ad4d9a37bf8ba6aa.pdf,888b4c0373f7da9588dc393a44c8d5682c0f2206bdfc8185ad4d9a37bf8ba6aa,total_equity + current_debt + long_term_debt - cash
Saudi Basic Industries Corporation (SABIC),SA,2010,2025,,2025-12-31,fy,financial,investing_cash_flow,consolidated,{},-7717198000,SAR,SAR,https://www.sabic.com/en/Images/SABIC-Integrated-Annual-Report-2025-EN_tcm1010-49452.pdf,137,,data\raw\SA\2010\documents\888b4c0373f7da9588dc393a44c8d5682c0f2206bdfc8185ad4d9a37bf8ba6aa.pdf,888b4c0373f7da9588dc393a44c8d5682c0f2206bdfc8185ad4d9a37bf8ba6aa,
Saudi Basic Industries Corporation (SABIC),SA,2010,2025,,2025-12-31,fy,financial,investment_fair_value_change,consolidated,{},15175854000,SAR,SAR,https://www.sabic.com/en/Images/SABIC-Integrated-Annual-Report-2025-EN_tcm1010-49452.pdf,136,Consolidated statement of cash flows,data\raw\SA\2010\documents\888b4c0373f7da9588dc393a44c8d5682c0f2206bdfc8185ad4d9a37bf8ba6aa.pdf,888b4c0373f7da9588dc393a44c8d5682c0f2206bdfc8185ad4d9a37bf8ba6aa,
Saudi Basic Industries Corporation (SABIC),SA,2010,2025,,2025-12-31,instant,financial,investments_associates,consolidated,{},33326389000,SAR,SAR,https://www.sabic.com/en/Images/SABIC-Integrated-Annual-Report-2025-EN_tcm1010-49452.pdf,132,,data\raw\SA\2010\documents\888b4c0373f7da9588dc393a44c8d5682c0f2206bdfc8185ad4d9a37bf8ba6aa.pdf,888b4c0373f7da9588dc393a44c8d5682c0f2206bdfc8185ad4d9a37bf8ba6aa,
Saudi Basic Industries Corporation (SABIC),SA,2010,2025,,2025-12-31,instant,financial,land,consolidated,{},1675000000,SAR,SAR,https://www.sabic.com/en/Images/SABIC-Integrated-Annual-Report-2025-EN_tcm1010-49452.pdf,156,Land and buildings note,data\raw\SA\2010\documents\888b4c0373f7da9588dc393a44c8d5682c0f2206bdfc8185ad4d9a37bf8ba6aa.pdf,888b4c0373f7da9588dc393a44c8d5682c0f2206bdfc8185ad4d9a37bf8ba6aa,
Saudi Basic Industries Corporation (SABIC),SA,2010,2025,,2025-12-31,fy,financial,lease_interest_expense,consolidated,{},176676000,SAR,SAR,https://www.sabic.com/en/Images/SABIC-Integrated-Annual-Report-2025-EN_tcm1010-49452.pdf,186,Lease liabilities,data\raw\SA\2010\documents\888b4c0373f7da9588dc393a44c8d5682c0f2206bdfc8185ad4d9a37bf8ba6aa.pdf,888b4c0373f7da9588dc393a44c8d5682c0f2206bdfc8185ad4d9a37bf8ba6aa,
Saudi Basic Industries Corporation (SABIC),SA,2010,2025,,2025-12-31,instant,financial,lease_liabilities_current,consolidated,{},484630000,SAR,SAR,https://www.sabic.com/en/Images/SABIC-Integrated-Annual-Report-2025-EN_tcm1010-49452.pdf,185,Lease liabilities,data\raw\SA\2010\documents\888b4c0373f7da9588dc393a44c8d5682c0f2206bdfc8185ad4d9a37bf8ba6aa.pdf,888b4c0373f7da9588dc393a44c8d5682c0f2206bdfc8185ad4d9a37bf8ba6aa,
Saudi Basic Industries Corporation (SABIC),SA,2010,2025,,2025-12-31,instant,financial,lease_liabilities_noncurrent,consolidated,{},3024234000,SAR,SAR,https://www.sabic.com/en/Images/SABIC-Integrated-Annual-Report-2025-EN_tcm1010-49452.pdf,185,Lease liabilities,data\raw\SA\2010\documents\888b4c0373f7da9588dc393a44c8d5682c0f2206bdfc8185ad4d9a37bf8ba6aa.pdf,888b4c0373f7da9588dc393a44c8d5682c0f2206bdfc8185ad4d9a37bf8ba6aa,
Saudi Basic Industries Corporation (SABIC),SA,2010,2025,,2025-12-31,instant,financial,lease_maturity_by_band,consolidated,"{""maturity_band"":""Within 1 year""}",482300000,SAR,SAR,https://www.sabic.com/en/Images/SABIC-Integrated-Annual-Report-2025-EN_tcm1010-49452.pdf,211,Liquidity risk maturity profile,data\raw\SA\2010\documents\888b4c0373f7da9588dc393a44c8d5682c0f2206bdfc8185ad4d9a37bf8ba6aa.pdf,888b4c0373f7da9588dc393a44c8d5682c0f2206bdfc8185ad4d9a37bf8ba6aa,
Saudi Basic Industries Corporation (SABIC),SA,2010,2025,,2025-12-31,instant,financial,lease_maturity_by_band,consolidated,"{""maturity_band"":""1-2 years""}",323189000,SAR,SAR,https://www.sabic.com/en/Images/SABIC-Integrated-Annual-Report-2025-EN_tcm1010-49452.pdf,211,Liquidity risk maturity profile,data\raw\SA\2010\documents\888b4c0373f7da9588dc393a44c8d5682c0f2206bdfc8185ad4d9a37bf8ba6aa.pdf,888b4c0373f7da9588dc393a44c8d5682c0f2206bdfc8185ad4d9a37bf8ba6aa,
Saudi Basic Industries Corporation (SABIC),SA,2010,2025,,2025-12-31,instant,financial,lease_maturity_by_band,consolidated,"{""maturity_band"":""2-5 years""}",487597000,SAR,SAR,https://www.sabic.com/en/Images/SABIC-Integrated-Annual-Report-2025-EN_tcm1010-49452.pdf,211,Liquidity risk maturity profile,data\raw\SA\2010\documents\888b4c0373f7da9588dc393a44c8d5682c0f2206bdfc8185ad4d9a37bf8ba6aa.pdf,888b4c0373f7da9588dc393a44c8d5682c0f2206bdfc8185ad4d9a37bf8ba6aa,
Saudi Basic Industries Corporation (SABIC),SA,2010,2025,,2025-12-31,instant,financial,lease_maturity_by_band,consolidated,"{""maturity_band"":""More than 5 years""}",6958277000,SAR,SAR,https://www.sabic.com/en/Images/SABIC-Integrated-Annual-Report-2025-EN_tcm1010-49452.pdf,211,Liquidity risk maturity profile,data\raw\SA\2010\documents\888b4c0373f7da9588dc393a44c8d5682c0f2206bdfc8185ad4d9a37bf8ba6aa.pdf,888b4c0373f7da9588dc393a44c8d5682c0f2206bdfc8185ad4d9a37bf8ba6aa,
Saudi Basic Industries Corporation (SABIC),SA,2010,2025,,2025-12-31,fy,financial,lease_payments,consolidated,{},-1102688000,SAR,SAR,https://www.sabic.com/en/Images/SABIC-Integrated-Annual-Report-2025-EN_tcm1010-49452.pdf,137,,data\raw\SA\2010\documents\888b4c0373f7da9588dc393a44c8d5682c0f2206bdfc8185ad4d9a37bf8ba6aa.pdf,888b4c0373f7da9588dc393a44c8d5682c0f2206bdfc8185ad4d9a37bf8ba6aa,
Saudi Basic Industries Corporation (SABIC),SA,2010,2025,,2025-12-31,instant,financial,liabilities_held_for_sale,consolidated,{},6987352000,SAR,SAR,https://www.sabic.com/en/Images/SABIC-Integrated-Annual-Report-2025-EN_tcm1010-49452.pdf,132,,data\raw\SA\2010\documents\888b4c0373f7da9588dc393a44c8d5682c0f2206bdfc8185ad4d9a37bf8ba6aa.pdf,888b4c0373f7da9588dc393a44c8d5682c0f2206bdfc8185ad4d9a37bf8ba6aa,
Saudi Basic Industries Corporation (SABIC),SA,2010,2025,,2025-12-31,instant,ratio,liabilities_to_assets,consolidated,{},0.3662525943471733351245217259,,ratio,https://www.sabic.com/en/Images/SABIC-Integrated-Annual-Report-2025-EN_tcm1010-49452.pdf,,,data\raw\SA\2010\documents\888b4c0373f7da9588dc393a44c8d5682c0f2206bdfc8185ad4d9a37bf8ba6aa.pdf,888b4c0373f7da9588dc393a44c8d5682c0f2206bdfc8185ad4d9a37bf8ba6aa,total_liabilities / total_assets
Saudi Basic Industries Corporation (SABIC),SA,2010,2025,,2025-12-31,instant,ratio,الالتزامات إلى حقوق الملكية,consolidated,{},0.5779157296429395821552009381,,ratio,https://www.sabic.com/en/Images/SABIC-Integrated-Annual-Report-2025-EN_tcm1010-49452.pdf,,,data\raw\SA\2010\documents\888b4c0373f7da9588dc393a44c8d5682c0f2206bdfc8185ad4d9a37bf8ba6aa.pdf,888b4c0373f7da9588dc393a44c8d5682c0f2206bdfc8185ad4d9a37bf8ba6aa,total_liabilities / total_equity
Saudi Basic Industries Corporation (SABIC),SA,2010,2025,,2025-12-31,instant,financial,long_term_debt,consolidated,{},21311688000,SAR,SAR,https://www.sabic.com/en/Images/SABIC-Integrated-Annual-Report-2025-EN_tcm1010-49452.pdf,184,Debt,data\raw\SA\2010\documents\888b4c0373f7da9588dc393a44c8d5682c0f2206bdfc8185ad4d9a37bf8ba6aa.pdf,888b4c0373f7da9588dc393a44c8d5682c0f2206bdfc8185ad4d9a37bf8ba6aa,
Saudi Basic Industries Corporation (SABIC),SA,2010,2025,,2025-12-31,instant,ratio,long_term_debt_to_capital,consolidated,{},0.1131398387258025210337429220,,ratio,https://www.sabic.com/en/Images/SABIC-Integrated-Annual-Report-2025-EN_tcm1010-49452.pdf,,,data\raw\SA\2010\documents\888b4c0373f7da9588dc393a44c8d5682c0f2206bdfc8185ad4d9a37bf8ba6aa.pdf,888b4c0373f7da9588dc393a44c8d5682c0f2206bdfc8185ad4d9a37bf8ba6aa,long_term_debt / (total_debt + total_equity)
Saudi Basic Industries Corporation (SABIC),SA,2010,2025,,2025-12-31,fy,financial,low_value_lease_expense,consolidated,{},954000,SAR,SAR,https://www.sabic.com/en/Images/SABIC-Integrated-Annual-Report-2025-EN_tcm1010-49452.pdf,186,Lease liabilities,data\raw\SA\2010\documents\888b4c0373f7da9588dc393a44c8d5682c0f2206bdfc8185ad4d9a37bf8ba6aa.pdf,888b4c0373f7da9588dc393a44c8d5682c0f2206bdfc8185ad4d9a37bf8ba6aa,
Saudi Basic Industries Corporation (SABIC),SA,2010,2025,,2025-12-31,instant,financial,machinery_equipment,consolidated,{},72094291000,SAR,SAR,https://www.sabic.com/en/Images/SABIC-Integrated-Annual-Report-2025-EN_tcm1010-49452.pdf,155,Property plant and equipment by class,data\raw\SA\2010\documents\888b4c0373f7da9588dc393a44c8d5682c0f2206bdfc8185ad4d9a37bf8ba6aa.pdf,888b4c0373f7da9588dc393a44c8d5682c0f2206bdfc8185ad4d9a37bf8ba6aa,
Saudi Basic Industries Corporation (SABIC),SA,2010,2025,,2025-12-31,as_of,calculated,market_cap,consolidated,{},153900000000,SAR,SAR,https://www.sabic.com/en/Images/SABIC-Integrated-Annual-Report-2025-EN_tcm1010-49452.pdf,19,Five-year overview and dividend,data\raw\SA\2010\documents\888b4c0373f7da9588dc393a44c8d5682c0f2206bdfc8185ad4d9a37bf8ba6aa.pdf,888b4c0373f7da9588dc393a44c8d5682c0f2206bdfc8185ad4d9a37bf8ba6aa,
Saudi Basic Industries Corporation (SABIC),SA,2010,2025,,2025-12-31,as_of,calculated,market_cap_to_equity,consolidated,{},0.9940605624195720874795772712,,ratio,https://www.sabic.com/en/Images/SABIC-Integrated-Annual-Report-2025-EN_tcm1010-49452.pdf,,,data\raw\SA\2010\documents\888b4c0373f7da9588dc393a44c8d5682c0f2206bdfc8185ad4d9a37bf8ba6aa.pdf,888b4c0373f7da9588dc393a44c8d5682c0f2206bdfc8185ad4d9a37bf8ba6aa,reported_year_end_market_cap / total_equity
Saudi Basic Industries Corporation (SABIC),SA,2010,2025,,2025-12-31,as_of,calculated,market_cap_to_net_income,consolidated,{},-6.224477720212031838587765904,,ratio,https://www.sabic.com/en/Images/SABIC-Integrated-Annual-Report-2025-EN_tcm1010-49452.pdf,,,data\raw\SA\2010\documents\888b4c0373f7da9588dc393a44c8d5682c0f2206bdfc8185ad4d9a37bf8ba6aa.pdf,888b4c0373f7da9588dc393a44c8d5682c0f2206bdfc8185ad4d9a37bf8ba6aa,reported_year_end_market_cap / net_income
Saudi Basic Industries Corporation (SABIC),SA,2010,2025,,2025-12-31,fy,operational,material_loss_intensity,consolidated,{},0.06,SAR,tonne/tonne,https://www.sabic.com/en/Images/SABIC-Integrated-Annual-Report-2025-EN_tcm1010-49452.pdf,231,Sustainability performance summary,data\raw\SA\2010\documents\888b4c0373f7da9588dc393a44c8d5682c0f2206bdfc8185ad4d9a37bf8ba6aa.pdf,888b4c0373f7da9588dc393a44c8d5682c0f2206bdfc8185ad4d9a37bf8ba6aa,
Saudi Basic Industries Corporation (SABIC),SA,2010,2025,,2025-12-31,instant,calculated,net_current_asset_value,consolidated,{},-1899016000,SAR,SAR,https://www.sabic.com/en/Images/SABIC-Integrated-Annual-Report-2025-EN_tcm1010-49452.pdf,,,data\raw\SA\2010\documents\888b4c0373f7da9588dc393a44c8d5682c0f2206bdfc8185ad4d9a37bf8ba6aa.pdf,888b4c0373f7da9588dc393a44c8d5682c0f2206bdfc8185ad4d9a37bf8ba6aa,current_assets - total_liabilities
Saudi Basic Industries Corporation (SABIC),SA,2010,2025,,2025-12-31,instant,financial,net_debt,consolidated,{},-3610000000.00,SAR,SAR,https://www.sabic.com/en/Images/SABIC-Integrated-Annual-Report-2025-EN_tcm1010-49452.pdf,39,2025 financial highlights,data\raw\SA\2010\documents\888b4c0373f7da9588dc393a44c8d5682c0f2206bdfc8185ad4d9a37bf8ba6aa.pdf,888b4c0373f7da9588dc393a44c8d5682c0f2206bdfc8185ad4d9a37bf8ba6aa,
Saudi Basic Industries Corporation (SABIC),SA,2010,2025,,2025-12-31,fy,ratio,net_debt_to_ebitda,consolidated,{},-0.2197200243457090687766281193,,ratio,https://www.sabic.com/en/Images/SABIC-Integrated-Annual-Report-2025-EN_tcm1010-49452.pdf,,,data\raw\SA\2010\documents\888b4c0373f7da9588dc393a44c8d5682c0f2206bdfc8185ad4d9a37bf8ba6aa.pdf,888b4c0373f7da9588dc393a44c8d5682c0f2206bdfc8185ad4d9a37bf8ba6aa,net_debt / ebitda
Saudi Basic Industries Corporation (SABIC),SA,2010,2025,,2025-12-31,instant,ratio,net_debt_to_equity,consolidated,{},0.03746319723296428065240162416,,ratio,https://www.sabic.com/en/Images/SABIC-Integrated-Annual-Report-2025-EN_tcm1010-49452.pdf,,,data\raw\SA\2010\documents\888b4c0373f7da9588dc393a44c8d5682c0f2206bdfc8185ad4d9a37bf8ba6aa.pdf,888b4c0373f7da9588dc393a44c8d5682c0f2206bdfc8185ad4d9a37bf8ba6aa,(current_debt + long_term_debt - cash) / total_equity
Saudi Basic Industries Corporation (SABIC),SA,2010,2025,,2025-12-31,fy,financial,صافي الربح,consolidated,{},-24724966000,SAR,SAR,https://www.sabic.com/en/Images/SABIC-Integrated-Annual-Report-2025-EN_tcm1010-49452.pdf,133,,data\raw\SA\2010\documents\888b4c0373f7da9588dc393a44c8d5682c0f2206bdfc8185ad4d9a37bf8ba6aa.pdf,888b4c0373f7da9588dc393a44c8d5682c0f2206bdfc8185ad4d9a37bf8ba6aa,
Saudi Basic Industries Corporation (SABIC),SA,2010,2025,,2025-12-31,fy,financial,net_income_cash_flow,consolidated,"{""basis"":""continuing_operations""}",1258302000,SAR,SAR,https://www.sabic.com/en/Images/SABIC-Integrated-Annual-Report-2025-EN_tcm1010-49452.pdf,136,Consolidated statement of cash flows,data\raw\SA\2010\documents\888b4c0373f7da9588dc393a44c8d5682c0f2206bdfc8185ad4d9a37bf8ba6aa.pdf,888b4c0373f7da9588dc393a44c8d5682c0f2206bdfc8185ad4d9a37bf8ba6aa,
Saudi Basic Industries Corporation (SABIC),SA,2010,2025,,2025-12-31,fy,financial,net_income_cash_flow,consolidated,"{""basis"":""discontinued_operations""}",-22357920000,SAR,SAR,https://www.sabic.com/en/Images/SABIC-Integrated-Annual-Report-2025-EN_tcm1010-49452.pdf,136,Consolidated statement of cash flows,data\raw\SA\2010\documents\888b4c0373f7da9588dc393a44c8d5682c0f2206bdfc8185ad4d9a37bf8ba6aa.pdf,888b4c0373f7da9588dc393a44c8d5682c0f2206bdfc8185ad4d9a37bf8ba6aa,
Saudi Basic Industries Corporation (SABIC),SA,2010,2025,,2025-12-31,fy,calculated,net_income_growth,consolidated,{},-7.640899671916274859762001646,,ratio,https://www.sabic.com/en/Images/SABIC-Integrated-Annual-Report-2025-EN_tcm1010-49452.pdf,,,data\raw\SA\2010\documents\888b4c0373f7da9588dc393a44c8d5682c0f2206bdfc8185ad4d9a37bf8ba6aa.pdf,888b4c0373f7da9588dc393a44c8d5682c0f2206bdfc8185ad4d9a37bf8ba6aa,net_income / prior_fy(net_income) - 1
Saudi Basic Industries Corporation (SABIC),SA,2010,2025,,2025-12-31,fy,financial,net_income_noncontrolling,consolidated,{},1054265000,SAR,SAR,https://www.sabic.com/en/Images/SABIC-Integrated-Annual-Report-2025-EN_tcm1010-49452.pdf,133,,data\raw\SA\2010\documents\888b4c0373f7da9588dc393a44c8d5682c0f2206bdfc8185ad4d9a37bf8ba6aa.pdf,888b4c0373f7da9588dc393a44c8d5682c0f2206bdfc8185ad4d9a37bf8ba6aa,
Saudi Basic Industries Corporation (SABIC),SA,2010,2025,,2025-12-31,fy,financial,صافي الربح العائد لمساهمي الشركة,consolidated,{},-25779231000,SAR,SAR,https://www.sabic.com/en/Images/SABIC-Integrated-Annual-Report-2025-EN_tcm1010-49452.pdf,133,,data\raw\SA\2010\documents\888b4c0373f7da9588dc393a44c8d5682c0f2206bdfc8185ad4d9a37bf8ba6aa.pdf,888b4c0373f7da9588dc393a44c8d5682c0f2206bdfc8185ad4d9a37bf8ba6aa,
Saudi Basic Industries Corporation (SABIC),SA,2010,2025,,2025-12-31,fy,financial,net_interest_employee_benefits,consolidated,{},695175000,SAR,SAR,https://www.sabic.com/en/Images/SABIC-Integrated-Annual-Report-2025-EN_tcm1010-49452.pdf,187,Employee benefits movement,data\raw\SA\2010\documents\888b4c0373f7da9588dc393a44c8d5682c0f2206bdfc8185ad4d9a37bf8ba6aa.pdf,888b4c0373f7da9588dc393a44c8d5682c0f2206bdfc8185ad4d9a37bf8ba6aa,
Saudi Basic Industries Corporation (SABIC),SA,2010,2025,,2025-12-31,fy,ratio,هامش صافي الربح,consolidated,{},-0.2121855446667534118409771811,,ratio,https://www.sabic.com/en/Images/SABIC-Integrated-Annual-Report-2025-EN_tcm1010-49452.pdf,,,data\raw\SA\2010\documents\888b4c0373f7da9588dc393a44c8d5682c0f2206bdfc8185ad4d9a37bf8ba6aa.pdf,888b4c0373f7da9588dc393a44c8d5682c0f2206bdfc8185ad4d9a37bf8ba6aa,net_income / revenue
Saudi Basic Industries Corporation (SABIC),SA,2010,2025,,2025-12-31,fy,operational,new_products_introduced,consolidated,{},148,SAR,count,https://www.sabic.com/en/Images/SABIC-Integrated-Annual-Report-2025-EN_tcm1010-49452.pdf,23,Business model,data\raw\SA\2010\documents\888b4c0373f7da9588dc393a44c8d5682c0f2206bdfc8185ad4d9a37bf8ba6aa.pdf,888b4c0373f7da9588dc393a44c8d5682c0f2206bdfc8185ad4d9a37bf8ba6aa,
Saudi Basic Industries Corporation (SABIC),SA,2010,2025,,2025-12-31,instant,financial,noncontrolling_interests,consolidated,{},26100907000,SAR,SAR,https://www.sabic.com/en/Images/SABIC-Integrated-Annual-Report-2025-EN_tcm1010-49452.pdf,132,,data\raw\SA\2010\documents\888b4c0373f7da9588dc393a44c8d5682c0f2206bdfc8185ad4d9a37bf8ba6aa.pdf,888b4c0373f7da9588dc393a44c8d5682c0f2206bdfc8185ad4d9a37bf8ba6aa,
Saudi Basic Industries Corporation (SABIC),SA,2010,2025,,2025-12-31,instant,financial,noncurrent_assets,consolidated,{},156718557000,SAR,SAR,https://www.sabic.com/en/Images/SABIC-Integrated-Annual-Report-2025-EN_tcm1010-49452.pdf,132,,data\raw\SA\2010\documents\888b4c0373f7da9588dc393a44c8d5682c0f2206bdfc8185ad4d9a37bf8ba6aa.pdf,888b4c0373f7da9588dc393a44c8d5682c0f2206bdfc8185ad4d9a37bf8ba6aa,
Saudi Basic Industries Corporation (SABIC),SA,2010,2025,,2025-12-31,instant,financial,noncurrent_liabilities,consolidated,{},40837404000,SAR,SAR,https://www.sabic.com/en/Images/SABIC-Integrated-Annual-Report-2025-EN_tcm1010-49452.pdf,132,,data\raw\SA\2010\documents\888b4c0373f7da9588dc393a44c8d5682c0f2206bdfc8185ad4d9a37bf8ba6aa.pdf,888b4c0373f7da9588dc393a44c8d5682c0f2206bdfc8185ad4d9a37bf8ba6aa,
Saudi Basic Industries Corporation (SABIC),SA,2010,2025,,2025-12-31,fy,operational,nonhazardous_waste_disposed,consolidated,{},73280,SAR,tonnes,https://www.sabic.com/en/Images/SABIC-Integrated-Annual-Report-2025-EN_tcm1010-49452.pdf,231,Sustainability performance summary,data\raw\SA\2010\documents\888b4c0373f7da9588dc393a44c8d5682c0f2206bdfc8185ad4d9a37bf8ba6aa.pdf,888b4c0373f7da9588dc393a44c8d5682c0f2206bdfc8185ad4d9a37bf8ba6aa,
Saudi Basic Industries Corporation (SABIC),SA,2010,2025,,2025-12-31,fy,operational,nonhazardous_waste_generated,consolidated,{},93825,SAR,tonnes,https://www.sabic.com/en/Images/SABIC-Integrated-Annual-Report-2025-EN_tcm1010-49452.pdf,231,Sustainability performance summary,data\raw\SA\2010\documents\888b4c0373f7da9588dc393a44c8d5682c0f2206bdfc8185ad4d9a37bf8ba6aa.pdf,888b4c0373f7da9588dc393a44c8d5682c0f2206bdfc8185ad4d9a37bf8ba6aa,
Saudi Basic Industries Corporation (SABIC),SA,2010,2025,,2025-12-31,fy,operational,nonhazardous_waste_recovered,consolidated,{},20545,SAR,tonnes,https://www.sabic.com/en/Images/SABIC-Integrated-Annual-Report-2025-EN_tcm1010-49452.pdf,231,Sustainability performance summary,data\raw\SA\2010\documents\888b4c0373f7da9588dc393a44c8d5682c0f2206bdfc8185ad4d9a37bf8ba6aa.pdf,888b4c0373f7da9588dc393a44c8d5682c0f2206bdfc8185ad4d9a37bf8ba6aa,
Saudi Basic Industries Corporation (SABIC),SA,2010,2025,,2025-12-31,fy,operational,nox_emissions,consolidated,{},23742.69,SAR,tonnes,https://www.sabic.com/en/Images/SABIC-Integrated-Annual-Report-2025-EN_tcm1010-49452.pdf,231,Sustainability performance summary,data\raw\SA\2010\documents\888b4c0373f7da9588dc393a44c8d5682c0f2206bdfc8185ad4d9a37bf8ba6aa.pdf,888b4c0373f7da9588dc393a44c8d5682c0f2206bdfc8185ad4d9a37bf8ba6aa,
Saudi Basic Industries Corporation (SABIC),SA,2010,2025,,2025-12-31,fy,financial,التدفق النقدي التشغيلي,consolidated,{},15958999000,SAR,SAR,https://www.sabic.com/en/Images/SABIC-Integrated-Annual-Report-2025-EN_tcm1010-49452.pdf,136,,data\raw\SA\2010\documents\888b4c0373f7da9588dc393a44c8d5682c0f2206bdfc8185ad4d9a37bf8ba6aa.pdf,888b4c0373f7da9588dc393a44c8d5682c0f2206bdfc8185ad4d9a37bf8ba6aa,
Saudi Basic Industries Corporation (SABIC),SA,2010,2025,,2025-12-31,fy,calculated,operating_cash_flow_growth,consolidated,{},-0.0244273408304722483518756744,,ratio,https://www.sabic.com/en/Images/SABIC-Integrated-Annual-Report-2025-EN_tcm1010-49452.pdf,,,data\raw\SA\2010\documents\888b4c0373f7da9588dc393a44c8d5682c0f2206bdfc8185ad4d9a37bf8ba6aa.pdf,888b4c0373f7da9588dc393a44c8d5682c0f2206bdfc8185ad4d9a37bf8ba6aa,operating_cash_flow / prior_fy(operating_cash_flow) - 1
Saudi Basic Industries Corporation (SABIC),SA,2010,2025,,2025-12-31,fy,financial,operating_cash_flow_per_share,consolidated,{},5.319666333333333333333333333,SAR,SAR/share,https://www.sabic.com/en/Images/SABIC-Integrated-Annual-Report-2025-EN_tcm1010-49452.pdf,,,data\raw\SA\2010\documents\888b4c0373f7da9588dc393a44c8d5682c0f2206bdfc8185ad4d9a37bf8ba6aa.pdf,888b4c0373f7da9588dc393a44c8d5682c0f2206bdfc8185ad4d9a37bf8ba6aa,operating_cash_flow / weighted_average_shares
Saudi Basic Industries Corporation (SABIC),SA,2010,2025,,2025-12-31,fy,financial,الدخل التشغيلي,consolidated,{},4366994000,SAR,SAR,https://www.sabic.com/en/Images/SABIC-Integrated-Annual-Report-2025-EN_tcm1010-49452.pdf,133,,data\raw\SA\2010\documents\888b4c0373f7da9588dc393a44c8d5682c0f2206bdfc8185ad4d9a37bf8ba6aa.pdf,888b4c0373f7da9588dc393a44c8d5682c0f2206bdfc8185ad4d9a37bf8ba6aa,
Saudi Basic Industries Corporation (SABIC),SA,2010,2025,,2025-12-31,fy,calculated,operating_income_growth,consolidated,{},-0.5367328300507303177749821169,,ratio,https://www.sabic.com/en/Images/SABIC-Integrated-Annual-Report-2025-EN_tcm1010-49452.pdf,,,data\raw\SA\2010\documents\888b4c0373f7da9588dc393a44c8d5682c0f2206bdfc8185ad4d9a37bf8ba6aa.pdf,888b4c0373f7da9588dc393a44c8d5682c0f2206bdfc8185ad4d9a37bf8ba6aa,operating_income / prior_fy(operating_income) - 1
Saudi Basic Industries Corporation (SABIC),SA,2010,2025,,2025-12-31,fy,ratio,operating_margin,consolidated,{},0.03747681596190846729532717271,,ratio,https://www.sabic.com/en/Images/SABIC-Integrated-Annual-Report-2025-EN_tcm1010-49452.pdf,,,data\raw\SA\2010\documents\888b4c0373f7da9588dc393a44c8d5682c0f2206bdfc8185ad4d9a37bf8ba6aa.pdf,888b4c0373f7da9588dc393a44c8d5682c0f2206bdfc8185ad4d9a37bf8ba6aa,operating_income / revenue
Saudi Basic Industries Corporation (SABIC),SA,2010,2025,,2025-12-31,fy,financial,ordinary_dividend,consolidated,{},9000000000,SAR,SAR,https://www.sabic.com/en/Images/SABIC-Integrated-Annual-Report-2025-EN_tcm1010-49452.pdf,14,Chairman's message,data\raw\SA\2010\documents\888b4c0373f7da9588dc393a44c8d5682c0f2206bdfc8185ad4d9a37bf8ba6aa.pdf,888b4c0373f7da9588dc393a44c8d5682c0f2206bdfc8185ad4d9a37bf8ba6aa,
Saudi Basic Industries Corporation (SABIC),SA,2010,2025,,2025-12-31,instant,financial,other_commitments_by_type,consolidated,"{""commitment_type"":""Equity contribution"",""counterparty"":""MWSPC""}",74000000,SAR,SAR,https://www.sabic.com/en/Images/SABIC-Integrated-Annual-Report-2025-EN_tcm1010-49452.pdf,213,Commitments,data\raw\SA\2010\documents\888b4c0373f7da9588dc393a44c8d5682c0f2206bdfc8185ad4d9a37bf8ba6aa.pdf,888b4c0373f7da9588dc393a44c8d5682c0f2206bdfc8185ad4d9a37bf8ba6aa,
Saudi Basic Industries Corporation (SABIC),SA,2010,2025,,2025-12-31,instant,financial,other_commitments_by_type,consolidated,"{""commitment_type"":""Equity contribution"",""counterparty"":""NUSANED Fund II""}",361000000,SAR,SAR,https://www.sabic.com/en/Images/SABIC-Integrated-Annual-Report-2025-EN_tcm1010-49452.pdf,213,Commitments,data\raw\SA\2010\documents\888b4c0373f7da9588dc393a44c8d5682c0f2206bdfc8185ad4d9a37bf8ba6aa.pdf,888b4c0373f7da9588dc393a44c8d5682c0f2206bdfc8185ad4d9a37bf8ba6aa,
Saudi Basic Industries Corporation (SABIC),SA,2010,2025,,2025-12-31,instant,financial,other_commitments_by_type,consolidated,"{""commitment_type"":""Equity contribution"",""counterparty"":""SABIC Fujian Petrochemicals""}",1341000000,SAR,SAR,https://www.sabic.com/en/Images/SABIC-Integrated-Annual-Report-2025-EN_tcm1010-49452.pdf,213,Commitments,data\raw\SA\2010\documents\888b4c0373f7da9588dc393a44c8d5682c0f2206bdfc8185ad4d9a37bf8ba6aa.pdf,888b4c0373f7da9588dc393a44c8d5682c0f2206bdfc8185ad4d9a37bf8ba6aa,
Saudi Basic Industries Corporation (SABIC),SA,2010,2025,,2025-12-31,instant,financial,other_current_assets,consolidated,{},8425796000,SAR,SAR,https://www.sabic.com/en/Images/SABIC-Integrated-Annual-Report-2025-EN_tcm1010-49452.pdf,173,Other assets and receivables,data\raw\SA\2010\documents\888b4c0373f7da9588dc393a44c8d5682c0f2206bdfc8185ad4d9a37bf8ba6aa.pdf,888b4c0373f7da9588dc393a44c8d5682c0f2206bdfc8185ad4d9a37bf8ba6aa,
Saudi Basic Industries Corporation (SABIC),SA,2010,2025,,2025-12-31,instant,financial,other_current_liabilities,consolidated,{},10687055000,SAR,SAR,https://www.sabic.com/en/Images/SABIC-Integrated-Annual-Report-2025-EN_tcm1010-49452.pdf,193,Other liabilities,data\raw\SA\2010\documents\888b4c0373f7da9588dc393a44c8d5682c0f2206bdfc8185ad4d9a37bf8ba6aa.pdf,888b4c0373f7da9588dc393a44c8d5682c0f2206bdfc8185ad4d9a37bf8ba6aa,
Saudi Basic Industries Corporation (SABIC),SA,2010,2025,,2025-12-31,fy,financial,other_expense,consolidated,{},-1894375000,SAR,SAR,https://www.sabic.com/en/Images/SABIC-Integrated-Annual-Report-2025-EN_tcm1010-49452.pdf,133,,data\raw\SA\2010\documents\888b4c0373f7da9588dc393a44c8d5682c0f2206bdfc8185ad4d9a37bf8ba6aa.pdf,888b4c0373f7da9588dc393a44c8d5682c0f2206bdfc8185ad4d9a37bf8ba6aa,
Saudi Basic Industries Corporation (SABIC),SA,2010,2025,,2025-12-31,fy,financial,other_income,consolidated,{},959650000,SAR,SAR,https://www.sabic.com/en/Images/SABIC-Integrated-Annual-Report-2025-EN_tcm1010-49452.pdf,133,,data\raw\SA\2010\documents\888b4c0373f7da9588dc393a44c8d5682c0f2206bdfc8185ad4d9a37bf8ba6aa.pdf,888b4c0373f7da9588dc393a44c8d5682c0f2206bdfc8185ad4d9a37bf8ba6aa,
Saudi Basic Industries Corporation (SABIC),SA,2010,2025,,2025-12-31,instant,financial,other_noncurrent_assets,consolidated,{},5204351000,SAR,SAR,https://www.sabic.com/en/Images/SABIC-Integrated-Annual-Report-2025-EN_tcm1010-49452.pdf,173,Other assets and receivables,data\raw\SA\2010\documents\888b4c0373f7da9588dc393a44c8d5682c0f2206bdfc8185ad4d9a37bf8ba6aa.pdf,888b4c0373f7da9588dc393a44c8d5682c0f2206bdfc8185ad4d9a37bf8ba6aa,
Saudi Basic Industries Corporation (SABIC),SA,2010,2025,,2025-12-31,instant,financial,other_noncurrent_liabilities,consolidated,{},1513088000,SAR,SAR,https://www.sabic.com/en/Images/SABIC-Integrated-Annual-Report-2025-EN_tcm1010-49452.pdf,193,Other liabilities,data\raw\SA\2010\documents\888b4c0373f7da9588dc393a44c8d5682c0f2206bdfc8185ad4d9a37bf8ba6aa.pdf,888b4c0373f7da9588dc393a44c8d5682c0f2206bdfc8185ad4d9a37bf8ba6aa,
Saudi Basic Industries Corporation (SABIC),SA,2010,2025,,2025-12-31,fy,financial,other_operating_revenue,consolidated,{},1479453000,SAR,SAR,https://www.sabic.com/en/Images/SABIC-Integrated-Annual-Report-2025-EN_tcm1010-49452.pdf,194,Revenue,data\raw\SA\2010\documents\888b4c0373f7da9588dc393a44c8d5682c0f2206bdfc8185ad4d9a37bf8ba6aa.pdf,888b4c0373f7da9588dc393a44c8d5682c0f2206bdfc8185ad4d9a37bf8ba6aa,
Saudi Basic Industries Corporation (SABIC),SA,2010,2025,,2025-12-31,instant,financial,other_receivables,consolidated,{},8425796000,SAR,SAR,https://www.sabic.com/en/Images/SABIC-Integrated-Annual-Report-2025-EN_tcm1010-49452.pdf,173,Other assets and receivables,data\raw\SA\2010\documents\888b4c0373f7da9588dc393a44c8d5682c0f2206bdfc8185ad4d9a37bf8ba6aa.pdf,888b4c0373f7da9588dc393a44c8d5682c0f2206bdfc8185ad4d9a37bf8ba6aa,
Saudi Basic Industries Corporation (SABIC),SA,2010,2025,,2025-12-31,instant,financial,other_reserves,consolidated,{},-1472793000,SAR,SAR,https://www.sabic.com/en/Images/SABIC-Integrated-Annual-Report-2025-EN_tcm1010-49452.pdf,132,,data\raw\SA\2010\documents\888b4c0373f7da9588dc393a44c8d5682c0f2206bdfc8185ad4d9a37bf8ba6aa.pdf,888b4c0373f7da9588dc393a44c8d5682c0f2206bdfc8185ad4d9a37bf8ba6aa,
Saudi Basic Industries Corporation (SABIC),SA,2010,2025,,2025-12-31,fy,operational,patent_portfolio_count,consolidated,"{""basis"":""minimum_reported""}",10700,SAR,count,https://www.sabic.com/en/Images/SABIC-Integrated-Annual-Report-2025-EN_tcm1010-49452.pdf,232,Sustainability performance summary,data\raw\SA\2010\documents\888b4c0373f7da9588dc393a44c8d5682c0f2206bdfc8185ad4d9a37bf8ba6aa.pdf,888b4c0373f7da9588dc393a44c8d5682c0f2206bdfc8185ad4d9a37bf8ba6aa,
Saudi Basic Industries Corporation (SABIC),SA,2010,2025,,2025-12-31,fy,calculated,payout_ratio,consolidated,{},0.3893090894442483763172818923,,ratio,https://www.sabic.com/en/Images/SABIC-Integrated-Annual-Report-2025-EN_tcm1010-49452.pdf,,,data\raw\SA\2010\documents\888b4c0373f7da9588dc393a44c8d5682c0f2206bdfc8185ad4d9a37bf8ba6aa.pdf,888b4c0373f7da9588dc393a44c8d5682c0f2206bdfc8185ad4d9a37bf8ba6aa,abs(dividends_paid) / net_income
Saudi Basic Industries Corporation (SABIC),SA,2010,2025,,2025-12-31,fy,operational,petrochemicals_capex,consolidated,{},6536874000,SAR,SAR,https://www.sabic.com/en/Images/SABIC-Integrated-Annual-Report-2025-EN_tcm1010-49452.pdf,207,Segment information,data\raw\SA\2010\documents\888b4c0373f7da9588dc393a44c8d5682c0f2206bdfc8185ad4d9a37bf8ba6aa.pdf,888b4c0373f7da9588dc393a44c8d5682c0f2206bdfc8185ad4d9a37bf8ba6aa,
Saudi Basic Industries Corporation (SABIC),SA,2010,2025,,2025-12-31,fy,operational,petrochemicals_ebitda,consolidated,{},11540000000.00,SAR,SAR,https://www.sabic.com/en/Images/SABIC-Integrated-Annual-Report-2025-EN_tcm1010-49452.pdf,47,Business segment review,data\raw\SA\2010\documents\888b4c0373f7da9588dc393a44c8d5682c0f2206bdfc8185ad4d9a37bf8ba6aa.pdf,888b4c0373f7da9588dc393a44c8d5682c0f2206bdfc8185ad4d9a37bf8ba6aa,
Saudi Basic Industries Corporation (SABIC),SA,2010,2025,,2025-12-31,fy,operational,petrochemicals_revenue,consolidated,{},103935678000,SAR,SAR,https://www.sabic.com/en/Images/SABIC-Integrated-Annual-Report-2025-EN_tcm1010-49452.pdf,207,Segment information,data\raw\SA\2010\documents\888b4c0373f7da9588dc393a44c8d5682c0f2206bdfc8185ad4d9a37bf8ba6aa.pdf,888b4c0373f7da9588dc393a44c8d5682c0f2206bdfc8185ad4d9a37bf8ba6aa,
Saudi Basic Industries Corporation (SABIC),SA,2010,2025,,2025-12-31,fy,operational,petrochemicals_sales_volume,consolidated,"{""product"":""Chemicals""}",23.4,SAR,million_tonnes,https://www.sabic.com/en/Images/SABIC-Integrated-Annual-Report-2025-EN_tcm1010-49452.pdf,47,Total operational footprint,data\raw\SA\2010\documents\888b4c0373f7da9588dc393a44c8d5682c0f2206bdfc8185ad4d9a37bf8ba6aa.pdf,888b4c0373f7da9588dc393a44c8d5682c0f2206bdfc8185ad4d9a37bf8ba6aa,
Saudi Basic Industries Corporation (SABIC),SA,2010,2025,,2025-12-31,fy,operational,petrochemicals_sales_volume,consolidated,"{""product"":""Polymers""}",16.2,SAR,million_tonnes,https://www.sabic.com/en/Images/SABIC-Integrated-Annual-Report-2025-EN_tcm1010-49452.pdf,47,Total operational footprint,data\raw\SA\2010\documents\888b4c0373f7da9588dc393a44c8d5682c0f2206bdfc8185ad4d9a37bf8ba6aa.pdf,888b4c0373f7da9588dc393a44c8d5682c0f2206bdfc8185ad4d9a37bf8ba6aa,
Saudi Basic Industries Corporation (SABIC),SA,2010,2025,,2025-12-31,fy,calculated,piotroski_f_score,consolidated,{},5,,score,https://www.sabic.com/en/Images/SABIC-Integrated-Annual-Report-2025-EN_tcm1010-49452.pdf,,,data\raw\SA\2010\documents\888b4c0373f7da9588dc393a44c8d5682c0f2206bdfc8185ad4d9a37bf8ba6aa.pdf,888b4c0373f7da9588dc393a44c8d5682c0f2206bdfc8185ad4d9a37bf8ba6aa,"sum of Piotroski signals passed [accruals_ok, cfo_positive, leverage_falling, liquidity_rising, margin_rising, no_dilution, roa_positive, roa_rising, turnover_rising]"
Saudi Basic Industries Corporation (SABIC),SA,2010,2025,,2025-12-31,fy,financial,ppe_additions_by_class,consolidated,"{""asset_class"":""Total""}",8570103000,SAR,SAR,https://www.sabic.com/en/Images/SABIC-Integrated-Annual-Report-2025-EN_tcm1010-49452.pdf,155,"Property, plant and equipment",data\raw\SA\2010\documents\888b4c0373f7da9588dc393a44c8d5682c0f2206bdfc8185ad4d9a37bf8ba6aa.pdf,888b4c0373f7da9588dc393a44c8d5682c0f2206bdfc8185ad4d9a37bf8ba6aa,
Saudi Basic Industries Corporation (SABIC),SA,2010,2025,,2025-12-31,fy,financial,ppe_disposals_by_class,consolidated,"{""asset_class"":""Land and buildings""}",-558995000,SAR,SAR,https://www.sabic.com/en/Images/SABIC-Integrated-Annual-Report-2025-EN_tcm1010-49452.pdf,155,Property plant and equipment by class,data\raw\SA\2010\documents\888b4c0373f7da9588dc393a44c8d5682c0f2206bdfc8185ad4d9a37bf8ba6aa.pdf,888b4c0373f7da9588dc393a44c8d5682c0f2206bdfc8185ad4d9a37bf8ba6aa,
Saudi Basic Industries Corporation (SABIC),SA,2010,2025,,2025-12-31,fy,financial,ppe_disposals_by_class,consolidated,"{""asset_class"":""Plant and equipment""}",-19111929000,SAR,SAR,https://www.sabic.com/en/Images/SABIC-Integrated-Annual-Report-2025-EN_tcm1010-49452.pdf,155,Property plant and equipment by class,data\raw\SA\2010\documents\888b4c0373f7da9588dc393a44c8d5682c0f2206bdfc8185ad4d9a37bf8ba6aa.pdf,888b4c0373f7da9588dc393a44c8d5682c0f2206bdfc8185ad4d9a37bf8ba6aa,
Saudi Basic Industries Corporation (SABIC),SA,2010,2025,,2025-12-31,fy,financial,ppe_disposals_by_class,consolidated,"{""asset_class"":""Furniture and fixtures""}",-34814000,SAR,SAR,https://www.sabic.com/en/Images/SABIC-Integrated-Annual-Report-2025-EN_tcm1010-49452.pdf,155,Property plant and equipment by class,data\raw\SA\2010\documents\888b4c0373f7da9588dc393a44c8d5682c0f2206bdfc8185ad4d9a37bf8ba6aa.pdf,888b4c0373f7da9588dc393a44c8d5682c0f2206bdfc8185ad4d9a37bf8ba6aa,
Saudi Basic Industries Corporation (SABIC),SA,2010,2025,,2025-12-31,fy,financial,ppe_disposals_by_class,consolidated,"{""asset_class"":""Vehicles""}",-25231000,SAR,SAR,https://www.sabic.com/en/Images/SABIC-Integrated-Annual-Report-2025-EN_tcm1010-49452.pdf,155,Property plant and equipment by class,data\raw\SA\2010\documents\888b4c0373f7da9588dc393a44c8d5682c0f2206bdfc8185ad4d9a37bf8ba6aa.pdf,888b4c0373f7da9588dc393a44c8d5682c0f2206bdfc8185ad4d9a37bf8ba6aa,
Saudi Basic Industries Corporation (SABIC),SA,2010,2025,,2025-12-31,fy,financial,ppe_disposals_by_class,consolidated,"{""asset_class"":""Assets under construction""}",-706938000,SAR,SAR,https://www.sabic.com/en/Images/SABIC-Integrated-Annual-Report-2025-EN_tcm1010-49452.pdf,155,Property plant and equipment by class,data\raw\SA\2010\documents\888b4c0373f7da9588dc393a44c8d5682c0f2206bdfc8185ad4d9a37bf8ba6aa.pdf,888b4c0373f7da9588dc393a44c8d5682c0f2206bdfc8185ad4d9a37bf8ba6aa,
Saudi Basic Industries Corporation (SABIC),SA,2010,2025,,2025-12-31,instant,ratio,ppe_to_assets,consolidated,{},0.3809769619772820489156122794,,ratio,https://www.sabic.com/en/Images/SABIC-Integrated-Annual-Report-2025-EN_tcm1010-49452.pdf,,,data\raw\SA\2010\documents\888b4c0373f7da9588dc393a44c8d5682c0f2206bdfc8185ad4d9a37bf8ba6aa.pdf,888b4c0373f7da9588dc393a44c8d5682c0f2206bdfc8185ad4d9a37bf8ba6aa,property_plant_equipment / total_assets
Saudi Basic Industries Corporation (SABIC),SA,2010,2025,,2025-12-31,instant,financial,prepayments,consolidated,{},1661253000,SAR,SAR,https://www.sabic.com/en/Images/SABIC-Integrated-Annual-Report-2025-EN_tcm1010-49452.pdf,173,Other assets and receivables,data\raw\SA\2010\documents\888b4c0373f7da9588dc393a44c8d5682c0f2206bdfc8185ad4d9a37bf8ba6aa.pdf,888b4c0373f7da9588dc393a44c8d5682c0f2206bdfc8185ad4d9a37bf8ba6aa,
Saudi Basic Industries Corporation (SABIC),SA,2010,2025,,2025-12-31,fy,ratio,pretax_margin,consolidated,{},0.01079853841761663703102059954,,ratio,https://www.sabic.com/en/Images/SABIC-Integrated-Annual-Report-2025-EN_tcm1010-49452.pdf,,,data\raw\SA\2010\documents\888b4c0373f7da9588dc393a44c8d5682c0f2206bdfc8185ad4d9a37bf8ba6aa.pdf,888b4c0373f7da9588dc393a44c8d5682c0f2206bdfc8185ad4d9a37bf8ba6aa,income_before_income_taxes_and_zakat / revenue
Saudi Basic Industries Corporation (SABIC),SA,2010,2025,,2025-12-31,as_of,calculated,price_to_book,consolidated,{},0.9940605624195720874795772712,,ratio,https://www.sabic.com/en/Images/SABIC-Integrated-Annual-Report-2025-EN_tcm1010-49452.pdf,,,data\raw\SA\2010\documents\888b4c0373f7da9588dc393a44c8d5682c0f2206bdfc8185ad4d9a37bf8ba6aa.pdf,888b4c0373f7da9588dc393a44c8d5682c0f2206bdfc8185ad4d9a37bf8ba6aa,reported_year_end_market_cap / total_equity
Saudi Basic Industries Corporation (SABIC),SA,2010,2025,,2025-12-31,as_of,calculated,price_to_cash_flow,consolidated,{},9.643461974024811957191049388,,ratio,https://www.sabic.com/en/Images/SABIC-Integrated-Annual-Report-2025-EN_tcm1010-49452.pdf,,,data\raw\SA\2010\documents\888b4c0373f7da9588dc393a44c8d5682c0f2206bdfc8185ad4d9a37bf8ba6aa.pdf,888b4c0373f7da9588dc393a44c8d5682c0f2206bdfc8185ad4d9a37bf8ba6aa,reported_year_end_market_cap / operating_cash_flow
Saudi Basic Industries Corporation (SABIC),SA,2010,2025,,2025-12-31,as_of,calculated,price_to_earnings,consolidated,{},-6.224477720212031838587765904,,ratio,https://www.sabic.com/en/Images/SABIC-Integrated-Annual-Report-2025-EN_tcm1010-49452.pdf,,,data\raw\SA\2010\documents\888b4c0373f7da9588dc393a44c8d5682c0f2206bdfc8185ad4d9a37bf8ba6aa.pdf,888b4c0373f7da9588dc393a44c8d5682c0f2206bdfc8185ad4d9a37bf8ba6aa,reported_year_end_market_cap / net_income
Saudi Basic Industries Corporation (SABIC),SA,2010,2025,,2025-12-31,as_of,calculated,price_to_free_cash_flow,consolidated,{},21.34840048600556168141056470,,ratio,https://www.sabic.com/en/Images/SABIC-Integrated-Annual-Report-2025-EN_tcm1010-49452.pdf,,,data\raw\SA\2010\documents\888b4c0373f7da9588dc393a44c8d5682c0f2206bdfc8185ad4d9a37bf8ba6aa.pdf,888b4c0373f7da9588dc393a44c8d5682c0f2206bdfc8185ad4d9a37bf8ba6aa,reported_year_end_market_cap / free_cash_flow
Saudi Basic Industries Corporation (SABIC),SA,2010,2025,,2025-12-31,as_of,calculated,price_to_sales,consolidated,{},1.320744195329261527895584899,,ratio,https://www.sabic.com/en/Images/SABIC-Integrated-Annual-Report-2025-EN_tcm1010-49452.pdf,,,data\raw\SA\2010\documents\888b4c0373f7da9588dc393a44c8d5682c0f2206bdfc8185ad4d9a37bf8ba6aa.pdf,888b4c0373f7da9588dc393a44c8d5682c0f2206bdfc8185ad4d9a37bf8ba6aa,reported_year_end_market_cap / revenue
Saudi Basic Industries Corporation (SABIC),SA,2010,2025,,2025-12-31,fy,financial,proceeds_asset_sales,consolidated,{},82308000,SAR,SAR,https://www.sabic.com/en/Images/SABIC-Integrated-Annual-Report-2025-EN_tcm1010-49452.pdf,137,,data\raw\SA\2010\documents\888b4c0373f7da9588dc393a44c8d5682c0f2206bdfc8185ad4d9a37bf8ba6aa.pdf,888b4c0373f7da9588dc393a44c8d5682c0f2206bdfc8185ad4d9a37bf8ba6aa,
Saudi Basic Industries Corporation (SABIC),SA,2010,2025,,2025-12-31,fy,financial,proceeds_investments,consolidated,{},0,SAR,SAR,https://www.sabic.com/en/Images/SABIC-Integrated-Annual-Report-2025-EN_tcm1010-49452.pdf,137,Consolidated statement of cash flows,data\raw\SA\2010\documents\888b4c0373f7da9588dc393a44c8d5682c0f2206bdfc8185ad4d9a37bf8ba6aa.pdf,888b4c0373f7da9588dc393a44c8d5682c0f2206bdfc8185ad4d9a37bf8ba6aa,
Saudi Basic Industries Corporation (SABIC),SA,2010,2025,,2025-12-31,fy,operational,production_volume,consolidated,"{""basis"":""including_discontinued_operations""}",55.5,SAR,million_tonnes,https://www.sabic.com/en/Images/SABIC-Integrated-Annual-Report-2025-EN_tcm1010-49452.pdf,5,Snapshot,data\raw\SA\2010\documents\888b4c0373f7da9588dc393a44c8d5682c0f2206bdfc8185ad4d9a37bf8ba6aa.pdf,888b4c0373f7da9588dc393a44c8d5682c0f2206bdfc8185ad4d9a37bf8ba6aa,
Saudi Basic Industries Corporation (SABIC),SA,2010,2025,,2025-12-31,fy,operational,production_volume,segment,"{""basis"":""continuing_operations"",""segment"":""Chemicals""}",35.7,SAR,million_tonnes,https://www.sabic.com/en/Images/SABIC-Integrated-Annual-Report-2025-EN_tcm1010-49452.pdf,47,Operational footprint - continuing operations,data\raw\SA\2010\documents\888b4c0373f7da9588dc393a44c8d5682c0f2206bdfc8185ad4d9a37bf8ba6aa.pdf,888b4c0373f7da9588dc393a44c8d5682c0f2206bdfc8185ad4d9a37bf8ba6aa,
Saudi Basic Industries Corporation (SABIC),SA,2010,2025,,2025-12-31,fy,operational,production_volume,segment,"{""basis"":""continuing_operations"",""segment"":""Polymers""}",7.3,SAR,million_tonnes,https://www.sabic.com/en/Images/SABIC-Integrated-Annual-Report-2025-EN_tcm1010-49452.pdf,47,Operational footprint - continuing operations,data\raw\SA\2010\documents\888b4c0373f7da9588dc393a44c8d5682c0f2206bdfc8185ad4d9a37bf8ba6aa.pdf,888b4c0373f7da9588dc393a44c8d5682c0f2206bdfc8185ad4d9a37bf8ba6aa,
Saudi Basic Industries Corporation (SABIC),SA,2010,2025,,2025-12-31,fy,operational,production_volume,segment,"{""basis"":""continuing_operations"",""segment"":""Agri-Nutrients""}",8.3,SAR,million_tonnes,https://www.sabic.com/en/Images/SABIC-Integrated-Annual-Report-2025-EN_tcm1010-49452.pdf,47,Operational footprint - continuing operations,data\raw\SA\2010\documents\888b4c0373f7da9588dc393a44c8d5682c0f2206bdfc8185ad4d9a37bf8ba6aa.pdf,888b4c0373f7da9588dc393a44c8d5682c0f2206bdfc8185ad4d9a37bf8ba6aa,
Saudi Basic Industries Corporation (SABIC),SA,2010,2025,,2025-12-31,instant,financial,property_plant_equipment,consolidated,{},93069696000,SAR,SAR,https://www.sabic.com/en/Images/SABIC-Integrated-Annual-Report-2025-EN_tcm1010-49452.pdf,132,,data\raw\SA\2010\documents\888b4c0373f7da9588dc393a44c8d5682c0f2206bdfc8185ad4d9a37bf8ba6aa.pdf,888b4c0373f7da9588dc393a44c8d5682c0f2206bdfc8185ad4d9a37bf8ba6aa,
Saudi Basic Industries Corporation (SABIC),SA,2010,2025,,2025-12-31,instant,financial,property_plant_equipment_by_class,consolidated,"{""asset_class"":""Land and buildings""}",10728485000,SAR,SAR,https://www.sabic.com/en/Images/SABIC-Integrated-Annual-Report-2025-EN_tcm1010-49452.pdf,155,"Property, plant and equipment",data\raw\SA\2010\documents\888b4c0373f7da9588dc393a44c8d5682c0f2206bdfc8185ad4d9a37bf8ba6aa.pdf,888b4c0373f7da9588dc393a44c8d5682c0f2206bdfc8185ad4d9a37bf8ba6aa,
Saudi Basic Industries Corporation (SABIC),SA,2010,2025,,2025-12-31,instant,financial,property_plant_equipment_by_class,consolidated,"{""asset_class"":""Plant and equipment""}",72094291000,SAR,SAR,https://www.sabic.com/en/Images/SABIC-Integrated-Annual-Report-2025-EN_tcm1010-49452.pdf,155,"Property, plant and equipment",data\raw\SA\2010\documents\888b4c0373f7da9588dc393a44c8d5682c0f2206bdfc8185ad4d9a37bf8ba6aa.pdf,888b4c0373f7da9588dc393a44c8d5682c0f2206bdfc8185ad4d9a37bf8ba6aa,
Saudi Basic Industries Corporation (SABIC),SA,2010,2025,,2025-12-31,instant,financial,property_plant_equipment_by_class,consolidated,"{""asset_class"":""Furniture and fixtures""}",186632000,SAR,SAR,https://www.sabic.com/en/Images/SABIC-Integrated-Annual-Report-2025-EN_tcm1010-49452.pdf,155,"Property, plant and equipment",data\raw\SA\2010\documents\888b4c0373f7da9588dc393a44c8d5682c0f2206bdfc8185ad4d9a37bf8ba6aa.pdf,888b4c0373f7da9588dc393a44c8d5682c0f2206bdfc8185ad4d9a37bf8ba6aa,
Saudi Basic Industries Corporation (SABIC),SA,2010,2025,,2025-12-31,instant,financial,property_plant_equipment_by_class,consolidated,"{""asset_class"":""Vehicles""}",133599000,SAR,SAR,https://www.sabic.com/en/Images/SABIC-Integrated-Annual-Report-2025-EN_tcm1010-49452.pdf,155,"Property, plant and equipment",data\raw\SA\2010\documents\888b4c0373f7da9588dc393a44c8d5682c0f2206bdfc8185ad4d9a37bf8ba6aa.pdf,888b4c0373f7da9588dc393a44c8d5682c0f2206bdfc8185ad4d9a37bf8ba6aa,
Saudi Basic Industries Corporation (SABIC),SA,2010,2025,,2025-12-31,instant,financial,property_plant_equipment_by_class,consolidated,"{""asset_class"":""Assets under construction""}",9926689000,SAR,SAR,https://www.sabic.com/en/Images/SABIC-Integrated-Annual-Report-2025-EN_tcm1010-49452.pdf,155,"Property, plant and equipment",data\raw\SA\2010\documents\888b4c0373f7da9588dc393a44c8d5682c0f2206bdfc8185ad4d9a37bf8ba6aa.pdf,888b4c0373f7da9588dc393a44c8d5682c0f2206bdfc8185ad4d9a37bf8ba6aa,
Saudi Basic Industries Corporation (SABIC),SA,2010,2025,,2025-12-31,fy,financial,provision_additions,consolidated,{},988703000,SAR,SAR,https://www.sabic.com/en/Images/SABIC-Integrated-Annual-Report-2025-EN_tcm1010-49452.pdf,193,Provisions movement,data\raw\SA\2010\documents\888b4c0373f7da9588dc393a44c8d5682c0f2206bdfc8185ad4d9a37bf8ba6aa.pdf,888b4c0373f7da9588dc393a44c8d5682c0f2206bdfc8185ad4d9a37bf8ba6aa,
Saudi Basic Industries Corporation (SABIC),SA,2010,2025,,2025-12-31,fy,financial,provision_utilization,consolidated,{},-712164000,SAR,SAR,https://www.sabic.com/en/Images/SABIC-Integrated-Annual-Report-2025-EN_tcm1010-49452.pdf,193,Provisions movement,data\raw\SA\2010\documents\888b4c0373f7da9588dc393a44c8d5682c0f2206bdfc8185ad4d9a37bf8ba6aa.pdf,888b4c0373f7da9588dc393a44c8d5682c0f2206bdfc8185ad4d9a37bf8ba6aa,
Saudi Basic Industries Corporation (SABIC),SA,2010,2025,,2025-12-31,instant,financial,provisions,consolidated,{},321325000,SAR,SAR,https://www.sabic.com/en/Images/SABIC-Integrated-Annual-Report-2025-EN_tcm1010-49452.pdf,192,Provisions,data\raw\SA\2010\documents\888b4c0373f7da9588dc393a44c8d5682c0f2206bdfc8185ad4d9a37bf8ba6aa.pdf,888b4c0373f7da9588dc393a44c8d5682c0f2206bdfc8185ad4d9a37bf8ba6aa,
Saudi Basic Industries Corporation (SABIC),SA,2010,2025,,2025-12-31,instant,financial,provisions_by_class,consolidated,"{""provision_class"":""Demolition and site restoration""}",79644000,SAR,SAR,https://www.sabic.com/en/Images/SABIC-Integrated-Annual-Report-2025-EN_tcm1010-49452.pdf,193,Provisions movement,data\raw\SA\2010\documents\888b4c0373f7da9588dc393a44c8d5682c0f2206bdfc8185ad4d9a37bf8ba6aa.pdf,888b4c0373f7da9588dc393a44c8d5682c0f2206bdfc8185ad4d9a37bf8ba6aa,
Saudi Basic Industries Corporation (SABIC),SA,2010,2025,,2025-12-31,instant,financial,provisions_by_class,consolidated,"{""provision_class"":""Restructuring""}",27630000,SAR,SAR,https://www.sabic.com/en/Images/SABIC-Integrated-Annual-Report-2025-EN_tcm1010-49452.pdf,193,Provisions movement,data\raw\SA\2010\documents\888b4c0373f7da9588dc393a44c8d5682c0f2206bdfc8185ad4d9a37bf8ba6aa.pdf,888b4c0373f7da9588dc393a44c8d5682c0f2206bdfc8185ad4d9a37bf8ba6aa,
Saudi Basic Industries Corporation (SABIC),SA,2010,2025,,2025-12-31,instant,financial,provisions_by_class,consolidated,"{""provision_class"":""Environmental obligations""}",27263000,SAR,SAR,https://www.sabic.com/en/Images/SABIC-Integrated-Annual-Report-2025-EN_tcm1010-49452.pdf,193,Provisions movement,data\raw\SA\2010\documents\888b4c0373f7da9588dc393a44c8d5682c0f2206bdfc8185ad4d9a37bf8ba6aa.pdf,888b4c0373f7da9588dc393a44c8d5682c0f2206bdfc8185ad4d9a37bf8ba6aa,
Saudi Basic Industries Corporation (SABIC),SA,2010,2025,,2025-12-31,instant,financial,provisions_by_class,consolidated,"{""provision_class"":""Miscellaneous""}",186788000,SAR,SAR,https://www.sabic.com/en/Images/SABIC-Integrated-Annual-Report-2025-EN_tcm1010-49452.pdf,193,Provisions movement,data\raw\SA\2010\documents\888b4c0373f7da9588dc393a44c8d5682c0f2206bdfc8185ad4d9a37bf8ba6aa.pdf,888b4c0373f7da9588dc393a44c8d5682c0f2206bdfc8185ad4d9a37bf8ba6aa,
Saudi Basic Industries Corporation (SABIC),SA,2010,2025,,2025-12-31,fy,financial,purchases_investments,consolidated,{},-502346000,SAR,SAR,https://www.sabic.com/en/Images/SABIC-Integrated-Annual-Report-2025-EN_tcm1010-49452.pdf,137,Consolidated statement of cash flows,data\raw\SA\2010\documents\888b4c0373f7da9588dc393a44c8d5682c0f2206bdfc8185ad4d9a37bf8ba6aa.pdf,888b4c0373f7da9588dc393a44c8d5682c0f2206bdfc8185ad4d9a37bf8ba6aa,
Saudi Basic Industries Corporation (SABIC),SA,2010,2025,,2025-12-31,instant,ratio,quick_ratio,consolidated,{},1.178957444934377218298730032,,ratio,https://www.sabic.com/en/Images/SABIC-Integrated-Annual-Report-2025-EN_tcm1010-49452.pdf,,,data\raw\SA\2010\documents\888b4c0373f7da9588dc393a44c8d5682c0f2206bdfc8185ad4d9a37bf8ba6aa.pdf,888b4c0373f7da9588dc393a44c8d5682c0f2206bdfc8185ad4d9a37bf8ba6aa,(cash + short_term_investments + accounts_receivable) / current_liabilities
Saudi Basic Industries Corporation (SABIC),SA,2010,2025,,2025-12-31,instant,ratio,receivables_to_revenue,consolidated,{},0.1431021358175750700616606463,,ratio,https://www.sabic.com/en/Images/SABIC-Integrated-Annual-Report-2025-EN_tcm1010-49452.pdf,,,data\raw\SA\2010\documents\888b4c0373f7da9588dc393a44c8d5682c0f2206bdfc8185ad4d9a37bf8ba6aa.pdf,888b4c0373f7da9588dc393a44c8d5682c0f2206bdfc8185ad4d9a37bf8ba6aa,accounts_receivable / revenue
Saudi Basic Industries Corporation (SABIC),SA,2010,2025,,2025-12-31,fy,ratio,receivables_turnover,consolidated,{},6.279172718829643029484440586,,ratio,https://www.sabic.com/en/Images/SABIC-Integrated-Annual-Report-2025-EN_tcm1010-49452.pdf,,,data\raw\SA\2010\documents\888b4c0373f7da9588dc393a44c8d5682c0f2206bdfc8185ad4d9a37bf8ba6aa.pdf,888b4c0373f7da9588dc393a44c8d5682c0f2206bdfc8185ad4d9a37bf8ba6aa,revenue / average(accounts_receivable)
Saudi Basic Industries Corporation (SABIC),SA,2010,2025,,2025-12-31,instant,financial,related_party_loans,consolidated,"{""direction"":""Receivable""}",452317000,SAR,SAR,https://www.sabic.com/en/Images/SABIC-Integrated-Annual-Report-2025-EN_tcm1010-49452.pdf,201,Related party loans,data\raw\SA\2010\documents\888b4c0373f7da9588dc393a44c8d5682c0f2206bdfc8185ad4d9a37bf8ba6aa.pdf,888b4c0373f7da9588dc393a44c8d5682c0f2206bdfc8185ad4d9a37bf8ba6aa,
Saudi Basic Industries Corporation (SABIC),SA,2010,2025,,2025-12-31,instant,financial,related_party_loans,consolidated,"{""direction"":""Payable""}",10397249000,SAR,SAR,https://www.sabic.com/en/Images/SABIC-Integrated-Annual-Report-2025-EN_tcm1010-49452.pdf,201,Related party loans,data\raw\SA\2010\documents\888b4c0373f7da9588dc393a44c8d5682c0f2206bdfc8185ad4d9a37bf8ba6aa.pdf,888b4c0373f7da9588dc393a44c8d5682c0f2206bdfc8185ad4d9a37bf8ba6aa,
Saudi Basic Industries Corporation (SABIC),SA,2010,2025,,2025-12-31,instant,financial,related_party_payables,consolidated,{},12296996000,SAR,SAR,https://www.sabic.com/en/Images/SABIC-Integrated-Annual-Report-2025-EN_tcm1010-49452.pdf,201,Related party transactions,data\raw\SA\2010\documents\888b4c0373f7da9588dc393a44c8d5682c0f2206bdfc8185ad4d9a37bf8ba6aa.pdf,888b4c0373f7da9588dc393a44c8d5682c0f2206bdfc8185ad4d9a37bf8ba6aa,
Saudi Basic Industries Corporation (SABIC),SA,2010,2025,,2025-12-31,fy,financial,related_party_purchases,consolidated,"{""counterparty_type"":""Associates""}",5859193000,SAR,SAR,https://www.sabic.com/en/Images/SABIC-Integrated-Annual-Report-2025-EN_tcm1010-49452.pdf,201,Related party transactions,data\raw\SA\2010\documents\888b4c0373f7da9588dc393a44c8d5682c0f2206bdfc8185ad4d9a37bf8ba6aa.pdf,888b4c0373f7da9588dc393a44c8d5682c0f2206bdfc8185ad4d9a37bf8ba6aa,
Saudi Basic Industries Corporation (SABIC),SA,2010,2025,,2025-12-31,fy,financial,related_party_purchases,consolidated,"{""counterparty_type"":""Joint ventures""}",16609424000,SAR,SAR,https://www.sabic.com/en/Images/SABIC-Integrated-Annual-Report-2025-EN_tcm1010-49452.pdf,201,Related party transactions,data\raw\SA\2010\documents\888b4c0373f7da9588dc393a44c8d5682c0f2206bdfc8185ad4d9a37bf8ba6aa.pdf,888b4c0373f7da9588dc393a44c8d5682c0f2206bdfc8185ad4d9a37bf8ba6aa,
Saudi Basic Industries Corporation (SABIC),SA,2010,2025,,2025-12-31,fy,financial,related_party_purchases,consolidated,"{""counterparty"":""Saudi Aramco""}",22086595000,SAR,SAR,https://www.sabic.com/en/Images/SABIC-Integrated-Annual-Report-2025-EN_tcm1010-49452.pdf,201,Related party transactions,data\raw\SA\2010\documents\888b4c0373f7da9588dc393a44c8d5682c0f2206bdfc8185ad4d9a37bf8ba6aa.pdf,888b4c0373f7da9588dc393a44c8d5682c0f2206bdfc8185ad4d9a37bf8ba6aa,
Saudi Basic Industries Corporation (SABIC),SA,2010,2025,,2025-12-31,fy,financial,related_party_purchases,consolidated,"{""counterparty_type"":""Saudi Aramco group entities""}",23803560000,SAR,SAR,https://www.sabic.com/en/Images/SABIC-Integrated-Annual-Report-2025-EN_tcm1010-49452.pdf,201,Related party transactions,data\raw\SA\2010\documents\888b4c0373f7da9588dc393a44c8d5682c0f2206bdfc8185ad4d9a37bf8ba6aa.pdf,888b4c0373f7da9588dc393a44c8d5682c0f2206bdfc8185ad4d9a37bf8ba6aa,
Saudi Basic Industries Corporation (SABIC),SA,2010,2025,,2025-12-31,instant,financial,related_party_receivables,consolidated,{},4960112000,SAR,SAR,https://www.sabic.com/en/Images/SABIC-Integrated-Annual-Report-2025-EN_tcm1010-49452.pdf,201,Related party transactions,data\raw\SA\2010\documents\888b4c0373f7da9588dc393a44c8d5682c0f2206bdfc8185ad4d9a37bf8ba6aa.pdf,888b4c0373f7da9588dc393a44c8d5682c0f2206bdfc8185ad4d9a37bf8ba6aa,
Saudi Basic Industries Corporation (SABIC),SA,2010,2025,,2025-12-31,fy,financial,related_party_revenue,consolidated,"{""counterparty_type"":""Associates""}",78805000,SAR,SAR,https://www.sabic.com/en/Images/SABIC-Integrated-Annual-Report-2025-EN_tcm1010-49452.pdf,201,Related party transactions,data\raw\SA\2010\documents\888b4c0373f7da9588dc393a44c8d5682c0f2206bdfc8185ad4d9a37bf8ba6aa.pdf,888b4c0373f7da9588dc393a44c8d5682c0f2206bdfc8185ad4d9a37bf8ba6aa,
Saudi Basic Industries Corporation (SABIC),SA,2010,2025,,2025-12-31,fy,financial,related_party_revenue,consolidated,"{""counterparty_type"":""Joint ventures""}",8469231000,SAR,SAR,https://www.sabic.com/en/Images/SABIC-Integrated-Annual-Report-2025-EN_tcm1010-49452.pdf,201,Related party transactions,data\raw\SA\2010\documents\888b4c0373f7da9588dc393a44c8d5682c0f2206bdfc8185ad4d9a37bf8ba6aa.pdf,888b4c0373f7da9588dc393a44c8d5682c0f2206bdfc8185ad4d9a37bf8ba6aa,
Saudi Basic Industries Corporation (SABIC),SA,2010,2025,,2025-12-31,fy,financial,related_party_revenue,consolidated,"{""counterparty"":""Saudi Aramco""}",15527000,SAR,SAR,https://www.sabic.com/en/Images/SABIC-Integrated-Annual-Report-2025-EN_tcm1010-49452.pdf,201,Related party transactions,data\raw\SA\2010\documents\888b4c0373f7da9588dc393a44c8d5682c0f2206bdfc8185ad4d9a37bf8ba6aa.pdf,888b4c0373f7da9588dc393a44c8d5682c0f2206bdfc8185ad4d9a37bf8ba6aa,
Saudi Basic Industries Corporation (SABIC),SA,2010,2025,,2025-12-31,fy,financial,related_party_revenue,consolidated,"{""counterparty_type"":""Saudi Aramco group entities""}",10889885000,SAR,SAR,https://www.sabic.com/en/Images/SABIC-Integrated-Annual-Report-2025-EN_tcm1010-49452.pdf,201,Related party transactions,data\raw\SA\2010\documents\888b4c0373f7da9588dc393a44c8d5682c0f2206bdfc8185ad4d9a37bf8ba6aa.pdf,888b4c0373f7da9588dc393a44c8d5682c0f2206bdfc8185ad4d9a37bf8ba6aa,
Saudi Basic Industries Corporation (SABIC),SA,2010,2025,,2025-12-31,fy,financial,research_and_development_expense,consolidated,{},-1629979000,SAR,SAR,https://www.sabic.com/en/Images/SABIC-Integrated-Annual-Report-2025-EN_tcm1010-49452.pdf,133,,data\raw\SA\2010\documents\888b4c0373f7da9588dc393a44c8d5682c0f2206bdfc8185ad4d9a37bf8ba6aa.pdf,888b4c0373f7da9588dc393a44c8d5682c0f2206bdfc8185ad4d9a37bf8ba6aa,
Saudi Basic Industries Corporation (SABIC),SA,2010,2025,,2025-12-31,fy,calculated,research_development_to_revenue,consolidated,{},-0.01398820859492264051967327861,,ratio,https://www.sabic.com/en/Images/SABIC-Integrated-Annual-Report-2025-EN_tcm1010-49452.pdf,,,data\raw\SA\2010\documents\888b4c0373f7da9588dc393a44c8d5682c0f2206bdfc8185ad4d9a37bf8ba6aa.pdf,888b4c0373f7da9588dc393a44c8d5682c0f2206bdfc8185ad4d9a37bf8ba6aa,research_and_development_expense / revenue
Saudi Basic Industries Corporation (SABIC),SA,2010,2025,,2025-12-31,instant,financial,retained_earnings,consolidated,{},100191427000,SAR,SAR,https://www.sabic.com/en/Images/SABIC-Integrated-Annual-Report-2025-EN_tcm1010-49452.pdf,132,,data\raw\SA\2010\documents\888b4c0373f7da9588dc393a44c8d5682c0f2206bdfc8185ad4d9a37bf8ba6aa.pdf,888b4c0373f7da9588dc393a44c8d5682c0f2206bdfc8185ad4d9a37bf8ba6aa,
Saudi Basic Industries Corporation (SABIC),SA,2010,2025,,2025-12-31,instant,financial,retained_earnings_per_share,consolidated,{},33.39714233333333333333333333,SAR,SAR/share,https://www.sabic.com/en/Images/SABIC-Integrated-Annual-Report-2025-EN_tcm1010-49452.pdf,,,data\raw\SA\2010\documents\888b4c0373f7da9588dc393a44c8d5682c0f2206bdfc8185ad4d9a37bf8ba6aa.pdf,888b4c0373f7da9588dc393a44c8d5682c0f2206bdfc8185ad4d9a37bf8ba6aa,retained_earnings / shares_outstanding
Saudi Basic Industries Corporation (SABIC),SA,2010,2025,,2025-12-31,fy,ratio,return_on_assets,consolidated,{},-0.09476143648125854214681748921,,ratio,https://www.sabic.com/en/Images/SABIC-Integrated-Annual-Report-2025-EN_tcm1010-49452.pdf,,,data\raw\SA\2010\documents\888b4c0373f7da9588dc393a44c8d5682c0f2206bdfc8185ad4d9a37bf8ba6aa.pdf,888b4c0373f7da9588dc393a44c8d5682c0f2206bdfc8185ad4d9a37bf8ba6aa,net_income / average(total_assets)
Saudi Basic Industries Corporation (SABIC),SA,2010,2025,,2025-12-31,fy,ratio,return_on_equity,consolidated,{},-0.1461879323100163999730978359,,ratio,https://www.sabic.com/en/Images/SABIC-Integrated-Annual-Report-2025-EN_tcm1010-49452.pdf,,,data\raw\SA\2010\documents\888b4c0373f7da9588dc393a44c8d5682c0f2206bdfc8185ad4d9a37bf8ba6aa.pdf,888b4c0373f7da9588dc393a44c8d5682c0f2206bdfc8185ad4d9a37bf8ba6aa,net_income / average(total_equity)
Saudi Basic Industries Corporation (SABIC),SA,2010,2025,,2025-12-31,fy,calculated,return_on_tangible_equity,consolidated,{},-0.1643722266677574748381175656,,ratio,https://www.sabic.com/en/Images/SABIC-Integrated-Annual-Report-2025-EN_tcm1010-49452.pdf,,,data\raw\SA\2010\documents\888b4c0373f7da9588dc393a44c8d5682c0f2206bdfc8185ad4d9a37bf8ba6aa.pdf,888b4c0373f7da9588dc393a44c8d5682c0f2206bdfc8185ad4d9a37bf8ba6aa,net_income / average(total_equity - intangible_assets)
Saudi Basic Industries Corporation (SABIC),SA,2010,2025,,2025-12-31,fy,financial,الإيرادات,consolidated,{},116525214000,SAR,SAR,https://www.sabic.com/en/Images/SABIC-Integrated-Annual-Report-2025-EN_tcm1010-49452.pdf,133,,data\raw\SA\2010\documents\888b4c0373f7da9588dc393a44c8d5682c0f2206bdfc8185ad4d9a37bf8ba6aa.pdf,888b4c0373f7da9588dc393a44c8d5682c0f2206bdfc8185ad4d9a37bf8ba6aa,
Saudi Basic Industries Corporation (SABIC),SA,2010,2025,,2025-12-31,fy,financial,revenue_by_geography,consolidated,"{""geography"":""Rest of Asia""}",32530448000,SAR,SAR,https://www.sabic.com/en/Images/SABIC-Integrated-Annual-Report-2025-EN_tcm1010-49452.pdf,208,Geographical information,data\raw\SA\2010\documents\888b4c0373f7da9588dc393a44c8d5682c0f2206bdfc8185ad4d9a37bf8ba6aa.pdf,888b4c0373f7da9588dc393a44c8d5682c0f2206bdfc8185ad4d9a37bf8ba6aa,
Saudi Basic Industries Corporation (SABIC),SA,2010,2025,,2025-12-31,fy,financial,revenue_by_geography,consolidated,"{""geography"":""China""}",23111610000,SAR,SAR,https://www.sabic.com/en/Images/SABIC-Integrated-Annual-Report-2025-EN_tcm1010-49452.pdf,208,Geographical information,data\raw\SA\2010\documents\888b4c0373f7da9588dc393a44c8d5682c0f2206bdfc8185ad4d9a37bf8ba6aa.pdf,888b4c0373f7da9588dc393a44c8d5682c0f2206bdfc8185ad4d9a37bf8ba6aa,
Saudi Basic Industries Corporation (SABIC),SA,2010,2025,,2025-12-31,fy,financial,revenue_by_geography,consolidated,"{""geography"":""Saudi Arabia""}",18083824000,SAR,SAR,https://www.sabic.com/en/Images/SABIC-Integrated-Annual-Report-2025-EN_tcm1010-49452.pdf,208,Geographical information,data\raw\SA\2010\documents\888b4c0373f7da9588dc393a44c8d5682c0f2206bdfc8185ad4d9a37bf8ba6aa.pdf,888b4c0373f7da9588dc393a44c8d5682c0f2206bdfc8185ad4d9a37bf8ba6aa,
Saudi Basic Industries Corporation (SABIC),SA,2010,2025,,2025-12-31,fy,financial,revenue_by_geography,consolidated,"{""geography"":""Americas""}",12072642000,SAR,SAR,https://www.sabic.com/en/Images/SABIC-Integrated-Annual-Report-2025-EN_tcm1010-49452.pdf,208,Geographical information,data\raw\SA\2010\documents\888b4c0373f7da9588dc393a44c8d5682c0f2206bdfc8185ad4d9a37bf8ba6aa.pdf,888b4c0373f7da9588dc393a44c8d5682c0f2206bdfc8185ad4d9a37bf8ba6aa,
Saudi Basic Industries Corporation (SABIC),SA,2010,2025,,2025-12-31,fy,financial,revenue_by_geography,consolidated,"{""geography"":""Europe""}",10484225000,SAR,SAR,https://www.sabic.com/en/Images/SABIC-Integrated-Annual-Report-2025-EN_tcm1010-49452.pdf,208,Geographical information,data\raw\SA\2010\documents\888b4c0373f7da9588dc393a44c8d5682c0f2206bdfc8185ad4d9a37bf8ba6aa.pdf,888b4c0373f7da9588dc393a44c8d5682c0f2206bdfc8185ad4d9a37bf8ba6aa,
Saudi Basic Industries Corporation (SABIC),SA,2010,2025,,2025-12-31,fy,financial,revenue_by_geography,consolidated,"{""geography"":""Africa""}",9293022000,SAR,SAR,https://www.sabic.com/en/Images/SABIC-Integrated-Annual-Report-2025-EN_tcm1010-49452.pdf,208,Geographical information,data\raw\SA\2010\documents\888b4c0373f7da9588dc393a44c8d5682c0f2206bdfc8185ad4d9a37bf8ba6aa.pdf,888b4c0373f7da9588dc393a44c8d5682c0f2206bdfc8185ad4d9a37bf8ba6aa,
Saudi Basic Industries Corporation (SABIC),SA,2010,2025,,2025-12-31,fy,financial,revenue_by_geography,consolidated,"{""geography"":""Others""}",10949443000,SAR,SAR,https://www.sabic.com/en/Images/SABIC-Integrated-Annual-Report-2025-EN_tcm1010-49452.pdf,208,Geographical information,data\raw\SA\2010\documents\888b4c0373f7da9588dc393a44c8d5682c0f2206bdfc8185ad4d9a37bf8ba6aa.pdf,888b4c0373f7da9588dc393a44c8d5682c0f2206bdfc8185ad4d9a37bf8ba6aa,
Saudi Basic Industries Corporation (SABIC),SA,2010,2025,,2025-12-31,fy,financial,revenue_by_product,consolidated,"{""product"":""Goods""}",111629493000,SAR,SAR,https://www.sabic.com/en/Images/SABIC-Integrated-Annual-Report-2025-EN_tcm1010-49452.pdf,194,Revenue breakdown,data\raw\SA\2010\documents\888b4c0373f7da9588dc393a44c8d5682c0f2206bdfc8185ad4d9a37bf8ba6aa.pdf,888b4c0373f7da9588dc393a44c8d5682c0f2206bdfc8185ad4d9a37bf8ba6aa,
Saudi Basic Industries Corporation (SABIC),SA,2010,2025,,2025-12-31,fy,financial,revenue_by_product,consolidated,"{""product"":""Logistics services""}",3416268000,SAR,SAR,https://www.sabic.com/en/Images/SABIC-Integrated-Annual-Report-2025-EN_tcm1010-49452.pdf,194,Revenue breakdown,data\raw\SA\2010\documents\888b4c0373f7da9588dc393a44c8d5682c0f2206bdfc8185ad4d9a37bf8ba6aa.pdf,888b4c0373f7da9588dc393a44c8d5682c0f2206bdfc8185ad4d9a37bf8ba6aa,
Saudi Basic Industries Corporation (SABIC),SA,2010,2025,,2025-12-31,fy,financial,revenue_by_product,consolidated,"{""product"":""Other revenue""}",1479453000,SAR,SAR,https://www.sabic.com/en/Images/SABIC-Integrated-Annual-Report-2025-EN_tcm1010-49452.pdf,194,Revenue breakdown,data\raw\SA\2010\documents\888b4c0373f7da9588dc393a44c8d5682c0f2206bdfc8185ad4d9a37bf8ba6aa.pdf,888b4c0373f7da9588dc393a44c8d5682c0f2206bdfc8185ad4d9a37bf8ba6aa,
Saudi Basic Industries Corporation (SABIC),SA,2010,2025,,2025-12-31,fy,calculated,revenue_cagr_3y,consolidated,{},-0.1398127483892540099782743225,,ratio,https://www.sabic.com/en/Images/SABIC-Integrated-Annual-Report-2025-EN_tcm1010-49452.pdf,,,data\raw\SA\2010\documents\888b4c0373f7da9588dc393a44c8d5682c0f2206bdfc8185ad4d9a37bf8ba6aa.pdf,888b4c0373f7da9588dc393a44c8d5682c0f2206bdfc8185ad4d9a37bf8ba6aa,(revenue / prior_3y(revenue)) ^ (1/3) - 1
Saudi Basic Industries Corporation (SABIC),SA,2010,2025,,2025-12-31,fy,calculated,revenue_growth,consolidated,{},-0.0102880422154925424480967209,,ratio,https://www.sabic.com/en/Images/SABIC-Integrated-Annual-Report-2025-EN_tcm1010-49452.pdf,,,data\raw\SA\2010\documents\888b4c0373f7da9588dc393a44c8d5682c0f2206bdfc8185ad4d9a37bf8ba6aa.pdf,888b4c0373f7da9588dc393a44c8d5682c0f2206bdfc8185ad4d9a37bf8ba6aa,revenue / prior_fy(revenue) - 1
Saudi Basic Industries Corporation (SABIC),SA,2010,2025,,2025-12-31,fy,financial,revenue_per_share,consolidated,{},38.841738,SAR,SAR/share,https://www.sabic.com/en/Images/SABIC-Integrated-Annual-Report-2025-EN_tcm1010-49452.pdf,,,data\raw\SA\2010\documents\888b4c0373f7da9588dc393a44c8d5682c0f2206bdfc8185ad4d9a37bf8ba6aa.pdf,888b4c0373f7da9588dc393a44c8d5682c0f2206bdfc8185ad4d9a37bf8ba6aa,revenue / weighted_average_shares
Saudi Basic Industries Corporation (SABIC),SA,2010,2025,,2025-12-31,instant,financial,right_of_use_assets,consolidated,{},3412073000,SAR,SAR,https://www.sabic.com/en/Images/SABIC-Integrated-Annual-Report-2025-EN_tcm1010-49452.pdf,132,,data\raw\SA\2010\documents\888b4c0373f7da9588dc393a44c8d5682c0f2206bdfc8185ad4d9a37bf8ba6aa.pdf,888b4c0373f7da9588dc393a44c8d5682c0f2206bdfc8185ad4d9a37bf8ba6aa,
Saudi Basic Industries Corporation (SABIC),SA,2010,2025,,2025-12-31,fy,operational,sales_volume,segment,"{""basis"":""continuing_operations"",""segment"":""Chemicals""}",23.2,SAR,million_tonnes,https://www.sabic.com/en/Images/SABIC-Integrated-Annual-Report-2025-EN_tcm1010-49452.pdf,47,Operational footprint - continuing operations,data\raw\SA\2010\documents\888b4c0373f7da9588dc393a44c8d5682c0f2206bdfc8185ad4d9a37bf8ba6aa.pdf,888b4c0373f7da9588dc393a44c8d5682c0f2206bdfc8185ad4d9a37bf8ba6aa,
Saudi Basic Industries Corporation (SABIC),SA,2010,2025,,2025-12-31,fy,operational,sales_volume,segment,"{""basis"":""continuing_operations"",""segment"":""Polymers""}",13.0,SAR,million_tonnes,https://www.sabic.com/en/Images/SABIC-Integrated-Annual-Report-2025-EN_tcm1010-49452.pdf,47,Operational footprint - continuing operations,data\raw\SA\2010\documents\888b4c0373f7da9588dc393a44c8d5682c0f2206bdfc8185ad4d9a37bf8ba6aa.pdf,888b4c0373f7da9588dc393a44c8d5682c0f2206bdfc8185ad4d9a37bf8ba6aa,
Saudi Basic Industries Corporation (SABIC),SA,2010,2025,,2025-12-31,fy,operational,sales_volume,segment,"{""basis"":""continuing_operations"",""segment"":""Agri-Nutrients""}",7.2,SAR,million_tonnes,https://www.sabic.com/en/Images/SABIC-Integrated-Annual-Report-2025-EN_tcm1010-49452.pdf,47,Operational footprint - continuing operations,data\raw\SA\2010\documents\888b4c0373f7da9588dc393a44c8d5682c0f2206bdfc8185ad4d9a37bf8ba6aa.pdf,888b4c0373f7da9588dc393a44c8d5682c0f2206bdfc8185ad4d9a37bf8ba6aa,
Saudi Basic Industries Corporation (SABIC),SA,2010,2025,,2025-12-31,fy,operational,scope_1_2_emissions,consolidated,{},41.51,SAR,million_tCO2e,https://www.sabic.com/en/Images/SABIC-Integrated-Annual-Report-2025-EN_tcm1010-49452.pdf,232,Sustainability performance summary,data\raw\SA\2010\documents\888b4c0373f7da9588dc393a44c8d5682c0f2206bdfc8185ad4d9a37bf8ba6aa.pdf,888b4c0373f7da9588dc393a44c8d5682c0f2206bdfc8185ad4d9a37bf8ba6aa,
Saudi Basic Industries Corporation (SABIC),SA,2010,2025,,2025-12-31,instant,financial,secured_borrowings,consolidated,"{""security_basis"":""PPE pledged to SIDF""}",297172000,SAR,SAR,https://www.sabic.com/en/Images/SABIC-Integrated-Annual-Report-2025-EN_tcm1010-49452.pdf,185,Debt,data\raw\SA\2010\documents\888b4c0373f7da9588dc393a44c8d5682c0f2206bdfc8185ad4d9a37bf8ba6aa.pdf,888b4c0373f7da9588dc393a44c8d5682c0f2206bdfc8185ad4d9a37bf8ba6aa,
Saudi Basic Industries Corporation (SABIC),SA,2010,2025,,2025-12-31,fy,financial,securities_purchases,consolidated,{},-502346000,SAR,SAR,https://www.sabic.com/en/Images/SABIC-Integrated-Annual-Report-2025-EN_tcm1010-49452.pdf,137,Consolidated statement of cash flows,data\raw\SA\2010\documents\888b4c0373f7da9588dc393a44c8d5682c0f2206bdfc8185ad4d9a37bf8ba6aa.pdf,888b4c0373f7da9588dc393a44c8d5682c0f2206bdfc8185ad4d9a37bf8ba6aa,
Saudi Basic Industries Corporation (SABIC),SA,2010,2025,,2025-12-31,fy,financial,securities_sales,consolidated,{},0,SAR,SAR,https://www.sabic.com/en/Images/SABIC-Integrated-Annual-Report-2025-EN_tcm1010-49452.pdf,137,Consolidated statement of cash flows,data\raw\SA\2010\documents\888b4c0373f7da9588dc393a44c8d5682c0f2206bdfc8185ad4d9a37bf8ba6aa.pdf,888b4c0373f7da9588dc393a44c8d5682c0f2206bdfc8185ad4d9a37bf8ba6aa,
Saudi Basic Industries Corporation (SABIC),SA,2010,2025,,2025-12-31,instant,operational,segment_assets,segment,"{""segment"":""Petrochemicals""}",207682909000,SAR,SAR,https://www.sabic.com/en/Images/SABIC-Integrated-Annual-Report-2025-EN_tcm1010-49452.pdf,207,Note 36 - segment information,data\raw\SA\2010\documents\888b4c0373f7da9588dc393a44c8d5682c0f2206bdfc8185ad4d9a37bf8ba6aa.pdf,888b4c0373f7da9588dc393a44c8d5682c0f2206bdfc8185ad4d9a37bf8ba6aa,
Saudi Basic Industries Corporation (SABIC),SA,2010,2025,,2025-12-31,instant,operational,segment_assets,segment,"{""segment"":""Agri-Nutrients""}",27647759000,SAR,SAR,https://www.sabic.com/en/Images/SABIC-Integrated-Annual-Report-2025-EN_tcm1010-49452.pdf,207,Note 36 - segment information,data\raw\SA\2010\documents\888b4c0373f7da9588dc393a44c8d5682c0f2206bdfc8185ad4d9a37bf8ba6aa.pdf,888b4c0373f7da9588dc393a44c8d5682c0f2206bdfc8185ad4d9a37bf8ba6aa,
Saudi Basic Industries Corporation (SABIC),SA,2010,2025,,2025-12-31,fy,operational,segment_capex,segment,"{""segment"":""Petrochemicals""}",6536874000,SAR,SAR,https://www.sabic.com/en/Images/SABIC-Integrated-Annual-Report-2025-EN_tcm1010-49452.pdf,207,Note 36 - segment information,data\raw\SA\2010\documents\888b4c0373f7da9588dc393a44c8d5682c0f2206bdfc8185ad4d9a37bf8ba6aa.pdf,888b4c0373f7da9588dc393a44c8d5682c0f2206bdfc8185ad4d9a37bf8ba6aa,
Saudi Basic Industries Corporation (SABIC),SA,2010,2025,,2025-12-31,fy,operational,segment_capex,segment,"{""segment"":""Agri-Nutrients""}",788983000,SAR,SAR,https://www.sabic.com/en/Images/SABIC-Integrated-Annual-Report-2025-EN_tcm1010-49452.pdf,207,Note 36 - segment information,data\raw\SA\2010\documents\888b4c0373f7da9588dc393a44c8d5682c0f2206bdfc8185ad4d9a37bf8ba6aa.pdf,888b4c0373f7da9588dc393a44c8d5682c0f2206bdfc8185ad4d9a37bf8ba6aa,
Saudi Basic Industries Corporation (SABIC),SA,2010,2025,,2025-12-31,fy,operational,segment_depreciation_amortization,segment,"{""segment"":""Petrochemicals""}",-10005124000,SAR,SAR,https://www.sabic.com/en/Images/SABIC-Integrated-Annual-Report-2025-EN_tcm1010-49452.pdf,207,Note 36 - segment information,data\raw\SA\2010\documents\888b4c0373f7da9588dc393a44c8d5682c0f2206bdfc8185ad4d9a37bf8ba6aa.pdf,888b4c0373f7da9588dc393a44c8d5682c0f2206bdfc8185ad4d9a37bf8ba6aa,
Saudi Basic Industries Corporation (SABIC),SA,2010,2025,,2025-12-31,fy,operational,segment_depreciation_amortization,segment,"{""segment"":""Agri-Nutrients""}",-850750000,SAR,SAR,https://www.sabic.com/en/Images/SABIC-Integrated-Annual-Report-2025-EN_tcm1010-49452.pdf,207,Note 36 - segment information,data\raw\SA\2010\documents\888b4c0373f7da9588dc393a44c8d5682c0f2206bdfc8185ad4d9a37bf8ba6aa.pdf,888b4c0373f7da9588dc393a44c8d5682c0f2206bdfc8185ad4d9a37bf8ba6aa,
Saudi Basic Industries Corporation (SABIC),SA,2010,2025,,2025-12-31,fy,operational,segment_ebit,segment,"{""segment"":""Petrochemicals""}",331322000,SAR,SAR,https://www.sabic.com/en/Images/SABIC-Integrated-Annual-Report-2025-EN_tcm1010-49452.pdf,207,Note 36 - segment information,data\raw\SA\2010\documents\888b4c0373f7da9588dc393a44c8d5682c0f2206bdfc8185ad4d9a37bf8ba6aa.pdf,888b4c0373f7da9588dc393a44c8d5682c0f2206bdfc8185ad4d9a37bf8ba6aa,
Saudi Basic Industries Corporation (SABIC),SA,2010,2025,,2025-12-31,fy,operational,segment_ebit,segment,"{""segment"":""Agri-Nutrients""}",4035672000,SAR,SAR,https://www.sabic.com/en/Images/SABIC-Integrated-Annual-Report-2025-EN_tcm1010-49452.pdf,207,Note 36 - segment information,data\raw\SA\2010\documents\888b4c0373f7da9588dc393a44c8d5682c0f2206bdfc8185ad4d9a37bf8ba6aa.pdf,888b4c0373f7da9588dc393a44c8d5682c0f2206bdfc8185ad4d9a37bf8ba6aa,
Saudi Basic Industries Corporation (SABIC),SA,2010,2025,,2025-12-31,fy,operational,segment_ebitda,segment,"{""segment"":""Petrochemicals""}",11540000000.00,SAR,SAR,https://www.sabic.com/en/Images/SABIC-Integrated-Annual-Report-2025-EN_tcm1010-49452.pdf,47,Financial performance - continuing operations,data\raw\SA\2010\documents\888b4c0373f7da9588dc393a44c8d5682c0f2206bdfc8185ad4d9a37bf8ba6aa.pdf,888b4c0373f7da9588dc393a44c8d5682c0f2206bdfc8185ad4d9a37bf8ba6aa,
Saudi Basic Industries Corporation (SABIC),SA,2010,2025,,2025-12-31,fy,operational,segment_ebitda,segment,"{""segment"":""Agri-Nutrients""}",4890000000.00,SAR,SAR,https://www.sabic.com/en/Images/SABIC-Integrated-Annual-Report-2025-EN_tcm1010-49452.pdf,47,Financial performance - continuing operations,data\raw\SA\2010\documents\888b4c0373f7da9588dc393a44c8d5682c0f2206bdfc8185ad4d9a37bf8ba6aa.pdf,888b4c0373f7da9588dc393a44c8d5682c0f2206bdfc8185ad4d9a37bf8ba6aa,
Saudi Basic Industries Corporation (SABIC),SA,2010,2025,,2025-12-31,fy,operational,segment_impairment,segment,"{""segment"":""Petrochemicals""}",-1205470000,SAR,SAR,https://www.sabic.com/en/Images/SABIC-Integrated-Annual-Report-2025-EN_tcm1010-49452.pdf,207,Note 36 - segment information,data\raw\SA\2010\documents\888b4c0373f7da9588dc393a44c8d5682c0f2206bdfc8185ad4d9a37bf8ba6aa.pdf,888b4c0373f7da9588dc393a44c8d5682c0f2206bdfc8185ad4d9a37bf8ba6aa,
Saudi Basic Industries Corporation (SABIC),SA,2010,2025,,2025-12-31,instant,operational,segment_investments_associates,segment,"{""segment"":""Petrochemicals""}",24213212000,SAR,SAR,https://www.sabic.com/en/Images/SABIC-Integrated-Annual-Report-2025-EN_tcm1010-49452.pdf,207,Note 36 - segment information,data\raw\SA\2010\documents\888b4c0373f7da9588dc393a44c8d5682c0f2206bdfc8185ad4d9a37bf8ba6aa.pdf,888b4c0373f7da9588dc393a44c8d5682c0f2206bdfc8185ad4d9a37bf8ba6aa,
Saudi Basic Industries Corporation (SABIC),SA,2010,2025,,2025-12-31,instant,operational,segment_investments_associates,segment,"{""segment"":""Agri-Nutrients""}",9113177000,SAR,SAR,https://www.sabic.com/en/Images/SABIC-Integrated-Annual-Report-2025-EN_tcm1010-49452.pdf,207,Note 36 - segment information,data\raw\SA\2010\documents\888b4c0373f7da9588dc393a44c8d5682c0f2206bdfc8185ad4d9a37bf8ba6aa.pdf,888b4c0373f7da9588dc393a44c8d5682c0f2206bdfc8185ad4d9a37bf8ba6aa,
Saudi Basic Industries Corporation (SABIC),SA,2010,2025,,2025-12-31,instant,operational,segment_liabilities,segment,"{""segment"":""Petrochemicals""}",78180071000,SAR,SAR,https://www.sabic.com/en/Images/SABIC-Integrated-Annual-Report-2025-EN_tcm1010-49452.pdf,207,Note 36 - segment information,data\raw\SA\2010\documents\888b4c0373f7da9588dc393a44c8d5682c0f2206bdfc8185ad4d9a37bf8ba6aa.pdf,888b4c0373f7da9588dc393a44c8d5682c0f2206bdfc8185ad4d9a37bf8ba6aa,
Saudi Basic Industries Corporation (SABIC),SA,2010,2025,,2025-12-31,instant,operational,segment_liabilities,segment,"{""segment"":""Agri-Nutrients""}",4305225000,SAR,SAR,https://www.sabic.com/en/Images/SABIC-Integrated-Annual-Report-2025-EN_tcm1010-49452.pdf,207,Note 36 - segment information,data\raw\SA\2010\documents\888b4c0373f7da9588dc393a44c8d5682c0f2206bdfc8185ad4d9a37bf8ba6aa.pdf,888b4c0373f7da9588dc393a44c8d5682c0f2206bdfc8185ad4d9a37bf8ba6aa,
Saudi Basic Industries Corporation (SABIC),SA,2010,2025,,2025-12-31,fy,operational,segment_revenue,segment,"{""segment"":""Petrochemicals""}",103935678000,SAR,SAR,https://www.sabic.com/en/Images/SABIC-Integrated-Annual-Report-2025-EN_tcm1010-49452.pdf,207,Note 36 - segment information,data\raw\SA\2010\documents\888b4c0373f7da9588dc393a44c8d5682c0f2206bdfc8185ad4d9a37bf8ba6aa.pdf,888b4c0373f7da9588dc393a44c8d5682c0f2206bdfc8185ad4d9a37bf8ba6aa,
Saudi Basic Industries Corporation (SABIC),SA,2010,2025,,2025-12-31,fy,operational,segment_revenue,segment,"{""segment"":""Agri-Nutrients""}",12589536000,SAR,SAR,https://www.sabic.com/en/Images/SABIC-Integrated-Annual-Report-2025-EN_tcm1010-49452.pdf,207,Note 36 - segment information,data\raw\SA\2010\documents\888b4c0373f7da9588dc393a44c8d5682c0f2206bdfc8185ad4d9a37bf8ba6aa.pdf,888b4c0373f7da9588dc393a44c8d5682c0f2206bdfc8185ad4d9a37bf8ba6aa,
Saudi Basic Industries Corporation (SABIC),SA,2010,2025,,2025-12-31,fy,financial,selling_and_distribution_expense,consolidated,{},-6684738000,SAR,SAR,https://www.sabic.com/en/Images/SABIC-Integrated-Annual-Report-2025-EN_tcm1010-49452.pdf,133,,data\raw\SA\2010\documents\888b4c0373f7da9588dc393a44c8d5682c0f2206bdfc8185ad4d9a37bf8ba6aa.pdf,888b4c0373f7da9588dc393a44c8d5682c0f2206bdfc8185ad4d9a37bf8ba6aa,
Saudi Basic Industries Corporation (SABIC),SA,2010,2025,,2025-12-31,fy,financial,service_cost_employee_benefits,consolidated,"{""component"":""Current service cost""}",849592000,SAR,SAR,https://www.sabic.com/en/Images/SABIC-Integrated-Annual-Report-2025-EN_tcm1010-49452.pdf,187,Employee benefits movement,data\raw\SA\2010\documents\888b4c0373f7da9588dc393a44c8d5682c0f2206bdfc8185ad4d9a37bf8ba6aa.pdf,888b4c0373f7da9588dc393a44c8d5682c0f2206bdfc8185ad4d9a37bf8ba6aa,
Saudi Basic Industries Corporation (SABIC),SA,2010,2025,,2025-12-31,fy,financial,service_cost_employee_benefits,consolidated,"{""component"":""Past service cost""}",112015000,SAR,SAR,https://www.sabic.com/en/Images/SABIC-Integrated-Annual-Report-2025-EN_tcm1010-49452.pdf,187,Employee benefits movement,data\raw\SA\2010\documents\888b4c0373f7da9588dc393a44c8d5682c0f2206bdfc8185ad4d9a37bf8ba6aa.pdf,888b4c0373f7da9588dc393a44c8d5682c0f2206bdfc8185ad4d9a37bf8ba6aa,
Saudi Basic Industries Corporation (SABIC),SA,2010,2025,,2025-12-31,instant,financial,share_capital,consolidated,{},30000000000,SAR,SAR,https://www.sabic.com/en/Images/SABIC-Integrated-Annual-Report-2025-EN_tcm1010-49452.pdf,132,,data\raw\SA\2010\documents\888b4c0373f7da9588dc393a44c8d5682c0f2206bdfc8185ad4d9a37bf8ba6aa.pdf,888b4c0373f7da9588dc393a44c8d5682c0f2206bdfc8185ad4d9a37bf8ba6aa,
Saudi Basic Industries Corporation (SABIC),SA,2010,2025,,2025-12-31,fy,financial,share_of_profit_associates,consolidated,"{""basis"":""associates_and_non_integral_joint_ventures""}",33455000,SAR,SAR,https://www.sabic.com/en/Images/SABIC-Integrated-Annual-Report-2025-EN_tcm1010-49452.pdf,133,Consolidated statement of income,data\raw\SA\2010\documents\888b4c0373f7da9588dc393a44c8d5682c0f2206bdfc8185ad4d9a37bf8ba6aa.pdf,888b4c0373f7da9588dc393a44c8d5682c0f2206bdfc8185ad4d9a37bf8ba6aa,
Saudi Basic Industries Corporation (SABIC),SA,2010,2025,,2025-12-31,fy,financial,share_of_profit_associates,consolidated,"{""basis"":""integral_joint_ventures""}",443363000,SAR,SAR,https://www.sabic.com/en/Images/SABIC-Integrated-Annual-Report-2025-EN_tcm1010-49452.pdf,133,Consolidated statement of income,data\raw\SA\2010\documents\888b4c0373f7da9588dc393a44c8d5682c0f2206bdfc8185ad4d9a37bf8ba6aa.pdf,888b4c0373f7da9588dc393a44c8d5682c0f2206bdfc8185ad4d9a37bf8ba6aa,
Saudi Basic Industries Corporation (SABIC),SA,2010,2025,,2025-12-31,instant,financial,shares_outstanding,consolidated,{},3000000000,SAR,shares,https://www.sabic.com/en/Images/SABIC-Integrated-Annual-Report-2025-EN_tcm1010-49452.pdf,19,Five-year overview and dividend,data\raw\SA\2010\documents\888b4c0373f7da9588dc393a44c8d5682c0f2206bdfc8185ad4d9a37bf8ba6aa.pdf,888b4c0373f7da9588dc393a44c8d5682c0f2206bdfc8185ad4d9a37bf8ba6aa,
Saudi Basic Industries Corporation (SABIC),SA,2010,2025,,2025-12-31,instant,financial,short_term_investments,consolidated,{},12917548000,SAR,SAR,https://www.sabic.com/en/Images/SABIC-Integrated-Annual-Report-2025-EN_tcm1010-49452.pdf,132,,data\raw\SA\2010\documents\888b4c0373f7da9588dc393a44c8d5682c0f2206bdfc8185ad4d9a37bf8ba6aa.pdf,888b4c0373f7da9588dc393a44c8d5682c0f2206bdfc8185ad4d9a37bf8ba6aa,
Saudi Basic Industries Corporation (SABIC),SA,2010,2025,,2025-12-31,fy,financial,short_term_lease_expense,consolidated,{},11163000,SAR,SAR,https://www.sabic.com/en/Images/SABIC-Integrated-Annual-Report-2025-EN_tcm1010-49452.pdf,186,Lease liabilities,data\raw\SA\2010\documents\888b4c0373f7da9588dc393a44c8d5682c0f2206bdfc8185ad4d9a37bf8ba6aa.pdf,888b4c0373f7da9588dc393a44c8d5682c0f2206bdfc8185ad4d9a37bf8ba6aa,
Saudi Basic Industries Corporation (SABIC),SA,2010,2025,,2025-12-31,fy,operational,sox_emissions_chemicals,consolidated,{},3298.38,SAR,tonnes,https://www.sabic.com/en/Images/SABIC-Integrated-Annual-Report-2025-EN_tcm1010-49452.pdf,231,Sustainability performance summary,data\raw\SA\2010\documents\888b4c0373f7da9588dc393a44c8d5682c0f2206bdfc8185ad4d9a37bf8ba6aa.pdf,888b4c0373f7da9588dc393a44c8d5682c0f2206bdfc8185ad4d9a37bf8ba6aa,
Saudi Basic Industries Corporation (SABIC),SA,2010,2025,,2025-12-31,instant,financial,tangible_book_value,consolidated,{},136539588000,SAR,SAR,https://www.sabic.com/en/Images/SABIC-Integrated-Annual-Report-2025-EN_tcm1010-49452.pdf,,,data\raw\SA\2010\documents\888b4c0373f7da9588dc393a44c8d5682c0f2206bdfc8185ad4d9a37bf8ba6aa.pdf,888b4c0373f7da9588dc393a44c8d5682c0f2206bdfc8185ad4d9a37bf8ba6aa,total_equity - intangible_assets
Saudi Basic Industries Corporation (SABIC),SA,2010,2025,,2025-12-31,instant,financial,tangible_book_value_per_share,consolidated,{},45.513196,SAR,SAR/share,https://www.sabic.com/en/Images/SABIC-Integrated-Annual-Report-2025-EN_tcm1010-49452.pdf,,,data\raw\SA\2010\documents\888b4c0373f7da9588dc393a44c8d5682c0f2206bdfc8185ad4d9a37bf8ba6aa.pdf,888b4c0373f7da9588dc393a44c8d5682c0f2206bdfc8185ad4d9a37bf8ba6aa,(total_equity - intangible_assets) / shares_outstanding
Saudi Basic Industries Corporation (SABIC),SA,2010,2025,,2025-12-31,instant,financial,tax_payable,consolidated,{},419488000,SAR,SAR,https://www.sabic.com/en/Images/SABIC-Integrated-Annual-Report-2025-EN_tcm1010-49452.pdf,196,Zakat and income tax,data\raw\SA\2010\documents\888b4c0373f7da9588dc393a44c8d5682c0f2206bdfc8185ad4d9a37bf8ba6aa.pdf,888b4c0373f7da9588dc393a44c8d5682c0f2206bdfc8185ad4d9a37bf8ba6aa,
Saudi Basic Industries Corporation (SABIC),SA,2010,2025,,2025-12-31,fy,financial,tax_reconciliation_by_component,consolidated,"{""reconciliation_component"":""Income tax at domestic rate""}",-278681000,SAR,SAR,https://www.sabic.com/en/Images/SABIC-Integrated-Annual-Report-2025-EN_tcm1010-49452.pdf,198,Tax reconciliation,data\raw\SA\2010\documents\888b4c0373f7da9588dc393a44c8d5682c0f2206bdfc8185ad4d9a37bf8ba6aa.pdf,888b4c0373f7da9588dc393a44c8d5682c0f2206bdfc8185ad4d9a37bf8ba6aa,
Saudi Basic Industries Corporation (SABIC),SA,2010,2025,,2025-12-31,fy,financial,tax_reconciliation_by_component,consolidated,"{""reconciliation_component"":""Current year tax benefits not recognised""}",145112000,SAR,SAR,https://www.sabic.com/en/Images/SABIC-Integrated-Annual-Report-2025-EN_tcm1010-49452.pdf,198,Tax reconciliation,data\raw\SA\2010\documents\888b4c0373f7da9588dc393a44c8d5682c0f2206bdfc8185ad4d9a37bf8ba6aa.pdf,888b4c0373f7da9588dc393a44c8d5682c0f2206bdfc8185ad4d9a37bf8ba6aa,
Saudi Basic Industries Corporation (SABIC),SA,2010,2025,,2025-12-31,fy,financial,taxes_paid,consolidated,{},-2043686000,SAR,SAR,https://www.sabic.com/en/Images/SABIC-Integrated-Annual-Report-2025-EN_tcm1010-49452.pdf,136,,data\raw\SA\2010\documents\888b4c0373f7da9588dc393a44c8d5682c0f2206bdfc8185ad4d9a37bf8ba6aa.pdf,888b4c0373f7da9588dc393a44c8d5682c0f2206bdfc8185ad4d9a37bf8ba6aa,
Saudi Basic Industries Corporation (SABIC),SA,2010,2025,,2025-12-31,fy,operational,tier_1_process_safety_events,consolidated,{},4,SAR,count,https://www.sabic.com/en/Images/SABIC-Integrated-Annual-Report-2025-EN_tcm1010-49452.pdf,232,Sustainability performance summary,data\raw\SA\2010\documents\888b4c0373f7da9588dc393a44c8d5682c0f2206bdfc8185ad4d9a37bf8ba6aa.pdf,888b4c0373f7da9588dc393a44c8d5682c0f2206bdfc8185ad4d9a37bf8ba6aa,
Saudi Basic Industries Corporation (SABIC),SA,2010,2025,,2025-12-31,fy,operational,tier_1_process_safety_events_rate,consolidated,{},0.005,SAR,incidents/200k_hours,https://www.sabic.com/en/Images/SABIC-Integrated-Annual-Report-2025-EN_tcm1010-49452.pdf,232,Sustainability performance summary,data\raw\SA\2010\documents\888b4c0373f7da9588dc393a44c8d5682c0f2206bdfc8185ad4d9a37bf8ba6aa.pdf,888b4c0373f7da9588dc393a44c8d5682c0f2206bdfc8185ad4d9a37bf8ba6aa,
Saudi Basic Industries Corporation (SABIC),SA,2010,2025,,2025-12-31,instant,financial,إجمالي الأصول,consolidated,{},244292189000,SAR,SAR,https://www.sabic.com/en/Images/SABIC-Integrated-Annual-Report-2025-EN_tcm1010-49452.pdf,132,,data\raw\SA\2010\documents\888b4c0373f7da9588dc393a44c8d5682c0f2206bdfc8185ad4d9a37bf8ba6aa.pdf,888b4c0373f7da9588dc393a44c8d5682c0f2206bdfc8185ad4d9a37bf8ba6aa,
Saudi Basic Industries Corporation (SABIC),SA,2010,2025,,2025-12-31,instant,ratio,total_debt_to_capital,consolidated,{},0.1780914819913480732691411074,,ratio,https://www.sabic.com/en/Images/SABIC-Integrated-Annual-Report-2025-EN_tcm1010-49452.pdf,,,data\raw\SA\2010\documents\888b4c0373f7da9588dc393a44c8d5682c0f2206bdfc8185ad4d9a37bf8ba6aa.pdf,888b4c0373f7da9588dc393a44c8d5682c0f2206bdfc8185ad4d9a37bf8ba6aa,total_debt / (total_debt + total_equity)
Saudi Basic Industries Corporation (SABIC),SA,2010,2025,,2025-12-31,fy,financial,total_dividend_declared,consolidated,{},9000000000,SAR,SAR,https://www.sabic.com/en/Images/SABIC-Integrated-Annual-Report-2025-EN_tcm1010-49452.pdf,14,Chairman's message,data\raw\SA\2010\documents\888b4c0373f7da9588dc393a44c8d5682c0f2206bdfc8185ad4d9a37bf8ba6aa.pdf,888b4c0373f7da9588dc393a44c8d5682c0f2206bdfc8185ad4d9a37bf8ba6aa,
Saudi Basic Industries Corporation (SABIC),SA,2010,2025,,2025-12-31,ttm,financial,total_dividend_paid_ttm,consolidated,{},9625654000,SAR,SAR,https://www.sabic.com/en/Images/SABIC-Integrated-Annual-Report-2025-EN_tcm1010-49452.pdf,137,Consolidated statement of cash flows,data\raw\SA\2010\documents\888b4c0373f7da9588dc393a44c8d5682c0f2206bdfc8185ad4d9a37bf8ba6aa.pdf,888b4c0373f7da9588dc393a44c8d5682c0f2206bdfc8185ad4d9a37bf8ba6aa,
Saudi Basic Industries Corporation (SABIC),SA,2010,2025,,2025-12-31,instant,financial,حقوق الملكية,consolidated,{},154819541000,SAR,SAR,https://www.sabic.com/en/Images/SABIC-Integrated-Annual-Report-2025-EN_tcm1010-49452.pdf,132,,data\raw\SA\2010\documents\888b4c0373f7da9588dc393a44c8d5682c0f2206bdfc8185ad4d9a37bf8ba6aa.pdf,888b4c0373f7da9588dc393a44c8d5682c0f2206bdfc8185ad4d9a37bf8ba6aa,
Saudi Basic Industries Corporation (SABIC),SA,2010,2025,,2025-12-31,instant,financial,إجمالي الالتزامات,consolidated,{},89472648000,SAR,SAR,https://www.sabic.com/en/Images/SABIC-Integrated-Annual-Report-2025-EN_tcm1010-49452.pdf,132,,data\raw\SA\2010\documents\888b4c0373f7da9588dc393a44c8d5682c0f2206bdfc8185ad4d9a37bf8ba6aa.pdf,888b4c0373f7da9588dc393a44c8d5682c0f2206bdfc8185ad4d9a37bf8ba6aa,
Saudi Basic Industries Corporation (SABIC),SA,2010,2025,,2025-12-31,instant,financial,total_liabilities_equity,consolidated,{},244292189000,SAR,SAR,https://www.sabic.com/en/Images/SABIC-Integrated-Annual-Report-2025-EN_tcm1010-49452.pdf,132,,data\raw\SA\2010\documents\888b4c0373f7da9588dc393a44c8d5682c0f2206bdfc8185ad4d9a37bf8ba6aa.pdf,888b4c0373f7da9588dc393a44c8d5682c0f2206bdfc8185ad4d9a37bf8ba6aa,
Saudi Basic Industries Corporation (SABIC),SA,2010,2025,,2025-12-31,fy,operational,total_recordable_injury_rate,consolidated,{},0.07,SAR,incidents/200k_hours,https://www.sabic.com/en/Images/SABIC-Integrated-Annual-Report-2025-EN_tcm1010-49452.pdf,5,Snapshot,data\raw\SA\2010\documents\888b4c0373f7da9588dc393a44c8d5682c0f2206bdfc8185ad4d9a37bf8ba6aa.pdf,888b4c0373f7da9588dc393a44c8d5682c0f2206bdfc8185ad4d9a37bf8ba6aa,
Saudi Basic Industries Corporation (SABIC),SA,2010,2025,,2025-12-31,ttm,financial,trailing_twelve_month_dividend,consolidated,{},3,SAR,SAR/share,https://www.sabic.com/en/Images/SABIC-Integrated-Annual-Report-2025-EN_tcm1010-49452.pdf,19,Five-year overview and dividend,data\raw\SA\2010\documents\888b4c0373f7da9588dc393a44c8d5682c0f2206bdfc8185ad4d9a37bf8ba6aa.pdf,888b4c0373f7da9588dc393a44c8d5682c0f2206bdfc8185ad4d9a37bf8ba6aa,
Saudi Basic Industries Corporation (SABIC),SA,2010,2025,,2025-12-31,instant,financial,undrawn_credit_facilities,consolidated,{},9802000000,SAR,SAR,https://www.sabic.com/en/Images/SABIC-Integrated-Annual-Report-2025-EN_tcm1010-49452.pdf,185,Undrawn borrowing facilities,data\raw\SA\2010\documents\888b4c0373f7da9588dc393a44c8d5682c0f2206bdfc8185ad4d9a37bf8ba6aa.pdf,888b4c0373f7da9588dc393a44c8d5682c0f2206bdfc8185ad4d9a37bf8ba6aa,
Saudi Basic Industries Corporation (SABIC),SA,2010,2025,,2025-12-31,instant,financial,unrecognized_tax_losses,consolidated,{},68595000000,SAR,SAR,https://www.sabic.com/en/Images/SABIC-Integrated-Annual-Report-2025-EN_tcm1010-49452.pdf,200,Tax loss carry forward,data\raw\SA\2010\documents\888b4c0373f7da9588dc393a44c8d5682c0f2206bdfc8185ad4d9a37bf8ba6aa.pdf,888b4c0373f7da9588dc393a44c8d5682c0f2206bdfc8185ad4d9a37bf8ba6aa,
Saudi Basic Industries Corporation (SABIC),SA,2010,2025,,2025-12-31,fy,financial,variable_lease_expense,consolidated,{},1819000,SAR,SAR,https://www.sabic.com/en/Images/SABIC-Integrated-Annual-Report-2025-EN_tcm1010-49452.pdf,186,Lease liabilities,data\raw\SA\2010\documents\888b4c0373f7da9588dc393a44c8d5682c0f2206bdfc8185ad4d9a37bf8ba6aa.pdf,888b4c0373f7da9588dc393a44c8d5682c0f2206bdfc8185ad4d9a37bf8ba6aa,
Saudi Basic Industries Corporation (SABIC),SA,2010,2025,,2025-12-31,fy,operational,water_intensity,consolidated,{},2.59,SAR,m3/tonne,https://www.sabic.com/en/Images/SABIC-Integrated-Annual-Report-2025-EN_tcm1010-49452.pdf,231,Sustainability performance summary,data\raw\SA\2010\documents\888b4c0373f7da9588dc393a44c8d5682c0f2206bdfc8185ad4d9a37bf8ba6aa.pdf,888b4c0373f7da9588dc393a44c8d5682c0f2206bdfc8185ad4d9a37bf8ba6aa,
Saudi Basic Industries Corporation (SABIC),SA,2010,2025,,2025-12-31,fy,financial,weighted_average_shares_basic,consolidated,{},3000000000,SAR,shares,https://www.sabic.com/en/Images/SABIC-Integrated-Annual-Report-2025-EN_tcm1010-49452.pdf,200,Basic and diluted earnings per share,data\raw\SA\2010\documents\888b4c0373f7da9588dc393a44c8d5682c0f2206bdfc8185ad4d9a37bf8ba6aa.pdf,888b4c0373f7da9588dc393a44c8d5682c0f2206bdfc8185ad4d9a37bf8ba6aa,
Saudi Basic Industries Corporation (SABIC),SA,2010,2025,,2025-12-31,fy,financial,weighted_average_shares_diluted,consolidated,{},3000000000,SAR,shares,https://www.sabic.com/en/Images/SABIC-Integrated-Annual-Report-2025-EN_tcm1010-49452.pdf,200,Basic and diluted earnings per share,data\raw\SA\2010\documents\888b4c0373f7da9588dc393a44c8d5682c0f2206bdfc8185ad4d9a37bf8ba6aa.pdf,888b4c0373f7da9588dc393a44c8d5682c0f2206bdfc8185ad4d9a37bf8ba6aa,
Saudi Basic Industries Corporation (SABIC),SA,2010,2025,,2025-12-31,fy,operational,women_workforce_share,consolidated,{},0.09,SAR,ratio,https://www.sabic.com/en/Images/SABIC-Integrated-Annual-Report-2025-EN_tcm1010-49452.pdf,233,Sustainability performance summary,data\raw\SA\2010\documents\888b4c0373f7da9588dc393a44c8d5682c0f2206bdfc8185ad4d9a37bf8ba6aa.pdf,888b4c0373f7da9588dc393a44c8d5682c0f2206bdfc8185ad4d9a37bf8ba6aa,
Saudi Basic Industries Corporation (SABIC),SA,2010,2025,,2025-12-31,instant,financial,working_capital,consolidated,{},38938388000,SAR,SAR,https://www.sabic.com/en/Images/SABIC-Integrated-Annual-Report-2025-EN_tcm1010-49452.pdf,,,data\raw\SA\2010\documents\888b4c0373f7da9588dc393a44c8d5682c0f2206bdfc8185ad4d9a37bf8ba6aa.pdf,888b4c0373f7da9588dc393a44c8d5682c0f2206bdfc8185ad4d9a37bf8ba6aa,current_assets - current_liabilities
Saudi Basic Industries Corporation (SABIC),SA,2010,2025,,2025-12-31,fy,financial,working_capital_change,consolidated,"{""basis"":""sum_of_reported_operating_asset_and_liability_changes""}",1903465000,SAR,SAR,https://www.sabic.com/en/Images/SABIC-Integrated-Annual-Report-2025-EN_tcm1010-49452.pdf,136,Consolidated statement of cash flows,data\raw\SA\2010\documents\888b4c0373f7da9588dc393a44c8d5682c0f2206bdfc8185ad4d9a37bf8ba6aa.pdf,888b4c0373f7da9588dc393a44c8d5682c0f2206bdfc8185ad4d9a37bf8ba6aa,
Saudi Basic Industries Corporation (SABIC),SA,2010,2025,,2025-12-31,as_of,financial,years_consecutive_dividend_payments,consolidated,{},5,SAR,years,https://www.sabic.com/en/Images/SABIC-Integrated-Annual-Report-2025-EN_tcm1010-49452.pdf,19,Five-year overview and dividend,data\raw\SA\2010\documents\888b4c0373f7da9588dc393a44c8d5682c0f2206bdfc8185ad4d9a37bf8ba6aa.pdf,888b4c0373f7da9588dc393a44c8d5682c0f2206bdfc8185ad4d9a37bf8ba6aa,
Saudi Basic Industries Corporation (SABIC),SA,2010,2025,,2025-12-31,fy,financial,zakat_expense,consolidated,{},907776000,SAR,SAR,https://www.sabic.com/en/Images/SABIC-Integrated-Annual-Report-2025-EN_tcm1010-49452.pdf,196,Zakat and income tax,data\raw\SA\2010\documents\888b4c0373f7da9588dc393a44c8d5682c0f2206bdfc8185ad4d9a37bf8ba6aa.pdf,888b4c0373f7da9588dc393a44c8d5682c0f2206bdfc8185ad4d9a37bf8ba6aa,
Saudi Basic Industries Corporation (SABIC),SA,2010,2025,,2025-12-31,fy,financial,zakat_paid,consolidated,{},-1363835000,SAR,SAR,https://www.sabic.com/en/Images/SABIC-Integrated-Annual-Report-2025-EN_tcm1010-49452.pdf,196,Movement in net zakat and income tax payable,data\raw\SA\2010\documents\888b4c0373f7da9588dc393a44c8d5682c0f2206bdfc8185ad4d9a37bf8ba6aa.pdf,888b4c0373f7da9588dc393a44c8d5682c0f2206bdfc8185ad4d9a37bf8ba6aa,
Saudi Basic Industries Corporation (SABIC),SA,2010,2025,,2025-12-31,instant,financial,zakat_payable,consolidated,{},635203000,SAR,SAR,https://www.sabic.com/en/Images/SABIC-Integrated-Annual-Report-2025-EN_tcm1010-49452.pdf,196,Zakat and income tax,data\raw\SA\2010\documents\888b4c0373f7da9588dc393a44c8d5682c0f2206bdfc8185ad4d9a37bf8ba6aa.pdf,888b4c0373f7da9588dc393a44c8d5682c0f2206bdfc8185ad4d9a37bf8ba6aa,
Saudi Basic Industries Corporation (SABIC),SA,2010,2024,,2024-12-31,instant,financial,accounts_payable,consolidated,{},19793604000,SAR,SAR,https://www.sabic.com/en/Images/SABIC-Integrated-Annual-Report-2025-EN_tcm1010-49452.pdf,132,Statement of financial position - restated comparative,data\raw\SA\2010\documents\888b4c0373f7da9588dc393a44c8d5682c0f2206bdfc8185ad4d9a37bf8ba6aa.pdf,888b4c0373f7da9588dc393a44c8d5682c0f2206bdfc8185ad4d9a37bf8ba6aa,
Saudi Basic Industries Corporation (SABIC),SA,2010,2024,,2024-12-31,fy,financial,accounts_payable_change,consolidated,{},-668661000,SAR,SAR,https://www.sabic.com/en/Images/SABIC-Integrated-Annual-Report-2025-EN_tcm1010-49452.pdf,136,Statement of cash flows - comparative,data\raw\SA\2010\documents\888b4c0373f7da9588dc393a44c8d5682c0f2206bdfc8185ad4d9a37bf8ba6aa.pdf,888b4c0373f7da9588dc393a44c8d5682c0f2206bdfc8185ad4d9a37bf8ba6aa,
Saudi Basic Industries Corporation (SABIC),SA,2010,2024,,2024-12-31,instant,financial,accounts_receivable,consolidated,{},20439823000,SAR,SAR,https://www.sabic.com/en/Images/SABIC-Integrated-Annual-Report-2025-EN_tcm1010-49452.pdf,132,Statement of financial position - restated comparative,data\raw\SA\2010\documents\888b4c0373f7da9588dc393a44c8d5682c0f2206bdfc8185ad4d9a37bf8ba6aa.pdf,888b4c0373f7da9588dc393a44c8d5682c0f2206bdfc8185ad4d9a37bf8ba6aa,
Saudi Basic Industries Corporation (SABIC),SA,2010,2024,,2024-12-31,fy,financial,accounts_receivable_change,consolidated,{},-1166810000,SAR,SAR,https://www.sabic.com/en/Images/SABIC-Integrated-Annual-Report-2025-EN_tcm1010-49452.pdf,136,Statement of cash flows - comparative,data\raw\SA\2010\documents\888b4c0373f7da9588dc393a44c8d5682c0f2206bdfc8185ad4d9a37bf8ba6aa.pdf,888b4c0373f7da9588dc393a44c8d5682c0f2206bdfc8185ad4d9a37bf8ba6aa,
Saudi Basic Industries Corporation (SABIC),SA,2010,2024,,2024-12-31,fy,calculated,accrual_ratio,consolidated,{},-0.04552600001290606904221615177,,ratio,https://www.sabic.com/en/Images/SABIC-Integrated-Annual-Report-2025-EN_tcm1010-49452.pdf,,,data\raw\SA\2010\documents\888b4c0373f7da9588dc393a44c8d5682c0f2206bdfc8185ad4d9a37bf8ba6aa.pdf,888b4c0373f7da9588dc393a44c8d5682c0f2206bdfc8185ad4d9a37bf8ba6aa,(net_income - operating_cash_flow) / total_assets
Saudi Basic Industries Corporation (SABIC),SA,2010,2024,,2024-12-31,fy,operational,active_suppliers_count,consolidated,{},27439,SAR,count,https://www.sabic.com/en/Images/SABIC-Integrated-Annual-Report-2025-EN_tcm1010-49452.pdf,233,Sustainability performance summary,data\raw\SA\2010\documents\888b4c0373f7da9588dc393a44c8d5682c0f2206bdfc8185ad4d9a37bf8ba6aa.pdf,888b4c0373f7da9588dc393a44c8d5682c0f2206bdfc8185ad4d9a37bf8ba6aa,
Saudi Basic Industries Corporation (SABIC),SA,2010,2024,,2024-12-31,fy,financial,adjusted_ebitda,consolidated,{},20980000000.00,SAR,SAR,https://www.sabic.com/en/Images/SABIC-Integrated-Annual-Report-2025-EN_tcm1010-49452.pdf,39,2025 financial highlights comparative,data\raw\SA\2010\documents\888b4c0373f7da9588dc393a44c8d5682c0f2206bdfc8185ad4d9a37bf8ba6aa.pdf,888b4c0373f7da9588dc393a44c8d5682c0f2206bdfc8185ad4d9a37bf8ba6aa,
Saudi Basic Industries Corporation (SABIC),SA,2010,2024,,2024-12-31,fy,financial,صافي الربح المعدل,consolidated,"{""basis"":""continuing_operations""}",5880000000.00,SAR,SAR,https://www.sabic.com/en/Images/SABIC-Integrated-Annual-Report-2025-EN_tcm1010-49452.pdf,39,2025 financial highlights comparative,data\raw\SA\2010\documents\888b4c0373f7da9588dc393a44c8d5682c0f2206bdfc8185ad4d9a37bf8ba6aa.pdf,888b4c0373f7da9588dc393a44c8d5682c0f2206bdfc8185ad4d9a37bf8ba6aa,
Saudi Basic Industries Corporation (SABIC),SA,2010,2024,,2024-12-31,instant,calculated,asset_growth,consolidated,{},-0.0571919186086011277940077451,,ratio,https://www.sabic.com/en/Images/SABIC-Integrated-Annual-Report-2025-EN_tcm1010-49452.pdf,,,data\raw\SA\2010\documents\888b4c0373f7da9588dc393a44c8d5682c0f2206bdfc8185ad4d9a37bf8ba6aa.pdf,888b4c0373f7da9588dc393a44c8d5682c0f2206bdfc8185ad4d9a37bf8ba6aa,total_assets / prior_fy(total_assets) - 1
Saudi Basic Industries Corporation (SABIC),SA,2010,2024,,2024-12-31,fy,ratio,asset_turnover,consolidated,{},0.4117208731233119791440483799,,ratio,https://www.sabic.com/en/Images/SABIC-Integrated-Annual-Report-2025-EN_tcm1010-49452.pdf,,,data\raw\SA\2010\documents\888b4c0373f7da9588dc393a44c8d5682c0f2206bdfc8185ad4d9a37bf8ba6aa.pdf,888b4c0373f7da9588dc393a44c8d5682c0f2206bdfc8185ad4d9a37bf8ba6aa,revenue / average(total_assets)
Saudi Basic Industries Corporation (SABIC),SA,2010,2024,,2024-12-31,instant,financial,assets_held_for_sale,consolidated,{},3623625000,SAR,SAR,https://www.sabic.com/en/Images/SABIC-Integrated-Annual-Report-2025-EN_tcm1010-49452.pdf,132,Statement of financial position - restated comparative,data\raw\SA\2010\documents\888b4c0373f7da9588dc393a44c8d5682c0f2206bdfc8185ad4d9a37bf8ba6aa.pdf,888b4c0373f7da9588dc393a44c8d5682c0f2206bdfc8185ad4d9a37bf8ba6aa,
Saudi Basic Industries Corporation (SABIC),SA,2010,2024,,2024-12-31,fy,financial,basic_eps,consolidated,{},0.51,SAR,SAR/share,https://www.sabic.com/en/Images/SABIC-Integrated-Annual-Report-2025-EN_tcm1010-49452.pdf,133,Consolidated statement of income,data\raw\SA\2010\documents\888b4c0373f7da9588dc393a44c8d5682c0f2206bdfc8185ad4d9a37bf8ba6aa.pdf,888b4c0373f7da9588dc393a44c8d5682c0f2206bdfc8185ad4d9a37bf8ba6aa,
Saudi Basic Industries Corporation (SABIC),SA,2010,2024,,2024-12-31,instant,financial,book_value_per_share,consolidated,{},61.14773633333333333333333333,SAR,SAR/share,https://www.sabic.com/en/Images/SABIC-Integrated-Annual-Report-2025-EN_tcm1010-49452.pdf,,,data\raw\SA\2010\documents\888b4c0373f7da9588dc393a44c8d5682c0f2206bdfc8185ad4d9a37bf8ba6aa.pdf,888b4c0373f7da9588dc393a44c8d5682c0f2206bdfc8185ad4d9a37bf8ba6aa,total_equity / shares_outstanding
Saudi Basic Industries Corporation (SABIC),SA,2010,2024,,2024-12-31,fy,financial,النفقات الرأسمالية,consolidated,{},10200229000,SAR,SAR,https://www.sabic.com/en/Images/SABIC-Integrated-Annual-Report-2025-EN_tcm1010-49452.pdf,137,Statement of cash flows - comparative,data\raw\SA\2010\documents\888b4c0373f7da9588dc393a44c8d5682c0f2206bdfc8185ad4d9a37bf8ba6aa.pdf,888b4c0373f7da9588dc393a44c8d5682c0f2206bdfc8185ad4d9a37bf8ba6aa,
Saudi Basic Industries Corporation (SABIC),SA,2010,2024,,2024-12-31,fy,ratio,capex_to_cfo,consolidated,{},0.6235393917668729027845665973,,ratio,https://www.sabic.com/en/Images/SABIC-Integrated-Annual-Report-2025-EN_tcm1010-49452.pdf,,,data\raw\SA\2010\documents\888b4c0373f7da9588dc393a44c8d5682c0f2206bdfc8185ad4d9a37bf8ba6aa.pdf,888b4c0373f7da9588dc393a44c8d5682c0f2206bdfc8185ad4d9a37bf8ba6aa,abs(capex) / operating_cash_flow
Saudi Basic Industries Corporation (SABIC),SA,2010,2024,,2024-12-31,fy,ratio,capex_to_revenue,consolidated,{},0.08663608730587964180213556898,,ratio,https://www.sabic.com/en/Images/SABIC-Integrated-Annual-Report-2025-EN_tcm1010-49452.pdf,,,data\raw\SA\2010\documents\888b4c0373f7da9588dc393a44c8d5682c0f2206bdfc8185ad4d9a37bf8ba6aa.pdf,888b4c0373f7da9588dc393a44c8d5682c0f2206bdfc8185ad4d9a37bf8ba6aa,abs(capex) / revenue
Saudi Basic Industries Corporation (SABIC),SA,2010,2024,,2024-12-31,instant,financial,النقد وما في حكمه,consolidated,{},30539668000,SAR,SAR,https://www.sabic.com/en/Images/SABIC-Integrated-Annual-Report-2025-EN_tcm1010-49452.pdf,132,Statement of financial position - restated comparative,data\raw\SA\2010\documents\888b4c0373f7da9588dc393a44c8d5682c0f2206bdfc8185ad4d9a37bf8ba6aa.pdf,888b4c0373f7da9588dc393a44c8d5682c0f2206bdfc8185ad4d9a37bf8ba6aa,
Saudi Basic Industries Corporation (SABIC),SA,2010,2024,,2024-12-31,fy,financial,cash_beginning,consolidated,{},33795375000,SAR,SAR,https://www.sabic.com/en/Images/SABIC-Integrated-Annual-Report-2025-EN_tcm1010-49452.pdf,137,Statement of cash flows - comparative,data\raw\SA\2010\documents\888b4c0373f7da9588dc393a44c8d5682c0f2206bdfc8185ad4d9a37bf8ba6aa.pdf,888b4c0373f7da9588dc393a44c8d5682c0f2206bdfc8185ad4d9a37bf8ba6aa,
Saudi Basic Industries Corporation (SABIC),SA,2010,2024,,2024-12-31,fy,financial,cash_change,consolidated,{},-3183941000,SAR,SAR,https://www.sabic.com/en/Images/SABIC-Integrated-Annual-Report-2025-EN_tcm1010-49452.pdf,137,Statement of cash flows - comparative,data\raw\SA\2010\documents\888b4c0373f7da9588dc393a44c8d5682c0f2206bdfc8185ad4d9a37bf8ba6aa.pdf,888b4c0373f7da9588dc393a44c8d5682c0f2206bdfc8185ad4d9a37bf8ba6aa,
Saudi Basic Industries Corporation (SABIC),SA,2010,2024,,2024-12-31,fy,ratio,cash_conversion_of_earnings,consolidated,{},4.393769229426276511595738538,,ratio,https://www.sabic.com/en/Images/SABIC-Integrated-Annual-Report-2025-EN_tcm1010-49452.pdf,,,data\raw\SA\2010\documents\888b4c0373f7da9588dc393a44c8d5682c0f2206bdfc8185ad4d9a37bf8ba6aa.pdf,888b4c0373f7da9588dc393a44c8d5682c0f2206bdfc8185ad4d9a37bf8ba6aa,operating_cash_flow / net_income
Saudi Basic Industries Corporation (SABIC),SA,2010,2024,,2024-12-31,fy,financial,cash_end,consolidated,{},30536409000,SAR,SAR,https://www.sabic.com/en/Images/SABIC-Integrated-Annual-Report-2025-EN_tcm1010-49452.pdf,137,Statement of cash flows - comparative,data\raw\SA\2010\documents\888b4c0373f7da9588dc393a44c8d5682c0f2206bdfc8185ad4d9a37bf8ba6aa.pdf,888b4c0373f7da9588dc393a44c8d5682c0f2206bdfc8185ad4d9a37bf8ba6aa,
Saudi Basic Industries Corporation (SABIC),SA,2010,2024,,2024-12-31,instant,ratio,cash_ratio,consolidated,{},0.6729572770169061750737440506,,ratio,https://www.sabic.com/en/Images/SABIC-Integrated-Annual-Report-2025-EN_tcm1010-49452.pdf,,,data\raw\SA\2010\documents\888b4c0373f7da9588dc393a44c8d5682c0f2206bdfc8185ad4d9a37bf8ba6aa.pdf,888b4c0373f7da9588dc393a44c8d5682c0f2206bdfc8185ad4d9a37bf8ba6aa,cash / current_liabilities
Saudi Basic Industries Corporation (SABIC),SA,2010,2024,,2024-12-31,fy,ratio,cash_return_on_assets,consolidated,{},0.05720550454477205630330750173,,ratio,https://www.sabic.com/en/Images/SABIC-Integrated-Annual-Report-2025-EN_tcm1010-49452.pdf,,,data\raw\SA\2010\documents\888b4c0373f7da9588dc393a44c8d5682c0f2206bdfc8185ad4d9a37bf8ba6aa.pdf,888b4c0373f7da9588dc393a44c8d5682c0f2206bdfc8185ad4d9a37bf8ba6aa,operating_cash_flow / average(total_assets)
Saudi Basic Industries Corporation (SABIC),SA,2010,2024,,2024-12-31,fy,ratio,cash_return_on_equity,consolidated,{},0.08638813577437764053166332354,,ratio,https://www.sabic.com/en/Images/SABIC-Integrated-Annual-Report-2025-EN_tcm1010-49452.pdf,,,data\raw\SA\2010\documents\888b4c0373f7da9588dc393a44c8d5682c0f2206bdfc8185ad4d9a37bf8ba6aa.pdf,888b4c0373f7da9588dc393a44c8d5682c0f2206bdfc8185ad4d9a37bf8ba6aa,operating_cash_flow / average(total_equity)
Saudi Basic Industries Corporation (SABIC),SA,2010,2024,,2024-12-31,fy,ratio,cfo_margin,consolidated,{},0.1389424444546895451921567359,,ratio,https://www.sabic.com/en/Images/SABIC-Integrated-Annual-Report-2025-EN_tcm1010-49452.pdf,,,data\raw\SA\2010\documents\888b4c0373f7da9588dc393a44c8d5682c0f2206bdfc8185ad4d9a37bf8ba6aa.pdf,888b4c0373f7da9588dc393a44c8d5682c0f2206bdfc8185ad4d9a37bf8ba6aa,operating_cash_flow / revenue
Saudi Basic Industries Corporation (SABIC),SA,2010,2024,,2024-12-31,fy,ratio,cfo_to_debt,consolidated,{},0.5404405113561054073665588732,,ratio,https://www.sabic.com/en/Images/SABIC-Integrated-Annual-Report-2025-EN_tcm1010-49452.pdf,,,data\raw\SA\2010\documents\888b4c0373f7da9588dc393a44c8d5682c0f2206bdfc8185ad4d9a37bf8ba6aa.pdf,888b4c0373f7da9588dc393a44c8d5682c0f2206bdfc8185ad4d9a37bf8ba6aa,operating_cash_flow / total_debt
Saudi Basic Industries Corporation (SABIC),SA,2010,2024,,2024-12-31,fy,calculated,cfo_yield,consolidated,{},0.08138604975124378109452736318,,ratio,https://www.sabic.com/en/Images/SABIC-Integrated-Annual-Report-2025-EN_tcm1010-49452.pdf,,,data\raw\SA\2010\documents\888b4c0373f7da9588dc393a44c8d5682c0f2206bdfc8185ad4d9a37bf8ba6aa.pdf,888b4c0373f7da9588dc393a44c8d5682c0f2206bdfc8185ad4d9a37bf8ba6aa,operating_cash_flow / reported_year_end_market_cap
Saudi Basic Industries Corporation (SABIC),SA,2010,2024,,2024-12-31,fy,operational,co2_utilization,consolidated,{},3.95,SAR,million_tonnes,https://www.sabic.com/en/Images/SABIC-Integrated-Annual-Report-2025-EN_tcm1010-49452.pdf,231,Sustainability performance summary,data\raw\SA\2010\documents\888b4c0373f7da9588dc393a44c8d5682c0f2206bdfc8185ad4d9a37bf8ba6aa.pdf,888b4c0373f7da9588dc393a44c8d5682c0f2206bdfc8185ad4d9a37bf8ba6aa,
Saudi Basic Industries Corporation (SABIC),SA,2010,2024,,2024-12-31,fy,financial,continuing_operations_income,consolidated,{},7274967000,SAR,SAR,https://www.sabic.com/en/Images/SABIC-Integrated-Annual-Report-2025-EN_tcm1010-49452.pdf,133,Statement of income - comparative,data\raw\SA\2010\documents\888b4c0373f7da9588dc393a44c8d5682c0f2206bdfc8185ad4d9a37bf8ba6aa.pdf,888b4c0373f7da9588dc393a44c8d5682c0f2206bdfc8185ad4d9a37bf8ba6aa,
Saudi Basic Industries Corporation (SABIC),SA,2010,2024,,2024-12-31,fy,financial,cost_of_revenue,consolidated,{},-92375651000,SAR,SAR,https://www.sabic.com/en/Images/SABIC-Integrated-Annual-Report-2025-EN_tcm1010-49452.pdf,133,Statement of income - comparative,data\raw\SA\2010\documents\888b4c0373f7da9588dc393a44c8d5682c0f2206bdfc8185ad4d9a37bf8ba6aa.pdf,888b4c0373f7da9588dc393a44c8d5682c0f2206bdfc8185ad4d9a37bf8ba6aa,
Saudi Basic Industries Corporation (SABIC),SA,2010,2024,,2024-12-31,instant,financial,current_assets,consolidated,{},91383866000,SAR,SAR,https://www.sabic.com/en/Images/SABIC-Integrated-Annual-Report-2025-EN_tcm1010-49452.pdf,132,Statement of financial position - restated comparative,data\raw\SA\2010\documents\888b4c0373f7da9588dc393a44c8d5682c0f2206bdfc8185ad4d9a37bf8ba6aa.pdf,888b4c0373f7da9588dc393a44c8d5682c0f2206bdfc8185ad4d9a37bf8ba6aa,
Saudi Basic Industries Corporation (SABIC),SA,2010,2024,,2024-12-31,instant,financial,current_debt,consolidated,{},4103918000,SAR,SAR,https://www.sabic.com/en/Images/SABIC-Integrated-Annual-Report-2025-EN_tcm1010-49452.pdf,132,Statement of financial position - restated comparative,data\raw\SA\2010\documents\888b4c0373f7da9588dc393a44c8d5682c0f2206bdfc8185ad4d9a37bf8ba6aa.pdf,888b4c0373f7da9588dc393a44c8d5682c0f2206bdfc8185ad4d9a37bf8ba6aa,
Saudi Basic Industries Corporation (SABIC),SA,2010,2024,,2024-12-31,instant,financial,current_liabilities,consolidated,{},45381288000,SAR,SAR,https://www.sabic.com/en/Images/SABIC-Integrated-Annual-Report-2025-EN_tcm1010-49452.pdf,132,Statement of financial position - restated comparative,data\raw\SA\2010\documents\888b4c0373f7da9588dc393a44c8d5682c0f2206bdfc8185ad4d9a37bf8ba6aa.pdf,888b4c0373f7da9588dc393a44c8d5682c0f2206bdfc8185ad4d9a37bf8ba6aa,
Saudi Basic Industries Corporation (SABIC),SA,2010,2024,,2024-12-31,instant,financial,current_portion_long_term_debt,consolidated,{},2022996000,SAR,SAR,https://www.sabic.com/en/Images/SABIC-Integrated-Annual-Report-2025-EN_tcm1010-49452.pdf,132,Statement of financial position - restated comparative,data\raw\SA\2010\documents\888b4c0373f7da9588dc393a44c8d5682c0f2206bdfc8185ad4d9a37bf8ba6aa.pdf,888b4c0373f7da9588dc393a44c8d5682c0f2206bdfc8185ad4d9a37bf8ba6aa,
Saudi Basic Industries Corporation (SABIC),SA,2010,2024,,2024-12-31,instant,ratio,current_ratio,consolidated,{},2.013690444396377643578560397,,ratio,https://www.sabic.com/en/Images/SABIC-Integrated-Annual-Report-2025-EN_tcm1010-49452.pdf,,,data\raw\SA\2010\documents\888b4c0373f7da9588dc393a44c8d5682c0f2206bdfc8185ad4d9a37bf8ba6aa.pdf,888b4c0373f7da9588dc393a44c8d5682c0f2206bdfc8185ad4d9a37bf8ba6aa,current_assets / current_liabilities
Saudi Basic Industries Corporation (SABIC),SA,2010,2024,,2024-12-31,fy,financial,debt_issued,consolidated,{},12643750000,SAR,SAR,https://www.sabic.com/en/Images/SABIC-Integrated-Annual-Report-2025-EN_tcm1010-49452.pdf,137,Statement of cash flows - comparative,data\raw\SA\2010\documents\888b4c0373f7da9588dc393a44c8d5682c0f2206bdfc8185ad4d9a37bf8ba6aa.pdf,888b4c0373f7da9588dc393a44c8d5682c0f2206bdfc8185ad4d9a37bf8ba6aa,
Saudi Basic Industries Corporation (SABIC),SA,2010,2024,,2024-12-31,fy,financial,debt_repaid,consolidated,{},-10405275000,SAR,SAR,https://www.sabic.com/en/Images/SABIC-Integrated-Annual-Report-2025-EN_tcm1010-49452.pdf,137,Statement of cash flows - comparative,data\raw\SA\2010\documents\888b4c0373f7da9588dc393a44c8d5682c0f2206bdfc8185ad4d9a37bf8ba6aa.pdf,888b4c0373f7da9588dc393a44c8d5682c0f2206bdfc8185ad4d9a37bf8ba6aa,
Saudi Basic Industries Corporation (SABIC),SA,2010,2024,,2024-12-31,instant,ratio,debt_to_assets,consolidated,{},0.1090602611566490415714248073,,ratio,https://www.sabic.com/en/Images/SABIC-Integrated-Annual-Report-2025-EN_tcm1010-49452.pdf,,,data\raw\SA\2010\documents\888b4c0373f7da9588dc393a44c8d5682c0f2206bdfc8185ad4d9a37bf8ba6aa.pdf,888b4c0373f7da9588dc393a44c8d5682c0f2206bdfc8185ad4d9a37bf8ba6aa,(current_debt + long_term_debt) / total_assets
Saudi Basic Industries Corporation (SABIC),SA,2010,2024,,2024-12-31,fy,ratio,debt_to_ebitda,consolidated,{},1.441381142857142857142857143,,ratio,https://www.sabic.com/en/Images/SABIC-Integrated-Annual-Report-2025-EN_tcm1010-49452.pdf,,,data\raw\SA\2010\documents\888b4c0373f7da9588dc393a44c8d5682c0f2206bdfc8185ad4d9a37bf8ba6aa.pdf,888b4c0373f7da9588dc393a44c8d5682c0f2206bdfc8185ad4d9a37bf8ba6aa,(current_debt + long_term_debt) / ebitda
Saudi Basic Industries Corporation (SABIC),SA,2010,2024,,2024-12-31,instant,ratio,debt_to_equity,consolidated,{},0.1650047672247163971057658504,,ratio,https://www.sabic.com/en/Images/SABIC-Integrated-Annual-Report-2025-EN_tcm1010-49452.pdf,,,data\raw\SA\2010\documents\888b4c0373f7da9588dc393a44c8d5682c0f2206bdfc8185ad4d9a37bf8ba6aa.pdf,888b4c0373f7da9588dc393a44c8d5682c0f2206bdfc8185ad4d9a37bf8ba6aa,(current_debt + long_term_debt) / total_equity
Saudi Basic Industries Corporation (SABIC),SA,2010,2024,,2024-12-31,instant,financial,deferred_tax_assets,consolidated,{},2365609000,SAR,SAR,https://www.sabic.com/en/Images/SABIC-Integrated-Annual-Report-2025-EN_tcm1010-49452.pdf,132,Statement of financial position - restated comparative,data\raw\SA\2010\documents\888b4c0373f7da9588dc393a44c8d5682c0f2206bdfc8185ad4d9a37bf8ba6aa.pdf,888b4c0373f7da9588dc393a44c8d5682c0f2206bdfc8185ad4d9a37bf8ba6aa,
Saudi Basic Industries Corporation (SABIC),SA,2010,2024,,2024-12-31,instant,financial,deferred_tax_liabilities,consolidated,{},611582000,SAR,SAR,https://www.sabic.com/en/Images/SABIC-Integrated-Annual-Report-2025-EN_tcm1010-49452.pdf,132,Statement of financial position - restated comparative,data\raw\SA\2010\documents\888b4c0373f7da9588dc393a44c8d5682c0f2206bdfc8185ad4d9a37bf8ba6aa.pdf,888b4c0373f7da9588dc393a44c8d5682c0f2206bdfc8185ad4d9a37bf8ba6aa,
Saudi Basic Industries Corporation (SABIC),SA,2010,2024,,2024-12-31,fy,financial,depreciation_amortization_cash_flow,consolidated,{},13009105000,SAR,SAR,https://www.sabic.com/en/Images/SABIC-Integrated-Annual-Report-2025-EN_tcm1010-49452.pdf,136,Statement of cash flows - comparative,data\raw\SA\2010\documents\888b4c0373f7da9588dc393a44c8d5682c0f2206bdfc8185ad4d9a37bf8ba6aa.pdf,888b4c0373f7da9588dc393a44c8d5682c0f2206bdfc8185ad4d9a37bf8ba6aa,
Saudi Basic Industries Corporation (SABIC),SA,2010,2024,,2024-12-31,fy,financial,discontinued_operations_income,consolidated,{},-3551832000,SAR,SAR,https://www.sabic.com/en/Images/SABIC-Integrated-Annual-Report-2025-EN_tcm1010-49452.pdf,133,Statement of income - comparative,data\raw\SA\2010\documents\888b4c0373f7da9588dc393a44c8d5682c0f2206bdfc8185ad4d9a37bf8ba6aa.pdf,888b4c0373f7da9588dc393a44c8d5682c0f2206bdfc8185ad4d9a37bf8ba6aa,
Saudi Basic Industries Corporation (SABIC),SA,2010,2024,,2024-12-31,fy,financial,dividend_cagr_3y,consolidated,{},-0.0527317628140904107067461108,,ratio,https://www.sabic.com/en/Images/SABIC-Integrated-Annual-Report-2025-EN_tcm1010-49452.pdf,,,data\raw\SA\2010\documents\888b4c0373f7da9588dc393a44c8d5682c0f2206bdfc8185ad4d9a37bf8ba6aa.pdf,888b4c0373f7da9588dc393a44c8d5682c0f2206bdfc8185ad4d9a37bf8ba6aa,(dividends_per_share / prior_3y(dividends_per_share)) ^ (1/3) - 1
Saudi Basic Industries Corporation (SABIC),SA,2010,2024,,2024-12-31,fy,financial,dividend_coverage_ratio,consolidated,{},0.3686072645372572396326654388,,ratio,https://www.sabic.com/en/Images/SABIC-Integrated-Annual-Report-2025-EN_tcm1010-49452.pdf,,,data\raw\SA\2010\documents\888b4c0373f7da9588dc393a44c8d5682c0f2206bdfc8185ad4d9a37bf8ba6aa.pdf,888b4c0373f7da9588dc393a44c8d5682c0f2206bdfc8185ad4d9a37bf8ba6aa,net_income / abs(dividends_paid)
Saudi Basic Industries Corporation (SABIC),SA,2010,2024,,2024-12-31,fy,calculated,dividend_per_share_growth,consolidated,{},0,,ratio,https://www.sabic.com/en/Images/SABIC-Integrated-Annual-Report-2025-EN_tcm1010-49452.pdf,,,data\raw\SA\2010\documents\888b4c0373f7da9588dc393a44c8d5682c0f2206bdfc8185ad4d9a37bf8ba6aa.pdf,888b4c0373f7da9588dc393a44c8d5682c0f2206bdfc8185ad4d9a37bf8ba6aa,dividends_per_share / prior_fy(dividends_per_share) - 1
Saudi Basic Industries Corporation (SABIC),SA,2010,2024,,2024-12-31,fy,financial,dividends_from_investments,consolidated,{},2598281000,SAR,SAR,https://www.sabic.com/en/Images/SABIC-Integrated-Annual-Report-2025-EN_tcm1010-49452.pdf,137,Statement of cash flows - comparative,data\raw\SA\2010\documents\888b4c0373f7da9588dc393a44c8d5682c0f2206bdfc8185ad4d9a37bf8ba6aa.pdf,888b4c0373f7da9588dc393a44c8d5682c0f2206bdfc8185ad4d9a37bf8ba6aa,
Saudi Basic Industries Corporation (SABIC),SA,2010,2024,,2024-12-31,fy,financial,dividends_noncontrolling,consolidated,{},-2618770000,SAR,SAR,https://www.sabic.com/en/Images/SABIC-Integrated-Annual-Report-2025-EN_tcm1010-49452.pdf,137,Statement of cash flows - comparative,data\raw\SA\2010\documents\888b4c0373f7da9588dc393a44c8d5682c0f2206bdfc8185ad4d9a37bf8ba6aa.pdf,888b4c0373f7da9588dc393a44c8d5682c0f2206bdfc8185ad4d9a37bf8ba6aa,
Saudi Basic Industries Corporation (SABIC),SA,2010,2024,,2024-12-31,fy,financial,التوزيعات المدفوعة,consolidated,{},-10100547000,SAR,SAR,https://www.sabic.com/en/Images/SABIC-Integrated-Annual-Report-2025-EN_tcm1010-49452.pdf,137,Statement of cash flows - comparative,data\raw\SA\2010\documents\888b4c0373f7da9588dc393a44c8d5682c0f2206bdfc8185ad4d9a37bf8ba6aa.pdf,888b4c0373f7da9588dc393a44c8d5682c0f2206bdfc8185ad4d9a37bf8ba6aa,
Saudi Basic Industries Corporation (SABIC),SA,2010,2024,,2024-12-31,fy,financial,التوزيعات لكل سهم,consolidated,{},3.4,SAR,SAR/share,https://www.sabic.com/en/Images/SABIC-Integrated-Annual-Report-2025-EN_tcm1010-49452.pdf,19,Five-year overview and dividend,data\raw\SA\2010\documents\888b4c0373f7da9588dc393a44c8d5682c0f2206bdfc8185ad4d9a37bf8ba6aa.pdf,888b4c0373f7da9588dc393a44c8d5682c0f2206bdfc8185ad4d9a37bf8ba6aa,
Saudi Basic Industries Corporation (SABIC),SA,2010,2024,,2024-12-31,fy,calculated,earnings_yield,consolidated,{},0.01852305970149253731343283582,,ratio,https://www.sabic.com/en/Images/SABIC-Integrated-Annual-Report-2025-EN_tcm1010-49452.pdf,,,data\raw\SA\2010\documents\888b4c0373f7da9588dc393a44c8d5682c0f2206bdfc8185ad4d9a37bf8ba6aa.pdf,888b4c0373f7da9588dc393a44c8d5682c0f2206bdfc8185ad4d9a37bf8ba6aa,net_income / reported_year_end_market_cap
Saudi Basic Industries Corporation (SABIC),SA,2010,2024,,2024-12-31,fy,financial,ebitda,consolidated,{},21000000000.00,SAR,SAR,https://www.sabic.com/en/Images/SABIC-Integrated-Annual-Report-2025-EN_tcm1010-49452.pdf,40,Summarized consolidated statement of income,data\raw\SA\2010\documents\888b4c0373f7da9588dc393a44c8d5682c0f2206bdfc8185ad4d9a37bf8ba6aa.pdf,888b4c0373f7da9588dc393a44c8d5682c0f2206bdfc8185ad4d9a37bf8ba6aa,
Saudi Basic Industries Corporation (SABIC),SA,2010,2024,,2024-12-31,fy,calculated,ebitda_growth,consolidated,{},0.104100946372239747634069401,,ratio,https://www.sabic.com/en/Images/SABIC-Integrated-Annual-Report-2025-EN_tcm1010-49452.pdf,,,data\raw\SA\2010\documents\888b4c0373f7da9588dc393a44c8d5682c0f2206bdfc8185ad4d9a37bf8ba6aa.pdf,888b4c0373f7da9588dc393a44c8d5682c0f2206bdfc8185ad4d9a37bf8ba6aa,ebitda / prior_fy(ebitda) - 1
Saudi Basic Industries Corporation (SABIC),SA,2010,2024,,2024-12-31,fy,ratio,ebitda_margin,consolidated,{},0.1783644105856321929483001753,,ratio,https://www.sabic.com/en/Images/SABIC-Integrated-Annual-Report-2025-EN_tcm1010-49452.pdf,,,data\raw\SA\2010\documents\888b4c0373f7da9588dc393a44c8d5682c0f2206bdfc8185ad4d9a37bf8ba6aa.pdf,888b4c0373f7da9588dc393a44c8d5682c0f2206bdfc8185ad4d9a37bf8ba6aa,ebitda / revenue
Saudi Basic Industries Corporation (SABIC),SA,2010,2024,,2024-12-31,instant,financial,employee_benefits_noncurrent,consolidated,{},13507010000,SAR,SAR,https://www.sabic.com/en/Images/SABIC-Integrated-Annual-Report-2025-EN_tcm1010-49452.pdf,132,Statement of financial position - restated comparative,data\raw\SA\2010\documents\888b4c0373f7da9588dc393a44c8d5682c0f2206bdfc8185ad4d9a37bf8ba6aa.pdf,888b4c0373f7da9588dc393a44c8d5682c0f2206bdfc8185ad4d9a37bf8ba6aa,
Saudi Basic Industries Corporation (SABIC),SA,2010,2024,,2024-12-31,fy,operational,energy_consumption_intensity,consolidated,{},16.44,SAR,GJ/tonne,https://www.sabic.com/en/Images/SABIC-Integrated-Annual-Report-2025-EN_tcm1010-49452.pdf,231,Sustainability performance summary,data\raw\SA\2010\documents\888b4c0373f7da9588dc393a44c8d5682c0f2206bdfc8185ad4d9a37bf8ba6aa.pdf,888b4c0373f7da9588dc393a44c8d5682c0f2206bdfc8185ad4d9a37bf8ba6aa,
Saudi Basic Industries Corporation (SABIC),SA,2010,2024,,2024-12-31,fy,financial,ربحية السهم الأساسية والمخفضة,consolidated,{},0.51,SAR,SAR/share,https://www.sabic.com/en/Images/SABIC-Integrated-Annual-Report-2025-EN_tcm1010-49452.pdf,133,Consolidated statement of income,data\raw\SA\2010\documents\888b4c0373f7da9588dc393a44c8d5682c0f2206bdfc8185ad4d9a37bf8ba6aa.pdf,888b4c0373f7da9588dc393a44c8d5682c0f2206bdfc8185ad4d9a37bf8ba6aa,
Saudi Basic Industries Corporation (SABIC),SA,2010,2024,,2024-12-31,instant,calculated,equity_growth,consolidated,{},-0.0606144561655059401884473576,,ratio,https://www.sabic.com/en/Images/SABIC-Integrated-Annual-Report-2025-EN_tcm1010-49452.pdf,,,data\raw\SA\2010\documents\888b4c0373f7da9588dc393a44c8d5682c0f2206bdfc8185ad4d9a37bf8ba6aa.pdf,888b4c0373f7da9588dc393a44c8d5682c0f2206bdfc8185ad4d9a37bf8ba6aa,total_equity / prior_fy(total_equity) - 1
Saudi Basic Industries Corporation (SABIC),SA,2010,2024,,2024-12-31,instant,financial,equity_parent,consolidated,{},156358183000,SAR,SAR,https://www.sabic.com/en/Images/SABIC-Integrated-Annual-Report-2025-EN_tcm1010-49452.pdf,132,Statement of financial position - restated comparative,data\raw\SA\2010\documents\888b4c0373f7da9588dc393a44c8d5682c0f2206bdfc8185ad4d9a37bf8ba6aa.pdf,888b4c0373f7da9588dc393a44c8d5682c0f2206bdfc8185ad4d9a37bf8ba6aa,
Saudi Basic Industries Corporation (SABIC),SA,2010,2024,,2024-12-31,instant,ratio,equity_ratio,consolidated,{},0.6609521833276625776202140431,,ratio,https://www.sabic.com/en/Images/SABIC-Integrated-Annual-Report-2025-EN_tcm1010-49452.pdf,,,data\raw\SA\2010\documents\888b4c0373f7da9588dc393a44c8d5682c0f2206bdfc8185ad4d9a37bf8ba6aa.pdf,888b4c0373f7da9588dc393a44c8d5682c0f2206bdfc8185ad4d9a37bf8ba6aa,total_equity / total_assets
Saudi Basic Industries Corporation (SABIC),SA,2010,2024,,2024-12-31,fy,operational,fatalities_count,consolidated,{},0,SAR,count,https://www.sabic.com/en/Images/SABIC-Integrated-Annual-Report-2025-EN_tcm1010-49452.pdf,232,Sustainability performance summary,data\raw\SA\2010\documents\888b4c0373f7da9588dc393a44c8d5682c0f2206bdfc8185ad4d9a37bf8ba6aa.pdf,888b4c0373f7da9588dc393a44c8d5682c0f2206bdfc8185ad4d9a37bf8ba6aa,
Saudi Basic Industries Corporation (SABIC),SA,2010,2024,,2024-12-31,fy,operational,fatalities_rate,consolidated,{},0,SAR,incidents/200k_hours,https://www.sabic.com/en/Images/SABIC-Integrated-Annual-Report-2025-EN_tcm1010-49452.pdf,232,Sustainability performance summary,data\raw\SA\2010\documents\888b4c0373f7da9588dc393a44c8d5682c0f2206bdfc8185ad4d9a37bf8ba6aa.pdf,888b4c0373f7da9588dc393a44c8d5682c0f2206bdfc8185ad4d9a37bf8ba6aa,
Saudi Basic Industries Corporation (SABIC),SA,2010,2024,,2024-12-31,fy,ratio,fcf_conversion,consolidated,{},0.2932555714285714285714285714,,ratio,https://www.sabic.com/en/Images/SABIC-Integrated-Annual-Report-2025-EN_tcm1010-49452.pdf,,,data\raw\SA\2010\documents\888b4c0373f7da9588dc393a44c8d5682c0f2206bdfc8185ad4d9a37bf8ba6aa.pdf,888b4c0373f7da9588dc393a44c8d5682c0f2206bdfc8185ad4d9a37bf8ba6aa,free_cash_flow / ebitda
Saudi Basic Industries Corporation (SABIC),SA,2010,2024,,2024-12-31,fy,financial,fcf_dividend_coverage_ratio,consolidated,{},0.6097062862041035995377280062,,ratio,https://www.sabic.com/en/Images/SABIC-Integrated-Annual-Report-2025-EN_tcm1010-49452.pdf,,,data\raw\SA\2010\documents\888b4c0373f7da9588dc393a44c8d5682c0f2206bdfc8185ad4d9a37bf8ba6aa.pdf,888b4c0373f7da9588dc393a44c8d5682c0f2206bdfc8185ad4d9a37bf8ba6aa,free_cash_flow / abs(dividends_paid)
Saudi Basic Industries Corporation (SABIC),SA,2010,2024,,2024-12-31,fy,ratio,fcf_margin,consolidated,{},0.05230635714880990339002116693,,ratio,https://www.sabic.com/en/Images/SABIC-Integrated-Annual-Report-2025-EN_tcm1010-49452.pdf,,,data\raw\SA\2010\documents\888b4c0373f7da9588dc393a44c8d5682c0f2206bdfc8185ad4d9a37bf8ba6aa.pdf,888b4c0373f7da9588dc393a44c8d5682c0f2206bdfc8185ad4d9a37bf8ba6aa,free_cash_flow / revenue
Saudi Basic Industries Corporation (SABIC),SA,2010,2024,,2024-12-31,fy,financial,fcf_payout_ratio,consolidated,{},1.640133983570644620562561471,,ratio,https://www.sabic.com/en/Images/SABIC-Integrated-Annual-Report-2025-EN_tcm1010-49452.pdf,,,data\raw\SA\2010\documents\888b4c0373f7da9588dc393a44c8d5682c0f2206bdfc8185ad4d9a37bf8ba6aa.pdf,888b4c0373f7da9588dc393a44c8d5682c0f2206bdfc8185ad4d9a37bf8ba6aa,abs(dividends_paid) / free_cash_flow
Saudi Basic Industries Corporation (SABIC),SA,2010,2024,,2024-12-31,fy,ratio,fcf_to_debt,consolidated,{},0.2034545636189416737993757575,,ratio,https://www.sabic.com/en/Images/SABIC-Integrated-Annual-Report-2025-EN_tcm1010-49452.pdf,,,data\raw\SA\2010\documents\888b4c0373f7da9588dc393a44c8d5682c0f2206bdfc8185ad4d9a37bf8ba6aa.pdf,888b4c0373f7da9588dc393a44c8d5682c0f2206bdfc8185ad4d9a37bf8ba6aa,free_cash_flow / total_debt
Saudi Basic Industries Corporation (SABIC),SA,2010,2024,,2024-12-31,fy,calculated,fcf_yield,consolidated,{},0.03063864179104477611940298507,,ratio,https://www.sabic.com/en/Images/SABIC-Integrated-Annual-Report-2025-EN_tcm1010-49452.pdf,,,data\raw\SA\2010\documents\888b4c0373f7da9588dc393a44c8d5682c0f2206bdfc8185ad4d9a37bf8ba6aa.pdf,888b4c0373f7da9588dc393a44c8d5682c0f2206bdfc8185ad4d9a37bf8ba6aa,free_cash_flow / reported_year_end_market_cap
Saudi Basic Industries Corporation (SABIC),SA,2010,2024,,2024-12-31,fy,financial,finance_costs,consolidated,{},-2768639000,SAR,SAR,https://www.sabic.com/en/Images/SABIC-Integrated-Annual-Report-2025-EN_tcm1010-49452.pdf,133,Statement of income - comparative,data\raw\SA\2010\documents\888b4c0373f7da9588dc393a44c8d5682c0f2206bdfc8185ad4d9a37bf8ba6aa.pdf,888b4c0373f7da9588dc393a44c8d5682c0f2206bdfc8185ad4d9a37bf8ba6aa,
Saudi Basic Industries Corporation (SABIC),SA,2010,2024,,2024-12-31,fy,financial,finance_income,consolidated,{},1912096000,SAR,SAR,https://www.sabic.com/en/Images/SABIC-Integrated-Annual-Report-2025-EN_tcm1010-49452.pdf,133,Statement of income - comparative,data\raw\SA\2010\documents\888b4c0373f7da9588dc393a44c8d5682c0f2206bdfc8185ad4d9a37bf8ba6aa.pdf,888b4c0373f7da9588dc393a44c8d5682c0f2206bdfc8185ad4d9a37bf8ba6aa,
Saudi Basic Industries Corporation (SABIC),SA,2010,2024,,2024-12-31,fy,financial,financing_cash_flow,consolidated,{},-11556171000,SAR,SAR,https://www.sabic.com/en/Images/SABIC-Integrated-Annual-Report-2025-EN_tcm1010-49452.pdf,137,Statement of cash flows - comparative,data\raw\SA\2010\documents\888b4c0373f7da9588dc393a44c8d5682c0f2206bdfc8185ad4d9a37bf8ba6aa.pdf,888b4c0373f7da9588dc393a44c8d5682c0f2206bdfc8185ad4d9a37bf8ba6aa,
Saudi Basic Industries Corporation (SABIC),SA,2010,2024,,2024-12-31,fy,operational,flaring_reduction_since_2010,consolidated,{},0.499,SAR,ratio,https://www.sabic.com/en/Images/SABIC-Integrated-Annual-Report-2025-EN_tcm1010-49452.pdf,231,Sustainability performance summary,data\raw\SA\2010\documents\888b4c0373f7da9588dc393a44c8d5682c0f2206bdfc8185ad4d9a37bf8ba6aa.pdf,888b4c0373f7da9588dc393a44c8d5682c0f2206bdfc8185ad4d9a37bf8ba6aa,
Saudi Basic Industries Corporation (SABIC),SA,2010,2024,,2024-12-31,fy,financial,foreign_exchange_effect,consolidated,{},-75025000,SAR,SAR,https://www.sabic.com/en/Images/SABIC-Integrated-Annual-Report-2025-EN_tcm1010-49452.pdf,137,Statement of cash flows - comparative,data\raw\SA\2010\documents\888b4c0373f7da9588dc393a44c8d5682c0f2206bdfc8185ad4d9a37bf8ba6aa.pdf,888b4c0373f7da9588dc393a44c8d5682c0f2206bdfc8185ad4d9a37bf8ba6aa,
Saudi Basic Industries Corporation (SABIC),SA,2010,2024,,2024-12-31,fy,calculated,التدفق النقدي الحر,consolidated,{},6158367000,SAR,SAR,https://www.sabic.com/en/Images/SABIC-Integrated-Annual-Report-2025-EN_tcm1010-49452.pdf,,,data\raw\SA\2010\documents\888b4c0373f7da9588dc393a44c8d5682c0f2206bdfc8185ad4d9a37bf8ba6aa.pdf,888b4c0373f7da9588dc393a44c8d5682c0f2206bdfc8185ad4d9a37bf8ba6aa,operating_cash_flow - abs(capex)
Saudi Basic Industries Corporation (SABIC),SA,2010,2024,,2024-12-31,fy,calculated,free_cash_flow_growth,consolidated,{},-0.5588562320916905444126074499,,ratio,https://www.sabic.com/en/Images/SABIC-Integrated-Annual-Report-2025-EN_tcm1010-49452.pdf,,,data\raw\SA\2010\documents\888b4c0373f7da9588dc393a44c8d5682c0f2206bdfc8185ad4d9a37bf8ba6aa.pdf,888b4c0373f7da9588dc393a44c8d5682c0f2206bdfc8185ad4d9a37bf8ba6aa,free_cash_flow / prior_fy(free_cash_flow) - 1
Saudi Basic Industries Corporation (SABIC),SA,2010,2024,,2024-12-31,fy,financial,general_and_administrative_expense,consolidated,{},-8516977000,SAR,SAR,https://www.sabic.com/en/Images/SABIC-Integrated-Annual-Report-2025-EN_tcm1010-49452.pdf,133,Statement of income - comparative,data\raw\SA\2010\documents\888b4c0373f7da9588dc393a44c8d5682c0f2206bdfc8185ad4d9a37bf8ba6aa.pdf,888b4c0373f7da9588dc393a44c8d5682c0f2206bdfc8185ad4d9a37bf8ba6aa,
Saudi Basic Industries Corporation (SABIC),SA,2010,2024,,2024-12-31,instant,calculated,graham_net_net,consolidated,{},-38824308250.00,SAR,SAR,https://www.sabic.com/en/Images/SABIC-Integrated-Annual-Report-2025-EN_tcm1010-49452.pdf,,,data\raw\SA\2010\documents\888b4c0373f7da9588dc393a44c8d5682c0f2206bdfc8185ad4d9a37bf8ba6aa.pdf,888b4c0373f7da9588dc393a44c8d5682c0f2206bdfc8185ad4d9a37bf8ba6aa,cash + 0.75 * accounts_receivable + 0.5 * inventory - total_liabilities
Saudi Basic Industries Corporation (SABIC),SA,2010,2024,,2024-12-31,fy,operational,greenhouse_gas_intensity,consolidated,{},1.05,SAR,tCO2e/tonne,https://www.sabic.com/en/Images/SABIC-Integrated-Annual-Report-2025-EN_tcm1010-49452.pdf,232,Sustainability performance summary,data\raw\SA\2010\documents\888b4c0373f7da9588dc393a44c8d5682c0f2206bdfc8185ad4d9a37bf8ba6aa.pdf,888b4c0373f7da9588dc393a44c8d5682c0f2206bdfc8185ad4d9a37bf8ba6aa,
Saudi Basic Industries Corporation (SABIC),SA,2010,2024,,2024-12-31,fy,ratio,gross_margin,consolidated,{},0.2154034027105207109449124745,,ratio,https://www.sabic.com/en/Images/SABIC-Integrated-Annual-Report-2025-EN_tcm1010-49452.pdf,,,data\raw\SA\2010\documents\888b4c0373f7da9588dc393a44c8d5682c0f2206bdfc8185ad4d9a37bf8ba6aa.pdf,888b4c0373f7da9588dc393a44c8d5682c0f2206bdfc8185ad4d9a37bf8ba6aa,gross_profit / revenue
Saudi Basic Industries Corporation (SABIC),SA,2010,2024,,2024-12-31,fy,financial,gross_profit,consolidated,{},25360841000,SAR,SAR,https://www.sabic.com/en/Images/SABIC-Integrated-Annual-Report-2025-EN_tcm1010-49452.pdf,133,Statement of income - comparative,data\raw\SA\2010\documents\888b4c0373f7da9588dc393a44c8d5682c0f2206bdfc8185ad4d9a37bf8ba6aa.pdf,888b4c0373f7da9588dc393a44c8d5682c0f2206bdfc8185ad4d9a37bf8ba6aa,
Saudi Basic Industries Corporation (SABIC),SA,2010,2024,,2024-12-31,fy,financial,impairment_cash_flow,consolidated,{},720359000,SAR,SAR,https://www.sabic.com/en/Images/SABIC-Integrated-Annual-Report-2025-EN_tcm1010-49452.pdf,136,Statement of cash flows - comparative,data\raw\SA\2010\documents\888b4c0373f7da9588dc393a44c8d5682c0f2206bdfc8185ad4d9a37bf8ba6aa.pdf,888b4c0373f7da9588dc393a44c8d5682c0f2206bdfc8185ad4d9a37bf8ba6aa,
Saudi Basic Industries Corporation (SABIC),SA,2010,2024,,2024-12-31,fy,financial,الدخل قبل الضرائب والزكاة,consolidated,{},8096040000,SAR,SAR,https://www.sabic.com/en/Images/SABIC-Integrated-Annual-Report-2025-EN_tcm1010-49452.pdf,133,Statement of income - comparative,data\raw\SA\2010\documents\888b4c0373f7da9588dc393a44c8d5682c0f2206bdfc8185ad4d9a37bf8ba6aa.pdf,888b4c0373f7da9588dc393a44c8d5682c0f2206bdfc8185ad4d9a37bf8ba6aa,
Saudi Basic Industries Corporation (SABIC),SA,2010,2024,,2024-12-31,fy,calculated,income_quality,consolidated,{},4.393769229426276511595738538,,ratio,https://www.sabic.com/en/Images/SABIC-Integrated-Annual-Report-2025-EN_tcm1010-49452.pdf,,,data\raw\SA\2010\documents\888b4c0373f7da9588dc393a44c8d5682c0f2206bdfc8185ad4d9a37bf8ba6aa.pdf,888b4c0373f7da9588dc393a44c8d5682c0f2206bdfc8185ad4d9a37bf8ba6aa,operating_cash_flow / net_income
Saudi Basic Industries Corporation (SABIC),SA,2010,2024,,2024-12-31,fy,financial,intangible_asset_purchases,consolidated,{},-85909000,SAR,SAR,https://www.sabic.com/en/Images/SABIC-Integrated-Annual-Report-2025-EN_tcm1010-49452.pdf,137,Statement of cash flows - comparative,data\raw\SA\2010\documents\888b4c0373f7da9588dc393a44c8d5682c0f2206bdfc8185ad4d9a37bf8ba6aa.pdf,888b4c0373f7da9588dc393a44c8d5682c0f2206bdfc8185ad4d9a37bf8ba6aa,
Saudi Basic Industries Corporation (SABIC),SA,2010,2024,,2024-12-31,instant,financial,intangible_assets,consolidated,{},19141633000,SAR,SAR,https://www.sabic.com/en/Images/SABIC-Integrated-Annual-Report-2025-EN_tcm1010-49452.pdf,132,Statement of financial position - restated comparative,data\raw\SA\2010\documents\888b4c0373f7da9588dc393a44c8d5682c0f2206bdfc8185ad4d9a37bf8ba6aa.pdf,888b4c0373f7da9588dc393a44c8d5682c0f2206bdfc8185ad4d9a37bf8ba6aa,
Saudi Basic Industries Corporation (SABIC),SA,2010,2024,,2024-12-31,fy,financial,interest_paid,consolidated,{},-2130000000,SAR,SAR,https://www.sabic.com/en/Images/SABIC-Integrated-Annual-Report-2025-EN_tcm1010-49452.pdf,136,Statement of cash flows - comparative,data\raw\SA\2010\documents\888b4c0373f7da9588dc393a44c8d5682c0f2206bdfc8185ad4d9a37bf8ba6aa.pdf,888b4c0373f7da9588dc393a44c8d5682c0f2206bdfc8185ad4d9a37bf8ba6aa,
Saudi Basic Industries Corporation (SABIC),SA,2010,2024,,2024-12-31,fy,financial,interest_received,consolidated,{},1906610000,SAR,SAR,https://www.sabic.com/en/Images/SABIC-Integrated-Annual-Report-2025-EN_tcm1010-49452.pdf,136,Statement of cash flows - comparative,data\raw\SA\2010\documents\888b4c0373f7da9588dc393a44c8d5682c0f2206bdfc8185ad4d9a37bf8ba6aa.pdf,888b4c0373f7da9588dc393a44c8d5682c0f2206bdfc8185ad4d9a37bf8ba6aa,
Saudi Basic Industries Corporation (SABIC),SA,2010,2024,,2024-12-31,instant,financial,inventory,consolidated,{},18813581000,SAR,SAR,https://www.sabic.com/en/Images/SABIC-Integrated-Annual-Report-2025-EN_tcm1010-49452.pdf,132,Statement of financial position - restated comparative,data\raw\SA\2010\documents\888b4c0373f7da9588dc393a44c8d5682c0f2206bdfc8185ad4d9a37bf8ba6aa.pdf,888b4c0373f7da9588dc393a44c8d5682c0f2206bdfc8185ad4d9a37bf8ba6aa,
Saudi Basic Industries Corporation (SABIC),SA,2010,2024,,2024-12-31,fy,financial,inventory_change,consolidated,{},-777132000,SAR,SAR,https://www.sabic.com/en/Images/SABIC-Integrated-Annual-Report-2025-EN_tcm1010-49452.pdf,136,Statement of cash flows - comparative,data\raw\SA\2010\documents\888b4c0373f7da9588dc393a44c8d5682c0f2206bdfc8185ad4d9a37bf8ba6aa.pdf,888b4c0373f7da9588dc393a44c8d5682c0f2206bdfc8185ad4d9a37bf8ba6aa,
Saudi Basic Industries Corporation (SABIC),SA,2010,2024,,2024-12-31,instant,ratio,inventory_to_assets,consolidated,{},0.06778597859221831125253965731,,ratio,https://www.sabic.com/en/Images/SABIC-Integrated-Annual-Report-2025-EN_tcm1010-49452.pdf,,,data\raw\SA\2010\documents\888b4c0373f7da9588dc393a44c8d5682c0f2206bdfc8185ad4d9a37bf8ba6aa.pdf,888b4c0373f7da9588dc393a44c8d5682c0f2206bdfc8185ad4d9a37bf8ba6aa,inventory / total_assets
Saudi Basic Industries Corporation (SABIC),SA,2010,2024,,2024-12-31,instant,financial,invested_capital,consolidated,{},183172545000,SAR,SAR,https://www.sabic.com/en/Images/SABIC-Integrated-Annual-Report-2025-EN_tcm1010-49452.pdf,,,data\raw\SA\2010\documents\888b4c0373f7da9588dc393a44c8d5682c0f2206bdfc8185ad4d9a37bf8ba6aa.pdf,888b4c0373f7da9588dc393a44c8d5682c0f2206bdfc8185ad4d9a37bf8ba6aa,total_equity + current_debt + long_term_debt - cash
Saudi Basic Industries Corporation (SABIC),SA,2010,2024,,2024-12-31,fy,financial,investing_cash_flow,consolidated,{},-7986366000,SAR,SAR,https://www.sabic.com/en/Images/SABIC-Integrated-Annual-Report-2025-EN_tcm1010-49452.pdf,137,Statement of cash flows - comparative,data\raw\SA\2010\documents\888b4c0373f7da9588dc393a44c8d5682c0f2206bdfc8185ad4d9a37bf8ba6aa.pdf,888b4c0373f7da9588dc393a44c8d5682c0f2206bdfc8185ad4d9a37bf8ba6aa,
Saudi Basic Industries Corporation (SABIC),SA,2010,2024,,2024-12-31,instant,financial,investments_associates,consolidated,{},34960835000,SAR,SAR,https://www.sabic.com/en/Images/SABIC-Integrated-Annual-Report-2025-EN_tcm1010-49452.pdf,132,Statement of financial position - restated comparative,data\raw\SA\2010\documents\888b4c0373f7da9588dc393a44c8d5682c0f2206bdfc8185ad4d9a37bf8ba6aa.pdf,888b4c0373f7da9588dc393a44c8d5682c0f2206bdfc8185ad4d9a37bf8ba6aa,
Saudi Basic Industries Corporation (SABIC),SA,2010,2024,,2024-12-31,fy,financial,joint_venture_investments,consolidated,{},-1047703000,SAR,SAR,https://www.sabic.com/en/Images/SABIC-Integrated-Annual-Report-2025-EN_tcm1010-49452.pdf,137,Statement of cash flows - comparative,data\raw\SA\2010\documents\888b4c0373f7da9588dc393a44c8d5682c0f2206bdfc8185ad4d9a37bf8ba6aa.pdf,888b4c0373f7da9588dc393a44c8d5682c0f2206bdfc8185ad4d9a37bf8ba6aa,
Saudi Basic Industries Corporation (SABIC),SA,2010,2024,,2024-12-31,instant,financial,lease_liabilities_current,consolidated,{},945105000,SAR,SAR,https://www.sabic.com/en/Images/SABIC-Integrated-Annual-Report-2025-EN_tcm1010-49452.pdf,132,Statement of financial position - restated comparative,data\raw\SA\2010\documents\888b4c0373f7da9588dc393a44c8d5682c0f2206bdfc8185ad4d9a37bf8ba6aa.pdf,888b4c0373f7da9588dc393a44c8d5682c0f2206bdfc8185ad4d9a37bf8ba6aa,
Saudi Basic Industries Corporation (SABIC),SA,2010,2024,,2024-12-31,instant,financial,lease_liabilities_noncurrent,consolidated,{},3983960000,SAR,SAR,https://www.sabic.com/en/Images/SABIC-Integrated-Annual-Report-2025-EN_tcm1010-49452.pdf,132,Statement of financial position - restated comparative,data\raw\SA\2010\documents\888b4c0373f7da9588dc393a44c8d5682c0f2206bdfc8185ad4d9a37bf8ba6aa.pdf,888b4c0373f7da9588dc393a44c8d5682c0f2206bdfc8185ad4d9a37bf8ba6aa,
Saudi Basic Industries Corporation (SABIC),SA,2010,2024,,2024-12-31,fy,financial,lease_payments,consolidated,{},-1075329000,SAR,SAR,https://www.sabic.com/en/Images/SABIC-Integrated-Annual-Report-2025-EN_tcm1010-49452.pdf,137,Statement of cash flows - comparative,data\raw\SA\2010\documents\888b4c0373f7da9588dc393a44c8d5682c0f2206bdfc8185ad4d9a37bf8ba6aa.pdf,888b4c0373f7da9588dc393a44c8d5682c0f2206bdfc8185ad4d9a37bf8ba6aa,
Saudi Basic Industries Corporation (SABIC),SA,2010,2024,,2024-12-31,instant,ratio,liabilities_to_assets,consolidated,{},0.3390478166723374223797859569,,ratio,https://www.sabic.com/en/Images/SABIC-Integrated-Annual-Report-2025-EN_tcm1010-49452.pdf,,,data\raw\SA\2010\documents\888b4c0373f7da9588dc393a44c8d5682c0f2206bdfc8185ad4d9a37bf8ba6aa.pdf,888b4c0373f7da9588dc393a44c8d5682c0f2206bdfc8185ad4d9a37bf8ba6aa,total_liabilities / total_assets
Saudi Basic Industries Corporation (SABIC),SA,2010,2024,,2024-12-31,instant,ratio,الالتزامات إلى حقوق الملكية,consolidated,{},0.5129687520893727932986606225,,ratio,https://www.sabic.com/en/Images/SABIC-Integrated-Annual-Report-2025-EN_tcm1010-49452.pdf,,,data\raw\SA\2010\documents\888b4c0373f7da9588dc393a44c8d5682c0f2206bdfc8185ad4d9a37bf8ba6aa.pdf,888b4c0373f7da9588dc393a44c8d5682c0f2206bdfc8185ad4d9a37bf8ba6aa,total_liabilities / total_equity
Saudi Basic Industries Corporation (SABIC),SA,2010,2024,,2024-12-31,instant,financial,long_term_debt,consolidated,{},26165086000,SAR,SAR,https://www.sabic.com/en/Images/SABIC-Integrated-Annual-Report-2025-EN_tcm1010-49452.pdf,132,Statement of financial position - restated comparative,data\raw\SA\2010\documents\888b4c0373f7da9588dc393a44c8d5682c0f2206bdfc8185ad4d9a37bf8ba6aa.pdf,888b4c0373f7da9588dc393a44c8d5682c0f2206bdfc8185ad4d9a37bf8ba6aa,
Saudi Basic Industries Corporation (SABIC),SA,2010,2024,,2024-12-31,instant,ratio,long_term_debt_to_capital,consolidated,{},0.1224314026452011893208929524,,ratio,https://www.sabic.com/en/Images/SABIC-Integrated-Annual-Report-2025-EN_tcm1010-49452.pdf,,,data\raw\SA\2010\documents\888b4c0373f7da9588dc393a44c8d5682c0f2206bdfc8185ad4d9a37bf8ba6aa.pdf,888b4c0373f7da9588dc393a44c8d5682c0f2206bdfc8185ad4d9a37bf8ba6aa,long_term_debt / (total_debt + total_equity)
Saudi Basic Industries Corporation (SABIC),SA,2010,2024,,2024-12-31,as_of,calculated,market_cap,consolidated,{},201000000000,SAR,SAR,https://www.sabic.com/en/Images/SABIC-Integrated-Annual-Report-2025-EN_tcm1010-49452.pdf,19,Five-year overview and dividend,data\raw\SA\2010\documents\888b4c0373f7da9588dc393a44c8d5682c0f2206bdfc8185ad4d9a37bf8ba6aa.pdf,888b4c0373f7da9588dc393a44c8d5682c0f2206bdfc8185ad4d9a37bf8ba6aa,
Saudi Basic Industries Corporation (SABIC),SA,2010,2024,,2024-12-31,as_of,calculated,market_cap_to_equity,consolidated,{},1.095706955279004086763440777,,ratio,https://www.sabic.com/en/Images/SABIC-Integrated-Annual-Report-2025-EN_tcm1010-49452.pdf,,,data\raw\SA\2010\documents\888b4c0373f7da9588dc393a44c8d5682c0f2206bdfc8185ad4d9a37bf8ba6aa.pdf,888b4c0373f7da9588dc393a44c8d5682c0f2206bdfc8185ad4d9a37bf8ba6aa,reported_year_end_market_cap / total_equity
Saudi Basic Industries Corporation (SABIC),SA,2010,2024,,2024-12-31,as_of,calculated,market_cap_to_net_income,consolidated,{},53.98676115692823386742624159,,ratio,https://www.sabic.com/en/Images/SABIC-Integrated-Annual-Report-2025-EN_tcm1010-49452.pdf,,,data\raw\SA\2010\documents\888b4c0373f7da9588dc393a44c8d5682c0f2206bdfc8185ad4d9a37bf8ba6aa.pdf,888b4c0373f7da9588dc393a44c8d5682c0f2206bdfc8185ad4d9a37bf8ba6aa,reported_year_end_market_cap / net_income
Saudi Basic Industries Corporation (SABIC),SA,2010,2024,,2024-12-31,fy,operational,material_loss_intensity,consolidated,{},0.05,SAR,tonne/tonne,https://www.sabic.com/en/Images/SABIC-Integrated-Annual-Report-2025-EN_tcm1010-49452.pdf,231,Sustainability performance summary,data\raw\SA\2010\documents\888b4c0373f7da9588dc393a44c8d5682c0f2206bdfc8185ad4d9a37bf8ba6aa.pdf,888b4c0373f7da9588dc393a44c8d5682c0f2206bdfc8185ad4d9a37bf8ba6aa,
Saudi Basic Industries Corporation (SABIC),SA,2010,2024,,2024-12-31,instant,calculated,net_current_asset_value,consolidated,{},-2716768000,SAR,SAR,https://www.sabic.com/en/Images/SABIC-Integrated-Annual-Report-2025-EN_tcm1010-49452.pdf,,,data\raw\SA\2010\documents\888b4c0373f7da9588dc393a44c8d5682c0f2206bdfc8185ad4d9a37bf8ba6aa.pdf,888b4c0373f7da9588dc393a44c8d5682c0f2206bdfc8185ad4d9a37bf8ba6aa,current_assets - total_liabilities
Saudi Basic Industries Corporation (SABIC),SA,2010,2024,,2024-12-31,instant,financial,net_debt,consolidated,{},-3010000000.00,SAR,SAR,https://www.sabic.com/en/Images/SABIC-Integrated-Annual-Report-2025-EN_tcm1010-49452.pdf,39,2025 financial highlights comparative,data\raw\SA\2010\documents\888b4c0373f7da9588dc393a44c8d5682c0f2206bdfc8185ad4d9a37bf8ba6aa.pdf,888b4c0373f7da9588dc393a44c8d5682c0f2206bdfc8185ad4d9a37bf8ba6aa,
Saudi Basic Industries Corporation (SABIC),SA,2010,2024,,2024-12-31,fy,ratio,net_debt_to_ebitda,consolidated,{},-0.1433333333333333333333333333,,ratio,https://www.sabic.com/en/Images/SABIC-Integrated-Annual-Report-2025-EN_tcm1010-49452.pdf,,,data\raw\SA\2010\documents\888b4c0373f7da9588dc393a44c8d5682c0f2206bdfc8185ad4d9a37bf8ba6aa.pdf,888b4c0373f7da9588dc393a44c8d5682c0f2206bdfc8185ad4d9a37bf8ba6aa,net_debt / ebitda
Saudi Basic Industries Corporation (SABIC),SA,2010,2024,,2024-12-31,instant,ratio,net_debt_to_equity,consolidated,{},-0.001475464812654907274327064350,,ratio,https://www.sabic.com/en/Images/SABIC-Integrated-Annual-Report-2025-EN_tcm1010-49452.pdf,,,data\raw\SA\2010\documents\888b4c0373f7da9588dc393a44c8d5682c0f2206bdfc8185ad4d9a37bf8ba6aa.pdf,888b4c0373f7da9588dc393a44c8d5682c0f2206bdfc8185ad4d9a37bf8ba6aa,(current_debt + long_term_debt - cash) / total_equity
Saudi Basic Industries Corporation (SABIC),SA,2010,2024,,2024-12-31,fy,financial,صافي الربح,consolidated,{},3723135000,SAR,SAR,https://www.sabic.com/en/Images/SABIC-Integrated-Annual-Report-2025-EN_tcm1010-49452.pdf,133,Statement of income - comparative,data\raw\SA\2010\documents\888b4c0373f7da9588dc393a44c8d5682c0f2206bdfc8185ad4d9a37bf8ba6aa.pdf,888b4c0373f7da9588dc393a44c8d5682c0f2206bdfc8185ad4d9a37bf8ba6aa,
Saudi Basic Industries Corporation (SABIC),SA,2010,2024,,2024-12-31,fy,financial,net_income_noncontrolling,consolidated,{},2184593000,SAR,SAR,https://www.sabic.com/en/Images/SABIC-Integrated-Annual-Report-2025-EN_tcm1010-49452.pdf,133,Statement of income - comparative,data\raw\SA\2010\documents\888b4c0373f7da9588dc393a44c8d5682c0f2206bdfc8185ad4d9a37bf8ba6aa.pdf,888b4c0373f7da9588dc393a44c8d5682c0f2206bdfc8185ad4d9a37bf8ba6aa,
Saudi Basic Industries Corporation (SABIC),SA,2010,2024,,2024-12-31,fy,financial,صافي الربح العائد لمساهمي الشركة,consolidated,{},1538542000,SAR,SAR,https://www.sabic.com/en/Images/SABIC-Integrated-Annual-Report-2025-EN_tcm1010-49452.pdf,133,Statement of income - comparative,data\raw\SA\2010\documents\888b4c0373f7da9588dc393a44c8d5682c0f2206bdfc8185ad4d9a37bf8ba6aa.pdf,888b4c0373f7da9588dc393a44c8d5682c0f2206bdfc8185ad4d9a37bf8ba6aa,
Saudi Basic Industries Corporation (SABIC),SA,2010,2024,,2024-12-31,fy,ratio,هامش صافي الربح,consolidated,{},0.03162260856217798641393188443,,ratio,https://www.sabic.com/en/Images/SABIC-Integrated-Annual-Report-2025-EN_tcm1010-49452.pdf,,,data\raw\SA\2010\documents\888b4c0373f7da9588dc393a44c8d5682c0f2206bdfc8185ad4d9a37bf8ba6aa.pdf,888b4c0373f7da9588dc393a44c8d5682c0f2206bdfc8185ad4d9a37bf8ba6aa,net_income / revenue
Saudi Basic Industries Corporation (SABIC),SA,2010,2024,,2024-12-31,instant,financial,noncontrolling_interests,consolidated,{},27085026000,SAR,SAR,https://www.sabic.com/en/Images/SABIC-Integrated-Annual-Report-2025-EN_tcm1010-49452.pdf,132,Statement of financial position - restated comparative,data\raw\SA\2010\documents\888b4c0373f7da9588dc393a44c8d5682c0f2206bdfc8185ad4d9a37bf8ba6aa.pdf,888b4c0373f7da9588dc393a44c8d5682c0f2206bdfc8185ad4d9a37bf8ba6aa,
Saudi Basic Industries Corporation (SABIC),SA,2010,2024,,2024-12-31,instant,financial,noncurrent_assets,consolidated,{},186159977000,SAR,SAR,https://www.sabic.com/en/Images/SABIC-Integrated-Annual-Report-2025-EN_tcm1010-49452.pdf,132,Statement of financial position - restated comparative,data\raw\SA\2010\documents\888b4c0373f7da9588dc393a44c8d5682c0f2206bdfc8185ad4d9a37bf8ba6aa.pdf,888b4c0373f7da9588dc393a44c8d5682c0f2206bdfc8185ad4d9a37bf8ba6aa,
Saudi Basic Industries Corporation (SABIC),SA,2010,2024,,2024-12-31,instant,financial,noncurrent_liabilities,consolidated,{},48719346000,SAR,SAR,https://www.sabic.com/en/Images/SABIC-Integrated-Annual-Report-2025-EN_tcm1010-49452.pdf,132,Statement of financial position - restated comparative,data\raw\SA\2010\documents\888b4c0373f7da9588dc393a44c8d5682c0f2206bdfc8185ad4d9a37bf8ba6aa.pdf,888b4c0373f7da9588dc393a44c8d5682c0f2206bdfc8185ad4d9a37bf8ba6aa,
Saudi Basic Industries Corporation (SABIC),SA,2010,2024,,2024-12-31,fy,financial,التدفق النقدي التشغيلي,consolidated,{},16358596000,SAR,SAR,https://www.sabic.com/en/Images/SABIC-Integrated-Annual-Report-2025-EN_tcm1010-49452.pdf,136,Statement of cash flows - comparative,data\raw\SA\2010\documents\888b4c0373f7da9588dc393a44c8d5682c0f2206bdfc8185ad4d9a37bf8ba6aa.pdf,888b4c0373f7da9588dc393a44c8d5682c0f2206bdfc8185ad4d9a37bf8ba6aa,
Saudi Basic Industries Corporation (SABIC),SA,2010,2024,,2024-12-31,fy,calculated,operating_cash_flow_growth,consolidated,{},-0.3309367689161554192229038855,,ratio,https://www.sabic.com/en/Images/SABIC-Integrated-Annual-Report-2025-EN_tcm1010-49452.pdf,,,data\raw\SA\2010\documents\888b4c0373f7da9588dc393a44c8d5682c0f2206bdfc8185ad4d9a37bf8ba6aa.pdf,888b4c0373f7da9588dc393a44c8d5682c0f2206bdfc8185ad4d9a37bf8ba6aa,operating_cash_flow / prior_fy(operating_cash_flow) - 1
Saudi Basic Industries Corporation (SABIC),SA,2010,2024,,2024-12-31,fy,financial,الدخل التشغيلي,consolidated,{},9426513000,SAR,SAR,https://www.sabic.com/en/Images/SABIC-Integrated-Annual-Report-2025-EN_tcm1010-49452.pdf,133,Statement of income - comparative,data\raw\SA\2010\documents\888b4c0373f7da9588dc393a44c8d5682c0f2206bdfc8185ad4d9a37bf8ba6aa.pdf,888b4c0373f7da9588dc393a44c8d5682c0f2206bdfc8185ad4d9a37bf8ba6aa,
Saudi Basic Industries Corporation (SABIC),SA,2010,2024,,2024-12-31,fy,ratio,operating_margin,consolidated,{},0.08006449691060949904979333001,,ratio,https://www.sabic.com/en/Images/SABIC-Integrated-Annual-Report-2025-EN_tcm1010-49452.pdf,,,data\raw\SA\2010\documents\888b4c0373f7da9588dc393a44c8d5682c0f2206bdfc8185ad4d9a37bf8ba6aa.pdf,888b4c0373f7da9588dc393a44c8d5682c0f2206bdfc8185ad4d9a37bf8ba6aa,operating_income / revenue
Saudi Basic Industries Corporation (SABIC),SA,2010,2024,,2024-12-31,instant,financial,other_current_liabilities,consolidated,{},19695999000,SAR,SAR,https://www.sabic.com/en/Images/SABIC-Integrated-Annual-Report-2025-EN_tcm1010-49452.pdf,132,Statement of financial position - restated comparative,data\raw\SA\2010\documents\888b4c0373f7da9588dc393a44c8d5682c0f2206bdfc8185ad4d9a37bf8ba6aa.pdf,888b4c0373f7da9588dc393a44c8d5682c0f2206bdfc8185ad4d9a37bf8ba6aa,
Saudi Basic Industries Corporation (SABIC),SA,2010,2024,,2024-12-31,fy,financial,other_expense,consolidated,{},-1310083000,SAR,SAR,https://www.sabic.com/en/Images/SABIC-Integrated-Annual-Report-2025-EN_tcm1010-49452.pdf,133,Statement of income - comparative,data\raw\SA\2010\documents\888b4c0373f7da9588dc393a44c8d5682c0f2206bdfc8185ad4d9a37bf8ba6aa.pdf,888b4c0373f7da9588dc393a44c8d5682c0f2206bdfc8185ad4d9a37bf8ba6aa,
Saudi Basic Industries Corporation (SABIC),SA,2010,2024,,2024-12-31,fy,financial,other_income,consolidated,{},1286075000,SAR,SAR,https://www.sabic.com/en/Images/SABIC-Integrated-Annual-Report-2025-EN_tcm1010-49452.pdf,133,Statement of income - comparative,data\raw\SA\2010\documents\888b4c0373f7da9588dc393a44c8d5682c0f2206bdfc8185ad4d9a37bf8ba6aa.pdf,888b4c0373f7da9588dc393a44c8d5682c0f2206bdfc8185ad4d9a37bf8ba6aa,
Saudi Basic Industries Corporation (SABIC),SA,2010,2024,,2024-12-31,instant,financial,other_noncurrent_liabilities,consolidated,{},1605249000,SAR,SAR,https://www.sabic.com/en/Images/SABIC-Integrated-Annual-Report-2025-EN_tcm1010-49452.pdf,132,Statement of financial position - restated comparative,data\raw\SA\2010\documents\888b4c0373f7da9588dc393a44c8d5682c0f2206bdfc8185ad4d9a37bf8ba6aa.pdf,888b4c0373f7da9588dc393a44c8d5682c0f2206bdfc8185ad4d9a37bf8ba6aa,
Saudi Basic Industries Corporation (SABIC),SA,2010,2024,,2024-12-31,instant,financial,other_reserves,consolidated,{},-4112475000,SAR,SAR,https://www.sabic.com/en/Images/SABIC-Integrated-Annual-Report-2025-EN_tcm1010-49452.pdf,132,Statement of financial position - restated comparative,data\raw\SA\2010\documents\888b4c0373f7da9588dc393a44c8d5682c0f2206bdfc8185ad4d9a37bf8ba6aa.pdf,888b4c0373f7da9588dc393a44c8d5682c0f2206bdfc8185ad4d9a37bf8ba6aa,
Saudi Basic Industries Corporation (SABIC),SA,2010,2024,,2024-12-31,fy,operational,patent_portfolio_count,consolidated,"{""basis"":""minimum_reported""}",11000,SAR,count,https://www.sabic.com/en/Images/SABIC-Integrated-Annual-Report-2025-EN_tcm1010-49452.pdf,232,Sustainability performance summary,data\raw\SA\2010\documents\888b4c0373f7da9588dc393a44c8d5682c0f2206bdfc8185ad4d9a37bf8ba6aa.pdf,888b4c0373f7da9588dc393a44c8d5682c0f2206bdfc8185ad4d9a37bf8ba6aa,
Saudi Basic Industries Corporation (SABIC),SA,2010,2024,,2024-12-31,fy,calculated,payout_ratio,consolidated,{},2.712914519618547272661345882,,ratio,https://www.sabic.com/en/Images/SABIC-Integrated-Annual-Report-2025-EN_tcm1010-49452.pdf,,,data\raw\SA\2010\documents\888b4c0373f7da9588dc393a44c8d5682c0f2206bdfc8185ad4d9a37bf8ba6aa.pdf,888b4c0373f7da9588dc393a44c8d5682c0f2206bdfc8185ad4d9a37bf8ba6aa,abs(dividends_paid) / net_income
Saudi Basic Industries Corporation (SABIC),SA,2010,2024,,2024-12-31,fy,financial,ppe_purchases,consolidated,{},-10114320000,SAR,SAR,https://www.sabic.com/en/Images/SABIC-Integrated-Annual-Report-2025-EN_tcm1010-49452.pdf,137,Statement of cash flows - comparative,data\raw\SA\2010\documents\888b4c0373f7da9588dc393a44c8d5682c0f2206bdfc8185ad4d9a37bf8ba6aa.pdf,888b4c0373f7da9588dc393a44c8d5682c0f2206bdfc8185ad4d9a37bf8ba6aa,
Saudi Basic Industries Corporation (SABIC),SA,2010,2024,,2024-12-31,instant,ratio,ppe_to_assets,consolidated,{},0.4056316788839736574520228143,,ratio,https://www.sabic.com/en/Images/SABIC-Integrated-Annual-Report-2025-EN_tcm1010-49452.pdf,,,data\raw\SA\2010\documents\888b4c0373f7da9588dc393a44c8d5682c0f2206bdfc8185ad4d9a37bf8ba6aa.pdf,888b4c0373f7da9588dc393a44c8d5682c0f2206bdfc8185ad4d9a37bf8ba6aa,property_plant_equipment / total_assets
Saudi Basic Industries Corporation (SABIC),SA,2010,2024,,2024-12-31,fy,ratio,pretax_margin,consolidated,{},0.06876406679417626949510267386,,ratio,https://www.sabic.com/en/Images/SABIC-Integrated-Annual-Report-2025-EN_tcm1010-49452.pdf,,,data\raw\SA\2010\documents\888b4c0373f7da9588dc393a44c8d5682c0f2206bdfc8185ad4d9a37bf8ba6aa.pdf,888b4c0373f7da9588dc393a44c8d5682c0f2206bdfc8185ad4d9a37bf8ba6aa,income_before_income_taxes_and_zakat / revenue
Saudi Basic Industries Corporation (SABIC),SA,2010,2024,,2024-12-31,as_of,calculated,price_to_book,consolidated,{},1.095706955279004086763440777,,ratio,https://www.sabic.com/en/Images/SABIC-Integrated-Annual-Report-2025-EN_tcm1010-49452.pdf,,,data\raw\SA\2010\documents\888b4c0373f7da9588dc393a44c8d5682c0f2206bdfc8185ad4d9a37bf8ba6aa.pdf,888b4c0373f7da9588dc393a44c8d5682c0f2206bdfc8185ad4d9a37bf8ba6aa,reported_year_end_market_cap / total_equity
Saudi Basic Industries Corporation (SABIC),SA,2010,2024,,2024-12-31,as_of,calculated,price_to_cash_flow,consolidated,{},12.28711803873633165095586443,,ratio,https://www.sabic.com/en/Images/SABIC-Integrated-Annual-Report-2025-EN_tcm1010-49452.pdf,,,data\raw\SA\2010\documents\888b4c0373f7da9588dc393a44c8d5682c0f2206bdfc8185ad4d9a37bf8ba6aa.pdf,888b4c0373f7da9588dc393a44c8d5682c0f2206bdfc8185ad4d9a37bf8ba6aa,reported_year_end_market_cap / operating_cash_flow
Saudi Basic Industries Corporation (SABIC),SA,2010,2024,,2024-12-31,as_of,calculated,price_to_earnings,consolidated,{},53.98676115692823386742624159,,ratio,https://www.sabic.com/en/Images/SABIC-Integrated-Annual-Report-2025-EN_tcm1010-49452.pdf,,,data\raw\SA\2010\documents\888b4c0373f7da9588dc393a44c8d5682c0f2206bdfc8185ad4d9a37bf8ba6aa.pdf,888b4c0373f7da9588dc393a44c8d5682c0f2206bdfc8185ad4d9a37bf8ba6aa,reported_year_end_market_cap / net_income
Saudi Basic Industries Corporation (SABIC),SA,2010,2024,,2024-12-31,as_of,calculated,price_to_free_cash_flow,consolidated,{},32.63852251741411318942180614,,ratio,https://www.sabic.com/en/Images/SABIC-Integrated-Annual-Report-2025-EN_tcm1010-49452.pdf,,,data\raw\SA\2010\documents\888b4c0373f7da9588dc393a44c8d5682c0f2206bdfc8185ad4d9a37bf8ba6aa.pdf,888b4c0373f7da9588dc393a44c8d5682c0f2206bdfc8185ad4d9a37bf8ba6aa,reported_year_end_market_cap / free_cash_flow
Saudi Basic Industries Corporation (SABIC),SA,2010,2024,,2024-12-31,as_of,calculated,price_to_sales,consolidated,{},1.707202215605336703933730249,,ratio,https://www.sabic.com/en/Images/SABIC-Integrated-Annual-Report-2025-EN_tcm1010-49452.pdf,,,data\raw\SA\2010\documents\888b4c0373f7da9588dc393a44c8d5682c0f2206bdfc8185ad4d9a37bf8ba6aa.pdf,888b4c0373f7da9588dc393a44c8d5682c0f2206bdfc8185ad4d9a37bf8ba6aa,reported_year_end_market_cap / revenue
Saudi Basic Industries Corporation (SABIC),SA,2010,2024,,2024-12-31,fy,financial,proceeds_asset_sales,consolidated,{},595767000,SAR,SAR,https://www.sabic.com/en/Images/SABIC-Integrated-Annual-Report-2025-EN_tcm1010-49452.pdf,137,Statement of cash flows - comparative,data\raw\SA\2010\documents\888b4c0373f7da9588dc393a44c8d5682c0f2206bdfc8185ad4d9a37bf8ba6aa.pdf,888b4c0373f7da9588dc393a44c8d5682c0f2206bdfc8185ad4d9a37bf8ba6aa,
Saudi Basic Industries Corporation (SABIC),SA,2010,2024,,2024-12-31,fy,operational,production_volume,segment,"{""basis"":""continuing_operations"",""segment"":""Chemicals""}",34.1,SAR,million_tonnes,https://www.sabic.com/en/Images/SABIC-Integrated-Annual-Report-2025-EN_tcm1010-49452.pdf,47,Operational footprint - continuing operations,data\raw\SA\2010\documents\888b4c0373f7da9588dc393a44c8d5682c0f2206bdfc8185ad4d9a37bf8ba6aa.pdf,888b4c0373f7da9588dc393a44c8d5682c0f2206bdfc8185ad4d9a37bf8ba6aa,
Saudi Basic Industries Corporation (SABIC),SA,2010,2024,,2024-12-31,fy,operational,production_volume,segment,"{""basis"":""continuing_operations"",""segment"":""Polymers""}",7.2,SAR,million_tonnes,https://www.sabic.com/en/Images/SABIC-Integrated-Annual-Report-2025-EN_tcm1010-49452.pdf,47,Operational footprint - continuing operations,data\raw\SA\2010\documents\888b4c0373f7da9588dc393a44c8d5682c0f2206bdfc8185ad4d9a37bf8ba6aa.pdf,888b4c0373f7da9588dc393a44c8d5682c0f2206bdfc8185ad4d9a37bf8ba6aa,
Saudi Basic Industries Corporation (SABIC),SA,2010,2024,,2024-12-31,fy,operational,production_volume,segment,"{""basis"":""continuing_operations"",""segment"":""Agri-Nutrients""}",8.4,SAR,million_tonnes,https://www.sabic.com/en/Images/SABIC-Integrated-Annual-Report-2025-EN_tcm1010-49452.pdf,47,Operational footprint - continuing operations,data\raw\SA\2010\documents\888b4c0373f7da9588dc393a44c8d5682c0f2206bdfc8185ad4d9a37bf8ba6aa.pdf,888b4c0373f7da9588dc393a44c8d5682c0f2206bdfc8185ad4d9a37bf8ba6aa,
Saudi Basic Industries Corporation (SABIC),SA,2010,2024,,2024-12-31,instant,financial,property_plant_equipment,consolidated,{},112580575000,SAR,SAR,https://www.sabic.com/en/Images/SABIC-Integrated-Annual-Report-2025-EN_tcm1010-49452.pdf,132,Statement of financial position - restated comparative,data\raw\SA\2010\documents\888b4c0373f7da9588dc393a44c8d5682c0f2206bdfc8185ad4d9a37bf8ba6aa.pdf,888b4c0373f7da9588dc393a44c8d5682c0f2206bdfc8185ad4d9a37bf8ba6aa,
Saudi Basic Industries Corporation (SABIC),SA,2010,2024,,2024-12-31,instant,financial,provisions,consolidated,{},1007813000,SAR,SAR,https://www.sabic.com/en/Images/SABIC-Integrated-Annual-Report-2025-EN_tcm1010-49452.pdf,132,Statement of financial position - restated comparative,data\raw\SA\2010\documents\888b4c0373f7da9588dc393a44c8d5682c0f2206bdfc8185ad4d9a37bf8ba6aa.pdf,888b4c0373f7da9588dc393a44c8d5682c0f2206bdfc8185ad4d9a37bf8ba6aa,
Saudi Basic Industries Corporation (SABIC),SA,2010,2024,,2024-12-31,instant,ratio,quick_ratio,consolidated,{},1.292345382528587553530873782,,ratio,https://www.sabic.com/en/Images/SABIC-Integrated-Annual-Report-2025-EN_tcm1010-49452.pdf,,,data\raw\SA\2010\documents\888b4c0373f7da9588dc393a44c8d5682c0f2206bdfc8185ad4d9a37bf8ba6aa.pdf,888b4c0373f7da9588dc393a44c8d5682c0f2206bdfc8185ad4d9a37bf8ba6aa,(cash + short_term_investments + accounts_receivable) / current_liabilities
Saudi Basic Industries Corporation (SABIC),SA,2010,2024,,2024-12-31,instant,ratio,receivables_to_revenue,consolidated,{},0.1736065229461737317602430349,,ratio,https://www.sabic.com/en/Images/SABIC-Integrated-Annual-Report-2025-EN_tcm1010-49452.pdf,,,data\raw\SA\2010\documents\888b4c0373f7da9588dc393a44c8d5682c0f2206bdfc8185ad4d9a37bf8ba6aa.pdf,888b4c0373f7da9588dc393a44c8d5682c0f2206bdfc8185ad4d9a37bf8ba6aa,accounts_receivable / revenue
Saudi Basic Industries Corporation (SABIC),SA,2010,2024,,2024-12-31,fy,financial,research_and_development_expense,consolidated,{},-1741214000,SAR,SAR,https://www.sabic.com/en/Images/SABIC-Integrated-Annual-Report-2025-EN_tcm1010-49452.pdf,133,Statement of income - comparative,data\raw\SA\2010\documents\888b4c0373f7da9588dc393a44c8d5682c0f2206bdfc8185ad4d9a37bf8ba6aa.pdf,888b4c0373f7da9588dc393a44c8d5682c0f2206bdfc8185ad4d9a37bf8ba6aa,
Saudi Basic Industries Corporation (SABIC),SA,2010,2024,,2024-12-31,fy,calculated,research_development_to_revenue,consolidated,{},-0.01478907661016433205772769245,,ratio,https://www.sabic.com/en/Images/SABIC-Integrated-Annual-Report-2025-EN_tcm1010-49452.pdf,,,data\raw\SA\2010\documents\888b4c0373f7da9588dc393a44c8d5682c0f2206bdfc8185ad4d9a37bf8ba6aa.pdf,888b4c0373f7da9588dc393a44c8d5682c0f2206bdfc8185ad4d9a37bf8ba6aa,research_and_development_expense / revenue
Saudi Basic Industries Corporation (SABIC),SA,2010,2024,,2024-12-31,instant,financial,retained_earnings,consolidated,{},19581626000,SAR,SAR,https://www.sabic.com/en/Images/SABIC-Integrated-Annual-Report-2025-EN_tcm1010-49452.pdf,132,Statement of financial position - restated comparative,data\raw\SA\2010\documents\888b4c0373f7da9588dc393a44c8d5682c0f2206bdfc8185ad4d9a37bf8ba6aa.pdf,888b4c0373f7da9588dc393a44c8d5682c0f2206bdfc8185ad4d9a37bf8ba6aa,
Saudi Basic Industries Corporation (SABIC),SA,2010,2024,,2024-12-31,instant,financial,retained_earnings_per_share,consolidated,{},6.527208666666666666666666667,SAR,SAR/share,https://www.sabic.com/en/Images/SABIC-Integrated-Annual-Report-2025-EN_tcm1010-49452.pdf,,,data\raw\SA\2010\documents\888b4c0373f7da9588dc393a44c8d5682c0f2206bdfc8185ad4d9a37bf8ba6aa.pdf,888b4c0373f7da9588dc393a44c8d5682c0f2206bdfc8185ad4d9a37bf8ba6aa,retained_earnings / shares_outstanding
Saudi Basic Industries Corporation (SABIC),SA,2010,2024,,2024-12-31,fy,ratio,return_on_assets,consolidated,{},0.01301968800765664179522587241,,ratio,https://www.sabic.com/en/Images/SABIC-Integrated-Annual-Report-2025-EN_tcm1010-49452.pdf,,,data\raw\SA\2010\documents\888b4c0373f7da9588dc393a44c8d5682c0f2206bdfc8185ad4d9a37bf8ba6aa.pdf,888b4c0373f7da9588dc393a44c8d5682c0f2206bdfc8185ad4d9a37bf8ba6aa,net_income / average(total_assets)
Saudi Basic Industries Corporation (SABIC),SA,2010,2024,,2024-12-31,fy,ratio,return_on_equity,consolidated,{},0.01966150957492547017365392043,,ratio,https://www.sabic.com/en/Images/SABIC-Integrated-Annual-Report-2025-EN_tcm1010-49452.pdf,,,data\raw\SA\2010\documents\888b4c0373f7da9588dc393a44c8d5682c0f2206bdfc8185ad4d9a37bf8ba6aa.pdf,888b4c0373f7da9588dc393a44c8d5682c0f2206bdfc8185ad4d9a37bf8ba6aa,net_income / average(total_equity)
Saudi Basic Industries Corporation (SABIC),SA,2010,2024,,2024-12-31,fy,calculated,return_on_tangible_equity,consolidated,{},0.02070815218853148360415440195,,ratio,https://www.sabic.com/en/Images/SABIC-Integrated-Annual-Report-2025-EN_tcm1010-49452.pdf,,,data\raw\SA\2010\documents\888b4c0373f7da9588dc393a44c8d5682c0f2206bdfc8185ad4d9a37bf8ba6aa.pdf,888b4c0373f7da9588dc393a44c8d5682c0f2206bdfc8185ad4d9a37bf8ba6aa,net_income / average(total_equity - intangible_assets)
Saudi Basic Industries Corporation (SABIC),SA,2010,2024,,2024-12-31,fy,financial,الإيرادات,consolidated,{},117736492000,SAR,SAR,https://www.sabic.com/en/Images/SABIC-Integrated-Annual-Report-2025-EN_tcm1010-49452.pdf,133,Statement of income - comparative,data\raw\SA\2010\documents\888b4c0373f7da9588dc393a44c8d5682c0f2206bdfc8185ad4d9a37bf8ba6aa.pdf,888b4c0373f7da9588dc393a44c8d5682c0f2206bdfc8185ad4d9a37bf8ba6aa,
Saudi Basic Industries Corporation (SABIC),SA,2010,2024,,2024-12-31,fy,financial,revenue_by_geography,consolidated,"{""geography"":""Rest of Asia""}",30608426000,SAR,SAR,https://www.sabic.com/en/Images/SABIC-Integrated-Annual-Report-2025-EN_tcm1010-49452.pdf,208,Geographical information,data\raw\SA\2010\documents\888b4c0373f7da9588dc393a44c8d5682c0f2206bdfc8185ad4d9a37bf8ba6aa.pdf,888b4c0373f7da9588dc393a44c8d5682c0f2206bdfc8185ad4d9a37bf8ba6aa,
Saudi Basic Industries Corporation (SABIC),SA,2010,2024,,2024-12-31,fy,financial,revenue_by_geography,consolidated,"{""geography"":""China""}",24558306000,SAR,SAR,https://www.sabic.com/en/Images/SABIC-Integrated-Annual-Report-2025-EN_tcm1010-49452.pdf,208,Geographical information,data\raw\SA\2010\documents\888b4c0373f7da9588dc393a44c8d5682c0f2206bdfc8185ad4d9a37bf8ba6aa.pdf,888b4c0373f7da9588dc393a44c8d5682c0f2206bdfc8185ad4d9a37bf8ba6aa,
Saudi Basic Industries Corporation (SABIC),SA,2010,2024,,2024-12-31,fy,financial,revenue_by_geography,consolidated,"{""geography"":""Saudi Arabia""}",18573597000,SAR,SAR,https://www.sabic.com/en/Images/SABIC-Integrated-Annual-Report-2025-EN_tcm1010-49452.pdf,208,Geographical information,data\raw\SA\2010\documents\888b4c0373f7da9588dc393a44c8d5682c0f2206bdfc8185ad4d9a37bf8ba6aa.pdf,888b4c0373f7da9588dc393a44c8d5682c0f2206bdfc8185ad4d9a37bf8ba6aa,
Saudi Basic Industries Corporation (SABIC),SA,2010,2024,,2024-12-31,fy,financial,revenue_by_geography,consolidated,"{""geography"":""Americas""}",13693820000,SAR,SAR,https://www.sabic.com/en/Images/SABIC-Integrated-Annual-Report-2025-EN_tcm1010-49452.pdf,208,Geographical information,data\raw\SA\2010\documents\888b4c0373f7da9588dc393a44c8d5682c0f2206bdfc8185ad4d9a37bf8ba6aa.pdf,888b4c0373f7da9588dc393a44c8d5682c0f2206bdfc8185ad4d9a37bf8ba6aa,
Saudi Basic Industries Corporation (SABIC),SA,2010,2024,,2024-12-31,fy,financial,revenue_by_geography,consolidated,"{""geography"":""Europe""}",10571464000,SAR,SAR,https://www.sabic.com/en/Images/SABIC-Integrated-Annual-Report-2025-EN_tcm1010-49452.pdf,208,Geographical information,data\raw\SA\2010\documents\888b4c0373f7da9588dc393a44c8d5682c0f2206bdfc8185ad4d9a37bf8ba6aa.pdf,888b4c0373f7da9588dc393a44c8d5682c0f2206bdfc8185ad4d9a37bf8ba6aa,
Saudi Basic Industries Corporation (SABIC),SA,2010,2024,,2024-12-31,fy,financial,revenue_by_geography,consolidated,"{""geography"":""Africa""}",9081178000,SAR,SAR,https://www.sabic.com/en/Images/SABIC-Integrated-Annual-Report-2025-EN_tcm1010-49452.pdf,208,Geographical information,data\raw\SA\2010\documents\888b4c0373f7da9588dc393a44c8d5682c0f2206bdfc8185ad4d9a37bf8ba6aa.pdf,888b4c0373f7da9588dc393a44c8d5682c0f2206bdfc8185ad4d9a37bf8ba6aa,
Saudi Basic Industries Corporation (SABIC),SA,2010,2024,,2024-12-31,fy,financial,revenue_by_geography,consolidated,"{""geography"":""Others""}",10649701000,SAR,SAR,https://www.sabic.com/en/Images/SABIC-Integrated-Annual-Report-2025-EN_tcm1010-49452.pdf,208,Geographical information,data\raw\SA\2010\documents\888b4c0373f7da9588dc393a44c8d5682c0f2206bdfc8185ad4d9a37bf8ba6aa.pdf,888b4c0373f7da9588dc393a44c8d5682c0f2206bdfc8185ad4d9a37bf8ba6aa,
Saudi Basic Industries Corporation (SABIC),SA,2010,2024,,2024-12-31,fy,calculated,revenue_cagr_3y,consolidated,{},-0.1235570559181002701211585423,,ratio,https://www.sabic.com/en/Images/SABIC-Integrated-Annual-Report-2025-EN_tcm1010-49452.pdf,,,data\raw\SA\2010\documents\888b4c0373f7da9588dc393a44c8d5682c0f2206bdfc8185ad4d9a37bf8ba6aa.pdf,888b4c0373f7da9588dc393a44c8d5682c0f2206bdfc8185ad4d9a37bf8ba6aa,(revenue / prior_3y(revenue)) ^ (1/3) - 1
Saudi Basic Industries Corporation (SABIC),SA,2010,2024,,2024-12-31,fy,calculated,revenue_growth,consolidated,{},-0.1681751307051010315105270595,,ratio,https://www.sabic.com/en/Images/SABIC-Integrated-Annual-Report-2025-EN_tcm1010-49452.pdf,,,data\raw\SA\2010\documents\888b4c0373f7da9588dc393a44c8d5682c0f2206bdfc8185ad4d9a37bf8ba6aa.pdf,888b4c0373f7da9588dc393a44c8d5682c0f2206bdfc8185ad4d9a37bf8ba6aa,revenue / prior_fy(revenue) - 1
Saudi Basic Industries Corporation (SABIC),SA,2010,2024,,2024-12-31,instant,financial,right_of_use_assets,consolidated,{},4835543000,SAR,SAR,https://www.sabic.com/en/Images/SABIC-Integrated-Annual-Report-2025-EN_tcm1010-49452.pdf,132,Statement of financial position - restated comparative,data\raw\SA\2010\documents\888b4c0373f7da9588dc393a44c8d5682c0f2206bdfc8185ad4d9a37bf8ba6aa.pdf,888b4c0373f7da9588dc393a44c8d5682c0f2206bdfc8185ad4d9a37bf8ba6aa,
Saudi Basic Industries Corporation (SABIC),SA,2010,2024,,2024-12-31,fy,operational,sales_volume,segment,"{""basis"":""continuing_operations"",""segment"":""Chemicals""}",21.9,SAR,million_tonnes,https://www.sabic.com/en/Images/SABIC-Integrated-Annual-Report-2025-EN_tcm1010-49452.pdf,47,Operational footprint - continuing operations,data\raw\SA\2010\documents\888b4c0373f7da9588dc393a44c8d5682c0f2206bdfc8185ad4d9a37bf8ba6aa.pdf,888b4c0373f7da9588dc393a44c8d5682c0f2206bdfc8185ad4d9a37bf8ba6aa,
Saudi Basic Industries Corporation (SABIC),SA,2010,2024,,2024-12-31,fy,operational,sales_volume,segment,"{""basis"":""continuing_operations"",""segment"":""Polymers""}",12.9,SAR,million_tonnes,https://www.sabic.com/en/Images/SABIC-Integrated-Annual-Report-2025-EN_tcm1010-49452.pdf,47,Operational footprint - continuing operations,data\raw\SA\2010\documents\888b4c0373f7da9588dc393a44c8d5682c0f2206bdfc8185ad4d9a37bf8ba6aa.pdf,888b4c0373f7da9588dc393a44c8d5682c0f2206bdfc8185ad4d9a37bf8ba6aa,
Saudi Basic Industries Corporation (SABIC),SA,2010,2024,,2024-12-31,fy,operational,sales_volume,segment,"{""basis"":""continuing_operations"",""segment"":""Agri-Nutrients""}",7.1,SAR,million_tonnes,https://www.sabic.com/en/Images/SABIC-Integrated-Annual-Report-2025-EN_tcm1010-49452.pdf,47,Operational footprint - continuing operations,data\raw\SA\2010\documents\888b4c0373f7da9588dc393a44c8d5682c0f2206bdfc8185ad4d9a37bf8ba6aa.pdf,888b4c0373f7da9588dc393a44c8d5682c0f2206bdfc8185ad4d9a37bf8ba6aa,
Saudi Basic Industries Corporation (SABIC),SA,2010,2024,,2024-12-31,fy,operational,scope_1_2_emissions,consolidated,{},43.0,SAR,million_tCO2e,https://www.sabic.com/en/Images/SABIC-Integrated-Annual-Report-2025-EN_tcm1010-49452.pdf,232,Sustainability performance summary,data\raw\SA\2010\documents\888b4c0373f7da9588dc393a44c8d5682c0f2206bdfc8185ad4d9a37bf8ba6aa.pdf,888b4c0373f7da9588dc393a44c8d5682c0f2206bdfc8185ad4d9a37bf8ba6aa,
Saudi Basic Industries Corporation (SABIC),SA,2010,2024,,2024-12-31,fy,financial,selling_and_distribution_expense,consolidated,{},-6417287000,SAR,SAR,https://www.sabic.com/en/Images/SABIC-Integrated-Annual-Report-2025-EN_tcm1010-49452.pdf,133,Statement of income - comparative,data\raw\SA\2010\documents\888b4c0373f7da9588dc393a44c8d5682c0f2206bdfc8185ad4d9a37bf8ba6aa.pdf,888b4c0373f7da9588dc393a44c8d5682c0f2206bdfc8185ad4d9a37bf8ba6aa,
Saudi Basic Industries Corporation (SABIC),SA,2010,2024,,2024-12-31,instant,financial,share_capital,consolidated,{},30000000000,SAR,SAR,https://www.sabic.com/en/Images/SABIC-Integrated-Annual-Report-2025-EN_tcm1010-49452.pdf,132,Statement of financial position - restated comparative,data\raw\SA\2010\documents\888b4c0373f7da9588dc393a44c8d5682c0f2206bdfc8185ad4d9a37bf8ba6aa.pdf,888b4c0373f7da9588dc393a44c8d5682c0f2206bdfc8185ad4d9a37bf8ba6aa,
Saudi Basic Industries Corporation (SABIC),SA,2010,2024,,2024-12-31,instant,financial,shares_outstanding,consolidated,{},3000000000,SAR,shares,https://www.sabic.com/en/Images/SABIC-Integrated-Annual-Report-2025-EN_tcm1010-49452.pdf,19,Five-year overview and dividend,data\raw\SA\2010\documents\888b4c0373f7da9588dc393a44c8d5682c0f2206bdfc8185ad4d9a37bf8ba6aa.pdf,888b4c0373f7da9588dc393a44c8d5682c0f2206bdfc8185ad4d9a37bf8ba6aa,
Saudi Basic Industries Corporation (SABIC),SA,2010,2024,,2024-12-31,instant,financial,short_term_investments,consolidated,{},7668807000,SAR,SAR,https://www.sabic.com/en/Images/SABIC-Integrated-Annual-Report-2025-EN_tcm1010-49452.pdf,132,Statement of financial position - restated comparative,data\raw\SA\2010\documents\888b4c0373f7da9588dc393a44c8d5682c0f2206bdfc8185ad4d9a37bf8ba6aa.pdf,888b4c0373f7da9588dc393a44c8d5682c0f2206bdfc8185ad4d9a37bf8ba6aa,
Saudi Basic Industries Corporation (SABIC),SA,2010,2024,,2024-12-31,fy,financial,short_term_investments_net,consolidated,{},2160060000,SAR,SAR,https://www.sabic.com/en/Images/SABIC-Integrated-Annual-Report-2025-EN_tcm1010-49452.pdf,137,Statement of cash flows - comparative,data\raw\SA\2010\documents\888b4c0373f7da9588dc393a44c8d5682c0f2206bdfc8185ad4d9a37bf8ba6aa.pdf,888b4c0373f7da9588dc393a44c8d5682c0f2206bdfc8185ad4d9a37bf8ba6aa,
Saudi Basic Industries Corporation (SABIC),SA,2010,2024,,2024-12-31,instant,financial,tangible_book_value,consolidated,{},164301576000,SAR,SAR,https://www.sabic.com/en/Images/SABIC-Integrated-Annual-Report-2025-EN_tcm1010-49452.pdf,,,data\raw\SA\2010\documents\888b4c0373f7da9588dc393a44c8d5682c0f2206bdfc8185ad4d9a37bf8ba6aa.pdf,888b4c0373f7da9588dc393a44c8d5682c0f2206bdfc8185ad4d9a37bf8ba6aa,total_equity - intangible_assets
Saudi Basic Industries Corporation (SABIC),SA,2010,2024,,2024-12-31,instant,financial,tangible_book_value_per_share,consolidated,{},54.767192,SAR,SAR/share,https://www.sabic.com/en/Images/SABIC-Integrated-Annual-Report-2025-EN_tcm1010-49452.pdf,,,data\raw\SA\2010\documents\888b4c0373f7da9588dc393a44c8d5682c0f2206bdfc8185ad4d9a37bf8ba6aa.pdf,888b4c0373f7da9588dc393a44c8d5682c0f2206bdfc8185ad4d9a37bf8ba6aa,(total_equity - intangible_assets) / shares_outstanding
Saudi Basic Industries Corporation (SABIC),SA,2010,2024,,2024-12-31,instant,financial,tax_payable,consolidated,{},587075000,SAR,SAR,https://www.sabic.com/en/Images/SABIC-Integrated-Annual-Report-2025-EN_tcm1010-49452.pdf,132,Statement of financial position - restated comparative,data\raw\SA\2010\documents\888b4c0373f7da9588dc393a44c8d5682c0f2206bdfc8185ad4d9a37bf8ba6aa.pdf,888b4c0373f7da9588dc393a44c8d5682c0f2206bdfc8185ad4d9a37bf8ba6aa,
Saudi Basic Industries Corporation (SABIC),SA,2010,2024,,2024-12-31,fy,financial,taxes_paid,consolidated,{},-2318001000,SAR,SAR,https://www.sabic.com/en/Images/SABIC-Integrated-Annual-Report-2025-EN_tcm1010-49452.pdf,136,Statement of cash flows - comparative,data\raw\SA\2010\documents\888b4c0373f7da9588dc393a44c8d5682c0f2206bdfc8185ad4d9a37bf8ba6aa.pdf,888b4c0373f7da9588dc393a44c8d5682c0f2206bdfc8185ad4d9a37bf8ba6aa,
Saudi Basic Industries Corporation (SABIC),SA,2010,2024,,2024-12-31,fy,operational,tier_1_process_safety_events,consolidated,{},6,SAR,count,https://www.sabic.com/en/Images/SABIC-Integrated-Annual-Report-2025-EN_tcm1010-49452.pdf,232,Sustainability performance summary,data\raw\SA\2010\documents\888b4c0373f7da9588dc393a44c8d5682c0f2206bdfc8185ad4d9a37bf8ba6aa.pdf,888b4c0373f7da9588dc393a44c8d5682c0f2206bdfc8185ad4d9a37bf8ba6aa,
Saudi Basic Industries Corporation (SABIC),SA,2010,2024,,2024-12-31,fy,operational,tier_1_process_safety_events_rate,consolidated,{},0.008,SAR,incidents/200k_hours,https://www.sabic.com/en/Images/SABIC-Integrated-Annual-Report-2025-EN_tcm1010-49452.pdf,232,Sustainability performance summary,data\raw\SA\2010\documents\888b4c0373f7da9588dc393a44c8d5682c0f2206bdfc8185ad4d9a37bf8ba6aa.pdf,888b4c0373f7da9588dc393a44c8d5682c0f2206bdfc8185ad4d9a37bf8ba6aa,
Saudi Basic Industries Corporation (SABIC),SA,2010,2024,,2024-12-31,instant,financial,إجمالي الأصول,consolidated,{},277543843000,SAR,SAR,https://www.sabic.com/en/Images/SABIC-Integrated-Annual-Report-2025-EN_tcm1010-49452.pdf,132,Statement of financial position - restated comparative,data\raw\SA\2010\documents\888b4c0373f7da9588dc393a44c8d5682c0f2206bdfc8185ad4d9a37bf8ba6aa.pdf,888b4c0373f7da9588dc393a44c8d5682c0f2206bdfc8185ad4d9a37bf8ba6aa,
Saudi Basic Industries Corporation (SABIC),SA,2010,2024,,2024-12-31,instant,ratio,total_debt_to_capital,consolidated,{},0.1416344137524793681304493347,,ratio,https://www.sabic.com/en/Images/SABIC-Integrated-Annual-Report-2025-EN_tcm1010-49452.pdf,,,data\raw\SA\2010\documents\888b4c0373f7da9588dc393a44c8d5682c0f2206bdfc8185ad4d9a37bf8ba6aa.pdf,888b4c0373f7da9588dc393a44c8d5682c0f2206bdfc8185ad4d9a37bf8ba6aa,total_debt / (total_debt + total_equity)
Saudi Basic Industries Corporation (SABIC),SA,2010,2024,,2024-12-31,instant,financial,حقوق الملكية,consolidated,{},183443209000,SAR,SAR,https://www.sabic.com/en/Images/SABIC-Integrated-Annual-Report-2025-EN_tcm1010-49452.pdf,132,Statement of financial position - restated comparative,data\raw\SA\2010\documents\888b4c0373f7da9588dc393a44c8d5682c0f2206bdfc8185ad4d9a37bf8ba6aa.pdf,888b4c0373f7da9588dc393a44c8d5682c0f2206bdfc8185ad4d9a37bf8ba6aa,
Saudi Basic Industries Corporation (SABIC),SA,2010,2024,,2024-12-31,instant,financial,إجمالي الالتزامات,consolidated,{},94100634000,SAR,SAR,https://www.sabic.com/en/Images/SABIC-Integrated-Annual-Report-2025-EN_tcm1010-49452.pdf,132,Statement of financial position - restated comparative,data\raw\SA\2010\documents\888b4c0373f7da9588dc393a44c8d5682c0f2206bdfc8185ad4d9a37bf8ba6aa.pdf,888b4c0373f7da9588dc393a44c8d5682c0f2206bdfc8185ad4d9a37bf8ba6aa,
Saudi Basic Industries Corporation (SABIC),SA,2010,2024,,2024-12-31,instant,financial,total_liabilities_equity,consolidated,{},277543843000,SAR,SAR,https://www.sabic.com/en/Images/SABIC-Integrated-Annual-Report-2025-EN_tcm1010-49452.pdf,132,Statement of financial position - restated comparative,data\raw\SA\2010\documents\888b4c0373f7da9588dc393a44c8d5682c0f2206bdfc8185ad4d9a37bf8ba6aa.pdf,888b4c0373f7da9588dc393a44c8d5682c0f2206bdfc8185ad4d9a37bf8ba6aa,
Saudi Basic Industries Corporation (SABIC),SA,2010,2024,,2024-12-31,fy,operational,water_intensity,consolidated,{},2.56,SAR,m3/tonne,https://www.sabic.com/en/Images/SABIC-Integrated-Annual-Report-2025-EN_tcm1010-49452.pdf,231,Sustainability performance summary,data\raw\SA\2010\documents\888b4c0373f7da9588dc393a44c8d5682c0f2206bdfc8185ad4d9a37bf8ba6aa.pdf,888b4c0373f7da9588dc393a44c8d5682c0f2206bdfc8185ad4d9a37bf8ba6aa,
Saudi Basic Industries Corporation (SABIC),SA,2010,2024,,2024-12-31,fy,operational,women_workforce_share,consolidated,{},0.09,SAR,ratio,https://www.sabic.com/en/Images/SABIC-Integrated-Annual-Report-2025-EN_tcm1010-49452.pdf,233,Sustainability performance summary,data\raw\SA\2010\documents\888b4c0373f7da9588dc393a44c8d5682c0f2206bdfc8185ad4d9a37bf8ba6aa.pdf,888b4c0373f7da9588dc393a44c8d5682c0f2206bdfc8185ad4d9a37bf8ba6aa,
Saudi Basic Industries Corporation (SABIC),SA,2010,2024,,2024-12-31,instant,financial,working_capital,consolidated,{},46002578000,SAR,SAR,https://www.sabic.com/en/Images/SABIC-Integrated-Annual-Report-2025-EN_tcm1010-49452.pdf,,,data\raw\SA\2010\documents\888b4c0373f7da9588dc393a44c8d5682c0f2206bdfc8185ad4d9a37bf8ba6aa.pdf,888b4c0373f7da9588dc393a44c8d5682c0f2206bdfc8185ad4d9a37bf8ba6aa,current_assets - current_liabilities
Saudi Basic Industries Corporation (SABIC),SA,2010,2024,,2024-12-31,instant,financial,zakat_payable,consolidated,{},118339000,SAR,SAR,https://www.sabic.com/en/Images/SABIC-Integrated-Annual-Report-2025-EN_tcm1010-49452.pdf,132,Statement of financial position - restated comparative,data\raw\SA\2010\documents\888b4c0373f7da9588dc393a44c8d5682c0f2206bdfc8185ad4d9a37bf8ba6aa.pdf,888b4c0373f7da9588dc393a44c8d5682c0f2206bdfc8185ad4d9a37bf8ba6aa,
Saudi Basic Industries Corporation (SABIC),SA,2010,2023,,2023-12-31,fy,operational,active_suppliers_count,consolidated,{},33591,SAR,count,https://www.sabic.com/en/Images/SABIC-Integrated-Annual-Report-2025-EN_tcm1010-49452.pdf,233,Sustainability performance summary,data\raw\SA\2010\documents\888b4c0373f7da9588dc393a44c8d5682c0f2206bdfc8185ad4d9a37bf8ba6aa.pdf,888b4c0373f7da9588dc393a44c8d5682c0f2206bdfc8185ad4d9a37bf8ba6aa,
Saudi Basic Industries Corporation (SABIC),SA,2010,2023,,2023-12-31,instant,calculated,asset_growth,consolidated,{},-0.0598192328574622337197789914,,ratio,https://www.sabic.com/en/Images/SABIC-Integrated-Annual-Report-2025-EN_tcm1010-49452.pdf,,,data\raw\SA\2010\documents\888b4c0373f7da9588dc393a44c8d5682c0f2206bdfc8185ad4d9a37bf8ba6aa.pdf,888b4c0373f7da9588dc393a44c8d5682c0f2206bdfc8185ad4d9a37bf8ba6aa,total_assets / prior_fy(total_assets) - 1
Saudi Basic Industries Corporation (SABIC),SA,2010,2023,,2023-12-31,fy,ratio,asset_turnover,consolidated,{},0.4659829791436896080593919241,,ratio,https://www.sabic.com/en/Images/SABIC-Integrated-Annual-Report-2025-EN_tcm1010-49452.pdf,,,data\raw\SA\2010\documents\888b4c0373f7da9588dc393a44c8d5682c0f2206bdfc8185ad4d9a37bf8ba6aa.pdf,888b4c0373f7da9588dc393a44c8d5682c0f2206bdfc8185ad4d9a37bf8ba6aa,revenue / average(total_assets)
Saudi Basic Industries Corporation (SABIC),SA,2010,2023,,2023-12-31,instant,financial,assets_held_for_sale,consolidated,{},15420000000.00,SAR,SAR,https://www.sabic.com/en/Images/SABIC-Integrated-Annual-Report-2025-EN_tcm1010-49452.pdf,41,Summarized consolidated statement of financial position,data\raw\SA\2010\documents\888b4c0373f7da9588dc393a44c8d5682c0f2206bdfc8185ad4d9a37bf8ba6aa.pdf,888b4c0373f7da9588dc393a44c8d5682c0f2206bdfc8185ad4d9a37bf8ba6aa,
Saudi Basic Industries Corporation (SABIC),SA,2010,2023,,2023-12-31,instant,financial,book_value_per_share,consolidated,{},65.09333333333333333333333333,SAR,SAR/share,https://www.sabic.com/en/Images/SABIC-Integrated-Annual-Report-2025-EN_tcm1010-49452.pdf,,,data\raw\SA\2010\documents\888b4c0373f7da9588dc393a44c8d5682c0f2206bdfc8185ad4d9a37bf8ba6aa.pdf,888b4c0373f7da9588dc393a44c8d5682c0f2206bdfc8185ad4d9a37bf8ba6aa,total_equity / shares_outstanding
Saudi Basic Industries Corporation (SABIC),SA,2010,2023,,2023-12-31,fy,financial,النفقات الرأسمالية,consolidated,{},10490000000.00,SAR,SAR,https://www.sabic.com/en/Images/SABIC-Integrated-Annual-Report-2025-EN_tcm1010-49452.pdf,42,Summarized consolidated cash flows,data\raw\SA\2010\documents\888b4c0373f7da9588dc393a44c8d5682c0f2206bdfc8185ad4d9a37bf8ba6aa.pdf,888b4c0373f7da9588dc393a44c8d5682c0f2206bdfc8185ad4d9a37bf8ba6aa,
Saudi Basic Industries Corporation (SABIC),SA,2010,2023,,2023-12-31,fy,ratio,capex_to_cfo,consolidated,{},0.4290388548057259713701431493,,ratio,https://www.sabic.com/en/Images/SABIC-Integrated-Annual-Report-2025-EN_tcm1010-49452.pdf,,,data\raw\SA\2010\documents\888b4c0373f7da9588dc393a44c8d5682c0f2206bdfc8185ad4d9a37bf8ba6aa.pdf,888b4c0373f7da9588dc393a44c8d5682c0f2206bdfc8185ad4d9a37bf8ba6aa,abs(capex) / operating_cash_flow
Saudi Basic Industries Corporation (SABIC),SA,2010,2023,,2023-12-31,fy,ratio,capex_to_revenue,consolidated,{},0.07411332485516461777589374029,,ratio,https://www.sabic.com/en/Images/SABIC-Integrated-Annual-Report-2025-EN_tcm1010-49452.pdf,,,data\raw\SA\2010\documents\888b4c0373f7da9588dc393a44c8d5682c0f2206bdfc8185ad4d9a37bf8ba6aa.pdf,888b4c0373f7da9588dc393a44c8d5682c0f2206bdfc8185ad4d9a37bf8ba6aa,abs(capex) / revenue
Saudi Basic Industries Corporation (SABIC),SA,2010,2023,,2023-12-31,instant,financial,النقد وما في حكمه,consolidated,{},33800000000.00,SAR,SAR,https://www.sabic.com/en/Images/SABIC-Integrated-Annual-Report-2025-EN_tcm1010-49452.pdf,42,Summarized consolidated cash flows,data\raw\SA\2010\documents\888b4c0373f7da9588dc393a44c8d5682c0f2206bdfc8185ad4d9a37bf8ba6aa.pdf,888b4c0373f7da9588dc393a44c8d5682c0f2206bdfc8185ad4d9a37bf8ba6aa,
Saudi Basic Industries Corporation (SABIC),SA,2010,2023,,2023-12-31,fy,financial,cash_change,consolidated,{},-6220000000.00,SAR,SAR,https://www.sabic.com/en/Images/SABIC-Integrated-Annual-Report-2025-EN_tcm1010-49452.pdf,42,Summarized consolidated cash flows,data\raw\SA\2010\documents\888b4c0373f7da9588dc393a44c8d5682c0f2206bdfc8185ad4d9a37bf8ba6aa.pdf,888b4c0373f7da9588dc393a44c8d5682c0f2206bdfc8185ad4d9a37bf8ba6aa,
Saudi Basic Industries Corporation (SABIC),SA,2010,2023,,2023-12-31,fy,financial,cash_end,consolidated,{},33800000000.00,SAR,SAR,https://www.sabic.com/en/Images/SABIC-Integrated-Annual-Report-2025-EN_tcm1010-49452.pdf,42,Summarized consolidated cash flows,data\raw\SA\2010\documents\888b4c0373f7da9588dc393a44c8d5682c0f2206bdfc8185ad4d9a37bf8ba6aa.pdf,888b4c0373f7da9588dc393a44c8d5682c0f2206bdfc8185ad4d9a37bf8ba6aa,
Saudi Basic Industries Corporation (SABIC),SA,2010,2023,,2023-12-31,fy,ratio,cash_return_on_assets,consolidated,{},0.08049515218357503827223493391,,ratio,https://www.sabic.com/en/Images/SABIC-Integrated-Annual-Report-2025-EN_tcm1010-49452.pdf,,,data\raw\SA\2010\documents\888b4c0373f7da9588dc393a44c8d5682c0f2206bdfc8185ad4d9a37bf8ba6aa.pdf,888b4c0373f7da9588dc393a44c8d5682c0f2206bdfc8185ad4d9a37bf8ba6aa,operating_cash_flow / average(total_assets)
Saudi Basic Industries Corporation (SABIC),SA,2010,2023,,2023-12-31,fy,ratio,cash_return_on_equity,consolidated,{},0.1184306127391620247033179947,,ratio,https://www.sabic.com/en/Images/SABIC-Integrated-Annual-Report-2025-EN_tcm1010-49452.pdf,,,data\raw\SA\2010\documents\888b4c0373f7da9588dc393a44c8d5682c0f2206bdfc8185ad4d9a37bf8ba6aa.pdf,888b4c0373f7da9588dc393a44c8d5682c0f2206bdfc8185ad4d9a37bf8ba6aa,operating_cash_flow / average(total_equity)
Saudi Basic Industries Corporation (SABIC),SA,2010,2023,,2023-12-31,fy,ratio,cfo_margin,consolidated,{},0.1727426875794828317083509962,,ratio,https://www.sabic.com/en/Images/SABIC-Integrated-Annual-Report-2025-EN_tcm1010-49452.pdf,,,data\raw\SA\2010\documents\888b4c0373f7da9588dc393a44c8d5682c0f2206bdfc8185ad4d9a37bf8ba6aa.pdf,888b4c0373f7da9588dc393a44c8d5682c0f2206bdfc8185ad4d9a37bf8ba6aa,operating_cash_flow / revenue
Saudi Basic Industries Corporation (SABIC),SA,2010,2023,,2023-12-31,fy,calculated,cfo_yield,consolidated,{},0.09760479041916167664670658683,,ratio,https://www.sabic.com/en/Images/SABIC-Integrated-Annual-Report-2025-EN_tcm1010-49452.pdf,,,data\raw\SA\2010\documents\888b4c0373f7da9588dc393a44c8d5682c0f2206bdfc8185ad4d9a37bf8ba6aa.pdf,888b4c0373f7da9588dc393a44c8d5682c0f2206bdfc8185ad4d9a37bf8ba6aa,operating_cash_flow / reported_year_end_market_cap
Saudi Basic Industries Corporation (SABIC),SA,2010,2023,,2023-12-31,fy,operational,co2_utilization,consolidated,{},3.8,SAR,million_tonnes,https://www.sabic.com/en/Images/SABIC-Integrated-Annual-Report-2025-EN_tcm1010-49452.pdf,231,Sustainability performance summary,data\raw\SA\2010\documents\888b4c0373f7da9588dc393a44c8d5682c0f2206bdfc8185ad4d9a37bf8ba6aa.pdf,888b4c0373f7da9588dc393a44c8d5682c0f2206bdfc8185ad4d9a37bf8ba6aa,
Saudi Basic Industries Corporation (SABIC),SA,2010,2023,,2023-12-31,fy,financial,discontinued_operations_income,consolidated,{},-4080000000.00,SAR,SAR,https://www.sabic.com/en/Images/SABIC-Integrated-Annual-Report-2025-EN_tcm1010-49452.pdf,40,Summarized consolidated statement of income,data\raw\SA\2010\documents\888b4c0373f7da9588dc393a44c8d5682c0f2206bdfc8185ad4d9a37bf8ba6aa.pdf,888b4c0373f7da9588dc393a44c8d5682c0f2206bdfc8185ad4d9a37bf8ba6aa,
Saudi Basic Industries Corporation (SABIC),SA,2010,2023,,2023-12-31,fy,calculated,dividend_per_share_growth,consolidated,{},-0.2,,ratio,https://www.sabic.com/en/Images/SABIC-Integrated-Annual-Report-2025-EN_tcm1010-49452.pdf,,,data\raw\SA\2010\documents\888b4c0373f7da9588dc393a44c8d5682c0f2206bdfc8185ad4d9a37bf8ba6aa.pdf,888b4c0373f7da9588dc393a44c8d5682c0f2206bdfc8185ad4d9a37bf8ba6aa,dividends_per_share / prior_fy(dividends_per_share) - 1
Saudi Basic Industries Corporation (SABIC),SA,2010,2023,,2023-12-31,fy,financial,التوزيعات لكل سهم,consolidated,{},3.4,SAR,SAR/share,https://www.sabic.com/en/Images/SABIC-Integrated-Annual-Report-2025-EN_tcm1010-49452.pdf,19,Five-year overview and dividend,data\raw\SA\2010\documents\888b4c0373f7da9588dc393a44c8d5682c0f2206bdfc8185ad4d9a37bf8ba6aa.pdf,888b4c0373f7da9588dc393a44c8d5682c0f2206bdfc8185ad4d9a37bf8ba6aa,
Saudi Basic Industries Corporation (SABIC),SA,2010,2023,,2023-12-31,fy,financial,ebit,consolidated,{},3720000000.00,SAR,SAR,https://www.sabic.com/en/Images/SABIC-Integrated-Annual-Report-2025-EN_tcm1010-49452.pdf,40,Summarized consolidated statement of income,data\raw\SA\2010\documents\888b4c0373f7da9588dc393a44c8d5682c0f2206bdfc8185ad4d9a37bf8ba6aa.pdf,888b4c0373f7da9588dc393a44c8d5682c0f2206bdfc8185ad4d9a37bf8ba6aa,
Saudi Basic Industries Corporation (SABIC),SA,2010,2023,,2023-12-31,fy,ratio,ebit_margin,consolidated,{},0.02628232301822806273844849513,,ratio,https://www.sabic.com/en/Images/SABIC-Integrated-Annual-Report-2025-EN_tcm1010-49452.pdf,,,data\raw\SA\2010\documents\888b4c0373f7da9588dc393a44c8d5682c0f2206bdfc8185ad4d9a37bf8ba6aa.pdf,888b4c0373f7da9588dc393a44c8d5682c0f2206bdfc8185ad4d9a37bf8ba6aa,ebit / revenue
Saudi Basic Industries Corporation (SABIC),SA,2010,2023,,2023-12-31,fy,financial,ebitda,consolidated,{},19020000000.00,SAR,SAR,https://www.sabic.com/en/Images/SABIC-Integrated-Annual-Report-2025-EN_tcm1010-49452.pdf,40,Summarized consolidated statement of income,data\raw\SA\2010\documents\888b4c0373f7da9588dc393a44c8d5682c0f2206bdfc8185ad4d9a37bf8ba6aa.pdf,888b4c0373f7da9588dc393a44c8d5682c0f2206bdfc8185ad4d9a37bf8ba6aa,
Saudi Basic Industries Corporation (SABIC),SA,2010,2023,,2023-12-31,fy,calculated,ebitda_growth,consolidated,{},-0.4774725274725274725274725275,,ratio,https://www.sabic.com/en/Images/SABIC-Integrated-Annual-Report-2025-EN_tcm1010-49452.pdf,,,data\raw\SA\2010\documents\888b4c0373f7da9588dc393a44c8d5682c0f2206bdfc8185ad4d9a37bf8ba6aa.pdf,888b4c0373f7da9588dc393a44c8d5682c0f2206bdfc8185ad4d9a37bf8ba6aa,ebitda / prior_fy(ebitda) - 1
Saudi Basic Industries Corporation (SABIC),SA,2010,2023,,2023-12-31,fy,ratio,ebitda_margin,consolidated,{},0.1343789741415854175498092412,,ratio,https://www.sabic.com/en/Images/SABIC-Integrated-Annual-Report-2025-EN_tcm1010-49452.pdf,,,data\raw\SA\2010\documents\888b4c0373f7da9588dc393a44c8d5682c0f2206bdfc8185ad4d9a37bf8ba6aa.pdf,888b4c0373f7da9588dc393a44c8d5682c0f2206bdfc8185ad4d9a37bf8ba6aa,ebitda / revenue
Saudi Basic Industries Corporation (SABIC),SA,2010,2023,,2023-12-31,fy,operational,energy_consumption_intensity,consolidated,{},15.9,SAR,GJ/tonne,https://www.sabic.com/en/Images/SABIC-Integrated-Annual-Report-2025-EN_tcm1010-49452.pdf,231,Sustainability performance summary,data\raw\SA\2010\documents\888b4c0373f7da9588dc393a44c8d5682c0f2206bdfc8185ad4d9a37bf8ba6aa.pdf,888b4c0373f7da9588dc393a44c8d5682c0f2206bdfc8185ad4d9a37bf8ba6aa,
Saudi Basic Industries Corporation (SABIC),SA,2010,2023,,2023-12-31,instant,calculated,equity_growth,consolidated,{},-0.1026560058818123334252366510,,ratio,https://www.sabic.com/en/Images/SABIC-Integrated-Annual-Report-2025-EN_tcm1010-49452.pdf,,,data\raw\SA\2010\documents\888b4c0373f7da9588dc393a44c8d5682c0f2206bdfc8185ad4d9a37bf8ba6aa.pdf,888b4c0373f7da9588dc393a44c8d5682c0f2206bdfc8185ad4d9a37bf8ba6aa,total_equity / prior_fy(total_equity) - 1
Saudi Basic Industries Corporation (SABIC),SA,2010,2023,,2023-12-31,instant,financial,equity_parent,consolidated,{},167430000000.00,SAR,SAR,https://www.sabic.com/en/Images/SABIC-Integrated-Annual-Report-2025-EN_tcm1010-49452.pdf,41,Summarized consolidated statement of financial position,data\raw\SA\2010\documents\888b4c0373f7da9588dc393a44c8d5682c0f2206bdfc8185ad4d9a37bf8ba6aa.pdf,888b4c0373f7da9588dc393a44c8d5682c0f2206bdfc8185ad4d9a37bf8ba6aa,
Saudi Basic Industries Corporation (SABIC),SA,2010,2023,,2023-12-31,instant,ratio,equity_ratio,consolidated,{},0.6633602826278959168421767783,,ratio,https://www.sabic.com/en/Images/SABIC-Integrated-Annual-Report-2025-EN_tcm1010-49452.pdf,,,data\raw\SA\2010\documents\888b4c0373f7da9588dc393a44c8d5682c0f2206bdfc8185ad4d9a37bf8ba6aa.pdf,888b4c0373f7da9588dc393a44c8d5682c0f2206bdfc8185ad4d9a37bf8ba6aa,total_equity / total_assets
Saudi Basic Industries Corporation (SABIC),SA,2010,2023,,2023-12-31,fy,operational,fatalities_count,consolidated,{},1,SAR,count,https://www.sabic.com/en/Images/SABIC-Integrated-Annual-Report-2025-EN_tcm1010-49452.pdf,232,Sustainability performance summary,data\raw\SA\2010\documents\888b4c0373f7da9588dc393a44c8d5682c0f2206bdfc8185ad4d9a37bf8ba6aa.pdf,888b4c0373f7da9588dc393a44c8d5682c0f2206bdfc8185ad4d9a37bf8ba6aa,
Saudi Basic Industries Corporation (SABIC),SA,2010,2023,,2023-12-31,fy,operational,fatalities_rate,consolidated,{},0.001,SAR,incidents/200k_hours,https://www.sabic.com/en/Images/SABIC-Integrated-Annual-Report-2025-EN_tcm1010-49452.pdf,232,Sustainability performance summary,data\raw\SA\2010\documents\888b4c0373f7da9588dc393a44c8d5682c0f2206bdfc8185ad4d9a37bf8ba6aa.pdf,888b4c0373f7da9588dc393a44c8d5682c0f2206bdfc8185ad4d9a37bf8ba6aa,
Saudi Basic Industries Corporation (SABIC),SA,2010,2023,,2023-12-31,fy,ratio,fcf_conversion,consolidated,{},0.7339642481598317560462670873,,ratio,https://www.sabic.com/en/Images/SABIC-Integrated-Annual-Report-2025-EN_tcm1010-49452.pdf,,,data\raw\SA\2010\documents\888b4c0373f7da9588dc393a44c8d5682c0f2206bdfc8185ad4d9a37bf8ba6aa.pdf,888b4c0373f7da9588dc393a44c8d5682c0f2206bdfc8185ad4d9a37bf8ba6aa,free_cash_flow / ebitda
Saudi Basic Industries Corporation (SABIC),SA,2010,2023,,2023-12-31,fy,ratio,fcf_margin,consolidated,{},0.09862936272431821393245725590,,ratio,https://www.sabic.com/en/Images/SABIC-Integrated-Annual-Report-2025-EN_tcm1010-49452.pdf,,,data\raw\SA\2010\documents\888b4c0373f7da9588dc393a44c8d5682c0f2206bdfc8185ad4d9a37bf8ba6aa.pdf,888b4c0373f7da9588dc393a44c8d5682c0f2206bdfc8185ad4d9a37bf8ba6aa,free_cash_flow / revenue
Saudi Basic Industries Corporation (SABIC),SA,2010,2023,,2023-12-31,fy,calculated,fcf_yield,consolidated,{},0.05572854291417165668662674651,,ratio,https://www.sabic.com/en/Images/SABIC-Integrated-Annual-Report-2025-EN_tcm1010-49452.pdf,,,data\raw\SA\2010\documents\888b4c0373f7da9588dc393a44c8d5682c0f2206bdfc8185ad4d9a37bf8ba6aa.pdf,888b4c0373f7da9588dc393a44c8d5682c0f2206bdfc8185ad4d9a37bf8ba6aa,free_cash_flow / reported_year_end_market_cap
Saudi Basic Industries Corporation (SABIC),SA,2010,2023,,2023-12-31,fy,financial,financing_cash_flow,consolidated,{},-18900000000.00,SAR,SAR,https://www.sabic.com/en/Images/SABIC-Integrated-Annual-Report-2025-EN_tcm1010-49452.pdf,42,Summarized consolidated cash flows,data\raw\SA\2010\documents\888b4c0373f7da9588dc393a44c8d5682c0f2206bdfc8185ad4d9a37bf8ba6aa.pdf,888b4c0373f7da9588dc393a44c8d5682c0f2206bdfc8185ad4d9a37bf8ba6aa,
Saudi Basic Industries Corporation (SABIC),SA,2010,2023,,2023-12-31,fy,operational,flaring_reduction_since_2010,consolidated,{},0.38,SAR,ratio,https://www.sabic.com/en/Images/SABIC-Integrated-Annual-Report-2025-EN_tcm1010-49452.pdf,231,Sustainability performance summary,data\raw\SA\2010\documents\888b4c0373f7da9588dc393a44c8d5682c0f2206bdfc8185ad4d9a37bf8ba6aa.pdf,888b4c0373f7da9588dc393a44c8d5682c0f2206bdfc8185ad4d9a37bf8ba6aa,
Saudi Basic Industries Corporation (SABIC),SA,2010,2023,,2023-12-31,fy,calculated,التدفق النقدي الحر,consolidated,{},13960000000.00,SAR,SAR,https://www.sabic.com/en/Images/SABIC-Integrated-Annual-Report-2025-EN_tcm1010-49452.pdf,42,Summarized consolidated cash flows,data\raw\SA\2010\documents\888b4c0373f7da9588dc393a44c8d5682c0f2206bdfc8185ad4d9a37bf8ba6aa.pdf,888b4c0373f7da9588dc393a44c8d5682c0f2206bdfc8185ad4d9a37bf8ba6aa,
Saudi Basic Industries Corporation (SABIC),SA,2010,2023,,2023-12-31,fy,calculated,free_cash_flow_growth,consolidated,{},-0.4544744040640875341930441579,,ratio,https://www.sabic.com/en/Images/SABIC-Integrated-Annual-Report-2025-EN_tcm1010-49452.pdf,,,data\raw\SA\2010\documents\888b4c0373f7da9588dc393a44c8d5682c0f2206bdfc8185ad4d9a37bf8ba6aa.pdf,888b4c0373f7da9588dc393a44c8d5682c0f2206bdfc8185ad4d9a37bf8ba6aa,free_cash_flow / prior_fy(free_cash_flow) - 1
Saudi Basic Industries Corporation (SABIC),SA,2010,2023,,2023-12-31,fy,operational,greenhouse_gas_intensity,consolidated,{},1.02,SAR,tCO2e/tonne,https://www.sabic.com/en/Images/SABIC-Integrated-Annual-Report-2025-EN_tcm1010-49452.pdf,232,Sustainability performance summary,data\raw\SA\2010\documents\888b4c0373f7da9588dc393a44c8d5682c0f2206bdfc8185ad4d9a37bf8ba6aa.pdf,888b4c0373f7da9588dc393a44c8d5682c0f2206bdfc8185ad4d9a37bf8ba6aa,
Saudi Basic Industries Corporation (SABIC),SA,2010,2023,,2023-12-31,fy,financial,ضرائب الدخل والزكاة,consolidated,{},830000000.00,SAR,SAR,https://www.sabic.com/en/Images/SABIC-Integrated-Annual-Report-2025-EN_tcm1010-49452.pdf,40,Summarized consolidated statement of income,data\raw\SA\2010\documents\888b4c0373f7da9588dc393a44c8d5682c0f2206bdfc8185ad4d9a37bf8ba6aa.pdf,888b4c0373f7da9588dc393a44c8d5682c0f2206bdfc8185ad4d9a37bf8ba6aa,
Saudi Basic Industries Corporation (SABIC),SA,2010,2023,,2023-12-31,fy,financial,investing_cash_flow,consolidated,{},-11760000000.00,SAR,SAR,https://www.sabic.com/en/Images/SABIC-Integrated-Annual-Report-2025-EN_tcm1010-49452.pdf,42,Summarized consolidated cash flows,data\raw\SA\2010\documents\888b4c0373f7da9588dc393a44c8d5682c0f2206bdfc8185ad4d9a37bf8ba6aa.pdf,888b4c0373f7da9588dc393a44c8d5682c0f2206bdfc8185ad4d9a37bf8ba6aa,
Saudi Basic Industries Corporation (SABIC),SA,2010,2023,,2023-12-31,instant,financial,liabilities_held_for_sale,consolidated,{},5700000000.00,SAR,SAR,https://www.sabic.com/en/Images/SABIC-Integrated-Annual-Report-2025-EN_tcm1010-49452.pdf,41,Summarized consolidated statement of financial position,data\raw\SA\2010\documents\888b4c0373f7da9588dc393a44c8d5682c0f2206bdfc8185ad4d9a37bf8ba6aa.pdf,888b4c0373f7da9588dc393a44c8d5682c0f2206bdfc8185ad4d9a37bf8ba6aa,
Saudi Basic Industries Corporation (SABIC),SA,2010,2023,,2023-12-31,instant,ratio,liabilities_to_assets,consolidated,{},0.3366397173721040831578232217,,ratio,https://www.sabic.com/en/Images/SABIC-Integrated-Annual-Report-2025-EN_tcm1010-49452.pdf,,,data\raw\SA\2010\documents\888b4c0373f7da9588dc393a44c8d5682c0f2206bdfc8185ad4d9a37bf8ba6aa.pdf,888b4c0373f7da9588dc393a44c8d5682c0f2206bdfc8185ad4d9a37bf8ba6aa,total_liabilities / total_assets
Saudi Basic Industries Corporation (SABIC),SA,2010,2023,,2023-12-31,instant,ratio,الالتزامات إلى حقوق الملكية,consolidated,{},0.5074764440802949610815239656,,ratio,https://www.sabic.com/en/Images/SABIC-Integrated-Annual-Report-2025-EN_tcm1010-49452.pdf,,,data\raw\SA\2010\documents\888b4c0373f7da9588dc393a44c8d5682c0f2206bdfc8185ad4d9a37bf8ba6aa.pdf,888b4c0373f7da9588dc393a44c8d5682c0f2206bdfc8185ad4d9a37bf8ba6aa,total_liabilities / total_equity
Saudi Basic Industries Corporation (SABIC),SA,2010,2023,,2023-12-31,as_of,calculated,market_cap,consolidated,{},250500000000,SAR,SAR,https://www.sabic.com/en/Images/SABIC-Integrated-Annual-Report-2025-EN_tcm1010-49452.pdf,19,Five-year overview and dividend,data\raw\SA\2010\documents\888b4c0373f7da9588dc393a44c8d5682c0f2206bdfc8185ad4d9a37bf8ba6aa.pdf,888b4c0373f7da9588dc393a44c8d5682c0f2206bdfc8185ad4d9a37bf8ba6aa,
Saudi Basic Industries Corporation (SABIC),SA,2010,2023,,2023-12-31,as_of,calculated,market_cap_to_equity,consolidated,{},1.282773453502662843097091356,,ratio,https://www.sabic.com/en/Images/SABIC-Integrated-Annual-Report-2025-EN_tcm1010-49452.pdf,,,data\raw\SA\2010\documents\888b4c0373f7da9588dc393a44c8d5682c0f2206bdfc8185ad4d9a37bf8ba6aa.pdf,888b4c0373f7da9588dc393a44c8d5682c0f2206bdfc8185ad4d9a37bf8ba6aa,reported_year_end_market_cap / total_equity
Saudi Basic Industries Corporation (SABIC),SA,2010,2023,,2023-12-31,fy,operational,material_loss_intensity,consolidated,{},0.06,SAR,tonne/tonne,https://www.sabic.com/en/Images/SABIC-Integrated-Annual-Report-2025-EN_tcm1010-49452.pdf,231,Sustainability performance summary,data\raw\SA\2010\documents\888b4c0373f7da9588dc393a44c8d5682c0f2206bdfc8185ad4d9a37bf8ba6aa.pdf,888b4c0373f7da9588dc393a44c8d5682c0f2206bdfc8185ad4d9a37bf8ba6aa,
Saudi Basic Industries Corporation (SABIC),SA,2010,2023,,2023-12-31,fy,financial,صافي الربح العائد لمساهمي الشركة,consolidated,"{""basis"":""continuing_operations""}",1300000000.00,SAR,SAR,https://www.sabic.com/en/Images/SABIC-Integrated-Annual-Report-2025-EN_tcm1010-49452.pdf,40,Summarized consolidated statement of income,data\raw\SA\2010\documents\888b4c0373f7da9588dc393a44c8d5682c0f2206bdfc8185ad4d9a37bf8ba6aa.pdf,888b4c0373f7da9588dc393a44c8d5682c0f2206bdfc8185ad4d9a37bf8ba6aa,
Saudi Basic Industries Corporation (SABIC),SA,2010,2023,,2023-12-31,fy,financial,صافي الربح العائد لمساهمي الشركة,consolidated,{},-2770000000.00,SAR,SAR,https://www.sabic.com/en/Images/SABIC-Integrated-Annual-Report-2025-EN_tcm1010-49452.pdf,40,Summarized consolidated statement of income,data\raw\SA\2010\documents\888b4c0373f7da9588dc393a44c8d5682c0f2206bdfc8185ad4d9a37bf8ba6aa.pdf,888b4c0373f7da9588dc393a44c8d5682c0f2206bdfc8185ad4d9a37bf8ba6aa,
Saudi Basic Industries Corporation (SABIC),SA,2010,2023,,2023-12-31,instant,financial,noncontrolling_interests,consolidated,{},27850000000.00,SAR,SAR,https://www.sabic.com/en/Images/SABIC-Integrated-Annual-Report-2025-EN_tcm1010-49452.pdf,41,Summarized consolidated statement of financial position,data\raw\SA\2010\documents\888b4c0373f7da9588dc393a44c8d5682c0f2206bdfc8185ad4d9a37bf8ba6aa.pdf,888b4c0373f7da9588dc393a44c8d5682c0f2206bdfc8185ad4d9a37bf8ba6aa,
Saudi Basic Industries Corporation (SABIC),SA,2010,2023,,2023-12-31,fy,financial,التدفق النقدي التشغيلي,consolidated,{},24450000000.00,SAR,SAR,https://www.sabic.com/en/Images/SABIC-Integrated-Annual-Report-2025-EN_tcm1010-49452.pdf,42,Summarized consolidated cash flows,data\raw\SA\2010\documents\888b4c0373f7da9588dc393a44c8d5682c0f2206bdfc8185ad4d9a37bf8ba6aa.pdf,888b4c0373f7da9588dc393a44c8d5682c0f2206bdfc8185ad4d9a37bf8ba6aa,
Saudi Basic Industries Corporation (SABIC),SA,2010,2023,,2023-12-31,fy,calculated,operating_cash_flow_growth,consolidated,{},-0.3172298240714884110583635856,,ratio,https://www.sabic.com/en/Images/SABIC-Integrated-Annual-Report-2025-EN_tcm1010-49452.pdf,,,data\raw\SA\2010\documents\888b4c0373f7da9588dc393a44c8d5682c0f2206bdfc8185ad4d9a37bf8ba6aa.pdf,888b4c0373f7da9588dc393a44c8d5682c0f2206bdfc8185ad4d9a37bf8ba6aa,operating_cash_flow / prior_fy(operating_cash_flow) - 1
Saudi Basic Industries Corporation (SABIC),SA,2010,2023,,2023-12-31,fy,operational,patent_portfolio_count,consolidated,{},11070,SAR,count,https://www.sabic.com/en/Images/SABIC-Integrated-Annual-Report-2025-EN_tcm1010-49452.pdf,232,Sustainability performance summary,data\raw\SA\2010\documents\888b4c0373f7da9588dc393a44c8d5682c0f2206bdfc8185ad4d9a37bf8ba6aa.pdf,888b4c0373f7da9588dc393a44c8d5682c0f2206bdfc8185ad4d9a37bf8ba6aa,
Saudi Basic Industries Corporation (SABIC),SA,2010,2023,,2023-12-31,as_of,calculated,price_to_book,consolidated,{},1.282773453502662843097091356,,ratio,https://www.sabic.com/en/Images/SABIC-Integrated-Annual-Report-2025-EN_tcm1010-49452.pdf,,,data\raw\SA\2010\documents\888b4c0373f7da9588dc393a44c8d5682c0f2206bdfc8185ad4d9a37bf8ba6aa.pdf,888b4c0373f7da9588dc393a44c8d5682c0f2206bdfc8185ad4d9a37bf8ba6aa,reported_year_end_market_cap / total_equity
Saudi Basic Industries Corporation (SABIC),SA,2010,2023,,2023-12-31,as_of,calculated,price_to_cash_flow,consolidated,{},10.24539877300613496932515337,,ratio,https://www.sabic.com/en/Images/SABIC-Integrated-Annual-Report-2025-EN_tcm1010-49452.pdf,,,data\raw\SA\2010\documents\888b4c0373f7da9588dc393a44c8d5682c0f2206bdfc8185ad4d9a37bf8ba6aa.pdf,888b4c0373f7da9588dc393a44c8d5682c0f2206bdfc8185ad4d9a37bf8ba6aa,reported_year_end_market_cap / operating_cash_flow
Saudi Basic Industries Corporation (SABIC),SA,2010,2023,,2023-12-31,as_of,calculated,price_to_free_cash_flow,consolidated,{},17.94412607449856733524355301,,ratio,https://www.sabic.com/en/Images/SABIC-Integrated-Annual-Report-2025-EN_tcm1010-49452.pdf,,,data\raw\SA\2010\documents\888b4c0373f7da9588dc393a44c8d5682c0f2206bdfc8185ad4d9a37bf8ba6aa.pdf,888b4c0373f7da9588dc393a44c8d5682c0f2206bdfc8185ad4d9a37bf8ba6aa,reported_year_end_market_cap / free_cash_flow
Saudi Basic Industries Corporation (SABIC),SA,2010,2023,,2023-12-31,as_of,calculated,price_to_sales,consolidated,{},1.769817719372615515048749470,,ratio,https://www.sabic.com/en/Images/SABIC-Integrated-Annual-Report-2025-EN_tcm1010-49452.pdf,,,data\raw\SA\2010\documents\888b4c0373f7da9588dc393a44c8d5682c0f2206bdfc8185ad4d9a37bf8ba6aa.pdf,888b4c0373f7da9588dc393a44c8d5682c0f2206bdfc8185ad4d9a37bf8ba6aa,reported_year_end_market_cap / revenue
Saudi Basic Industries Corporation (SABIC),SA,2010,2023,,2023-12-31,fy,financial,الإيرادات,consolidated,{},141540000000.00,SAR,SAR,https://www.sabic.com/en/Images/SABIC-Integrated-Annual-Report-2025-EN_tcm1010-49452.pdf,40,Summarized consolidated statement of income,data\raw\SA\2010\documents\888b4c0373f7da9588dc393a44c8d5682c0f2206bdfc8185ad4d9a37bf8ba6aa.pdf,888b4c0373f7da9588dc393a44c8d5682c0f2206bdfc8185ad4d9a37bf8ba6aa,
Saudi Basic Industries Corporation (SABIC),SA,2010,2023,,2023-12-31,fy,calculated,revenue_growth,consolidated,{},-0.2268953462967008957832641468,,ratio,https://www.sabic.com/en/Images/SABIC-Integrated-Annual-Report-2025-EN_tcm1010-49452.pdf,,,data\raw\SA\2010\documents\888b4c0373f7da9588dc393a44c8d5682c0f2206bdfc8185ad4d9a37bf8ba6aa.pdf,888b4c0373f7da9588dc393a44c8d5682c0f2206bdfc8185ad4d9a37bf8ba6aa,revenue / prior_fy(revenue) - 1
Saudi Basic Industries Corporation (SABIC),SA,2010,2023,,2023-12-31,fy,operational,scope_1_2_emissions,consolidated,{},42.8,SAR,million_tCO2e,https://www.sabic.com/en/Images/SABIC-Integrated-Annual-Report-2025-EN_tcm1010-49452.pdf,232,Sustainability performance summary,data\raw\SA\2010\documents\888b4c0373f7da9588dc393a44c8d5682c0f2206bdfc8185ad4d9a37bf8ba6aa.pdf,888b4c0373f7da9588dc393a44c8d5682c0f2206bdfc8185ad4d9a37bf8ba6aa,
Saudi Basic Industries Corporation (SABIC),SA,2010,2023,,2023-12-31,instant,financial,shares_outstanding,consolidated,{},3000000000,SAR,shares,https://www.sabic.com/en/Images/SABIC-Integrated-Annual-Report-2025-EN_tcm1010-49452.pdf,19,Five-year overview and dividend,data\raw\SA\2010\documents\888b4c0373f7da9588dc393a44c8d5682c0f2206bdfc8185ad4d9a37bf8ba6aa.pdf,888b4c0373f7da9588dc393a44c8d5682c0f2206bdfc8185ad4d9a37bf8ba6aa,
Saudi Basic Industries Corporation (SABIC),SA,2010,2023,,2023-12-31,instant,financial,tangible_book_value,consolidated,{},195280000000.00,SAR,SAR,https://www.sabic.com/en/Images/SABIC-Integrated-Annual-Report-2025-EN_tcm1010-49452.pdf,,,data\raw\SA\2010\documents\888b4c0373f7da9588dc393a44c8d5682c0f2206bdfc8185ad4d9a37bf8ba6aa.pdf,888b4c0373f7da9588dc393a44c8d5682c0f2206bdfc8185ad4d9a37bf8ba6aa,total_equity - intangible_assets
Saudi Basic Industries Corporation (SABIC),SA,2010,2023,,2023-12-31,instant,financial,tangible_book_value_per_share,consolidated,{},65.09333333333333333333333333,SAR,SAR/share,https://www.sabic.com/en/Images/SABIC-Integrated-Annual-Report-2025-EN_tcm1010-49452.pdf,,,data\raw\SA\2010\documents\888b4c0373f7da9588dc393a44c8d5682c0f2206bdfc8185ad4d9a37bf8ba6aa.pdf,888b4c0373f7da9588dc393a44c8d5682c0f2206bdfc8185ad4d9a37bf8ba6aa,(total_equity - intangible_assets) / shares_outstanding
Saudi Basic Industries Corporation (SABIC),SA,2010,2023,,2023-12-31,fy,operational,tier_1_process_safety_events,consolidated,{},11,SAR,count,https://www.sabic.com/en/Images/SABIC-Integrated-Annual-Report-2025-EN_tcm1010-49452.pdf,232,Sustainability performance summary,data\raw\SA\2010\documents\888b4c0373f7da9588dc393a44c8d5682c0f2206bdfc8185ad4d9a37bf8ba6aa.pdf,888b4c0373f7da9588dc393a44c8d5682c0f2206bdfc8185ad4d9a37bf8ba6aa,
Saudi Basic Industries Corporation (SABIC),SA,2010,2023,,2023-12-31,fy,operational,tier_1_process_safety_events_rate,consolidated,{},0.015,SAR,incidents/200k_hours,https://www.sabic.com/en/Images/SABIC-Integrated-Annual-Report-2025-EN_tcm1010-49452.pdf,232,Sustainability performance summary,data\raw\SA\2010\documents\888b4c0373f7da9588dc393a44c8d5682c0f2206bdfc8185ad4d9a37bf8ba6aa.pdf,888b4c0373f7da9588dc393a44c8d5682c0f2206bdfc8185ad4d9a37bf8ba6aa,
Saudi Basic Industries Corporation (SABIC),SA,2010,2023,,2023-12-31,instant,financial,إجمالي الأصول,consolidated,{},294380000000.00,SAR,SAR,https://www.sabic.com/en/Images/SABIC-Integrated-Annual-Report-2025-EN_tcm1010-49452.pdf,41,Summarized consolidated statement of financial position,data\raw\SA\2010\documents\888b4c0373f7da9588dc393a44c8d5682c0f2206bdfc8185ad4d9a37bf8ba6aa.pdf,888b4c0373f7da9588dc393a44c8d5682c0f2206bdfc8185ad4d9a37bf8ba6aa,
Saudi Basic Industries Corporation (SABIC),SA,2010,2023,,2023-12-31,instant,financial,حقوق الملكية,consolidated,{},195280000000.00,SAR,SAR,https://www.sabic.com/en/Images/SABIC-Integrated-Annual-Report-2025-EN_tcm1010-49452.pdf,41,Summarized consolidated statement of financial position,data\raw\SA\2010\documents\888b4c0373f7da9588dc393a44c8d5682c0f2206bdfc8185ad4d9a37bf8ba6aa.pdf,888b4c0373f7da9588dc393a44c8d5682c0f2206bdfc8185ad4d9a37bf8ba6aa,
Saudi Basic Industries Corporation (SABIC),SA,2010,2023,,2023-12-31,instant,financial,إجمالي الالتزامات,consolidated,{},99100000000.00,SAR,SAR,https://www.sabic.com/en/Images/SABIC-Integrated-Annual-Report-2025-EN_tcm1010-49452.pdf,41,Summarized consolidated statement of financial position,data\raw\SA\2010\documents\888b4c0373f7da9588dc393a44c8d5682c0f2206bdfc8185ad4d9a37bf8ba6aa.pdf,888b4c0373f7da9588dc393a44c8d5682c0f2206bdfc8185ad4d9a37bf8ba6aa,
Saudi Basic Industries Corporation (SABIC),SA,2010,2023,,2023-12-31,fy,operational,water_intensity,consolidated,{},2.4,SAR,m3/tonne,https://www.sabic.com/en/Images/SABIC-Integrated-Annual-Report-2025-EN_tcm1010-49452.pdf,231,Sustainability performance summary,data\raw\SA\2010\documents\888b4c0373f7da9588dc393a44c8d5682c0f2206bdfc8185ad4d9a37bf8ba6aa.pdf,888b4c0373f7da9588dc393a44c8d5682c0f2206bdfc8185ad4d9a37bf8ba6aa,
Saudi Basic Industries Corporation (SABIC),SA,2010,2023,,2023-12-31,fy,operational,women_workforce_share,consolidated,{},0.08,SAR,ratio,https://www.sabic.com/en/Images/SABIC-Integrated-Annual-Report-2025-EN_tcm1010-49452.pdf,233,Sustainability performance summary,data\raw\SA\2010\documents\888b4c0373f7da9588dc393a44c8d5682c0f2206bdfc8185ad4d9a37bf8ba6aa.pdf,888b4c0373f7da9588dc393a44c8d5682c0f2206bdfc8185ad4d9a37bf8ba6aa,
Saudi Basic Industries Corporation (SABIC),SA,2010,2022,,2022-12-31,fy,operational,active_suppliers_count,consolidated,{},32254,SAR,count,https://www.sabic.com/en/Images/SABIC-Integrated-Annual-Report-2025-EN_tcm1010-49452.pdf,233,Sustainability performance summary,data\raw\SA\2010\documents\888b4c0373f7da9588dc393a44c8d5682c0f2206bdfc8185ad4d9a37bf8ba6aa.pdf,888b4c0373f7da9588dc393a44c8d5682c0f2206bdfc8185ad4d9a37bf8ba6aa,
Saudi Basic Industries Corporation (SABIC),SA,2010,2022,,2022-12-31,instant,calculated,asset_growth,consolidated,{},-0.0195703907815631262525050100,,ratio,https://www.sabic.com/en/Images/SABIC-Integrated-Annual-Report-2025-EN_tcm1010-49452.pdf,,,data\raw\SA\2010\documents\888b4c0373f7da9588dc393a44c8d5682c0f2206bdfc8185ad4d9a37bf8ba6aa.pdf,888b4c0373f7da9588dc393a44c8d5682c0f2206bdfc8185ad4d9a37bf8ba6aa,total_assets / prior_fy(total_assets) - 1
Saudi Basic Industries Corporation (SABIC),SA,2010,2022,,2022-12-31,fy,ratio,asset_turnover,consolidated,{},0.5789365503502142394105649280,,ratio,https://www.sabic.com/en/Images/SABIC-Integrated-Annual-Report-2025-EN_tcm1010-49452.pdf,,,data\raw\SA\2010\documents\888b4c0373f7da9588dc393a44c8d5682c0f2206bdfc8185ad4d9a37bf8ba6aa.pdf,888b4c0373f7da9588dc393a44c8d5682c0f2206bdfc8185ad4d9a37bf8ba6aa,revenue / average(total_assets)
Saudi Basic Industries Corporation (SABIC),SA,2010,2022,,2022-12-31,instant,financial,book_value_per_share,consolidated,{},72.54,SAR,SAR/share,https://www.sabic.com/en/Images/SABIC-Integrated-Annual-Report-2025-EN_tcm1010-49452.pdf,,,data\raw\SA\2010\documents\888b4c0373f7da9588dc393a44c8d5682c0f2206bdfc8185ad4d9a37bf8ba6aa.pdf,888b4c0373f7da9588dc393a44c8d5682c0f2206bdfc8185ad4d9a37bf8ba6aa,total_equity / shares_outstanding
Saudi Basic Industries Corporation (SABIC),SA,2010,2022,,2022-12-31,fy,financial,النفقات الرأسمالية,consolidated,{},10220000000.00,SAR,SAR,https://www.sabic.com/en/Images/SABIC-Integrated-Annual-Report-2025-EN_tcm1010-49452.pdf,42,Summarized consolidated cash flows,data\raw\SA\2010\documents\888b4c0373f7da9588dc393a44c8d5682c0f2206bdfc8185ad4d9a37bf8ba6aa.pdf,888b4c0373f7da9588dc393a44c8d5682c0f2206bdfc8185ad4d9a37bf8ba6aa,
Saudi Basic Industries Corporation (SABIC),SA,2010,2022,,2022-12-31,fy,ratio,capex_to_cfo,consolidated,{},0.2853951410220608768500418877,,ratio,https://www.sabic.com/en/Images/SABIC-Integrated-Annual-Report-2025-EN_tcm1010-49452.pdf,,,data\raw\SA\2010\documents\888b4c0373f7da9588dc393a44c8d5682c0f2206bdfc8185ad4d9a37bf8ba6aa.pdf,888b4c0373f7da9588dc393a44c8d5682c0f2206bdfc8185ad4d9a37bf8ba6aa,abs(capex) / operating_cash_flow
Saudi Basic Industries Corporation (SABIC),SA,2010,2022,,2022-12-31,fy,ratio,capex_to_revenue,consolidated,{},0.05582259121695433690190080839,,ratio,https://www.sabic.com/en/Images/SABIC-Integrated-Annual-Report-2025-EN_tcm1010-49452.pdf,,,data\raw\SA\2010\documents\888b4c0373f7da9588dc393a44c8d5682c0f2206bdfc8185ad4d9a37bf8ba6aa.pdf,888b4c0373f7da9588dc393a44c8d5682c0f2206bdfc8185ad4d9a37bf8ba6aa,abs(capex) / revenue
Saudi Basic Industries Corporation (SABIC),SA,2010,2022,,2022-12-31,instant,financial,النقد وما في حكمه,consolidated,{},40040000000.00,SAR,SAR,https://www.sabic.com/en/Images/SABIC-Integrated-Annual-Report-2025-EN_tcm1010-49452.pdf,42,Summarized consolidated cash flows,data\raw\SA\2010\documents\888b4c0373f7da9588dc393a44c8d5682c0f2206bdfc8185ad4d9a37bf8ba6aa.pdf,888b4c0373f7da9588dc393a44c8d5682c0f2206bdfc8185ad4d9a37bf8ba6aa,
Saudi Basic Industries Corporation (SABIC),SA,2010,2022,,2022-12-31,fy,financial,cash_change,consolidated,{},-2170000000.00,SAR,SAR,https://www.sabic.com/en/Images/SABIC-Integrated-Annual-Report-2025-EN_tcm1010-49452.pdf,42,Summarized consolidated cash flows,data\raw\SA\2010\documents\888b4c0373f7da9588dc393a44c8d5682c0f2206bdfc8185ad4d9a37bf8ba6aa.pdf,888b4c0373f7da9588dc393a44c8d5682c0f2206bdfc8185ad4d9a37bf8ba6aa,
Saudi Basic Industries Corporation (SABIC),SA,2010,2022,,2022-12-31,fy,financial,cash_end,consolidated,{},40040000000.00,SAR,SAR,https://www.sabic.com/en/Images/SABIC-Integrated-Annual-Report-2025-EN_tcm1010-49452.pdf,42,Summarized consolidated cash flows,data\raw\SA\2010\documents\888b4c0373f7da9588dc393a44c8d5682c0f2206bdfc8185ad4d9a37bf8ba6aa.pdf,888b4c0373f7da9588dc393a44c8d5682c0f2206bdfc8185ad4d9a37bf8ba6aa,
Saudi Basic Industries Corporation (SABIC),SA,2010,2022,,2022-12-31,fy,ratio,cash_return_on_assets,consolidated,{},0.1132385725805176530112100179,,ratio,https://www.sabic.com/en/Images/SABIC-Integrated-Annual-Report-2025-EN_tcm1010-49452.pdf,,,data\raw\SA\2010\documents\888b4c0373f7da9588dc393a44c8d5682c0f2206bdfc8185ad4d9a37bf8ba6aa.pdf,888b4c0373f7da9588dc393a44c8d5682c0f2206bdfc8185ad4d9a37bf8ba6aa,operating_cash_flow / average(total_assets)
Saudi Basic Industries Corporation (SABIC),SA,2010,2022,,2022-12-31,fy,ratio,cash_return_on_equity,consolidated,{},0.1667714518570264291535685179,,ratio,https://www.sabic.com/en/Images/SABIC-Integrated-Annual-Report-2025-EN_tcm1010-49452.pdf,,,data\raw\SA\2010\documents\888b4c0373f7da9588dc393a44c8d5682c0f2206bdfc8185ad4d9a37bf8ba6aa.pdf,888b4c0373f7da9588dc393a44c8d5682c0f2206bdfc8185ad4d9a37bf8ba6aa,operating_cash_flow / average(total_equity)
Saudi Basic Industries Corporation (SABIC),SA,2010,2022,,2022-12-31,fy,ratio,cfo_margin,consolidated,{},0.1955975529823028184400262180,,ratio,https://www.sabic.com/en/Images/SABIC-Integrated-Annual-Report-2025-EN_tcm1010-49452.pdf,,,data\raw\SA\2010\documents\888b4c0373f7da9588dc393a44c8d5682c0f2206bdfc8185ad4d9a37bf8ba6aa.pdf,888b4c0373f7da9588dc393a44c8d5682c0f2206bdfc8185ad4d9a37bf8ba6aa,operating_cash_flow / revenue
Saudi Basic Industries Corporation (SABIC),SA,2010,2022,,2022-12-31,fy,calculated,cfo_yield,consolidated,{},0.1335197613721103653989560030,,ratio,https://www.sabic.com/en/Images/SABIC-Integrated-Annual-Report-2025-EN_tcm1010-49452.pdf,,,data\raw\SA\2010\documents\888b4c0373f7da9588dc393a44c8d5682c0f2206bdfc8185ad4d9a37bf8ba6aa.pdf,888b4c0373f7da9588dc393a44c8d5682c0f2206bdfc8185ad4d9a37bf8ba6aa,operating_cash_flow / reported_year_end_market_cap
Saudi Basic Industries Corporation (SABIC),SA,2010,2022,,2022-12-31,fy,operational,co2_utilization,consolidated,{},3.8,SAR,million_tonnes,https://www.sabic.com/en/Images/SABIC-Integrated-Annual-Report-2025-EN_tcm1010-49452.pdf,231,Sustainability performance summary,data\raw\SA\2010\documents\888b4c0373f7da9588dc393a44c8d5682c0f2206bdfc8185ad4d9a37bf8ba6aa.pdf,888b4c0373f7da9588dc393a44c8d5682c0f2206bdfc8185ad4d9a37bf8ba6aa,
Saudi Basic Industries Corporation (SABIC),SA,2010,2022,,2022-12-31,fy,financial,discontinued_operations_income,consolidated,{},740000000.00,SAR,SAR,https://www.sabic.com/en/Images/SABIC-Integrated-Annual-Report-2025-EN_tcm1010-49452.pdf,40,Summarized consolidated statement of income,data\raw\SA\2010\documents\888b4c0373f7da9588dc393a44c8d5682c0f2206bdfc8185ad4d9a37bf8ba6aa.pdf,888b4c0373f7da9588dc393a44c8d5682c0f2206bdfc8185ad4d9a37bf8ba6aa,
Saudi Basic Industries Corporation (SABIC),SA,2010,2022,,2022-12-31,fy,calculated,dividend_per_share_growth,consolidated,{},0.0625,,ratio,https://www.sabic.com/en/Images/SABIC-Integrated-Annual-Report-2025-EN_tcm1010-49452.pdf,,,data\raw\SA\2010\documents\888b4c0373f7da9588dc393a44c8d5682c0f2206bdfc8185ad4d9a37bf8ba6aa.pdf,888b4c0373f7da9588dc393a44c8d5682c0f2206bdfc8185ad4d9a37bf8ba6aa,dividends_per_share / prior_fy(dividends_per_share) - 1
Saudi Basic Industries Corporation (SABIC),SA,2010,2022,,2022-12-31,fy,financial,التوزيعات لكل سهم,consolidated,{},4.25,SAR,SAR/share,https://www.sabic.com/en/Images/SABIC-Integrated-Annual-Report-2025-EN_tcm1010-49452.pdf,19,Five-year overview and dividend,data\raw\SA\2010\documents\888b4c0373f7da9588dc393a44c8d5682c0f2206bdfc8185ad4d9a37bf8ba6aa.pdf,888b4c0373f7da9588dc393a44c8d5682c0f2206bdfc8185ad4d9a37bf8ba6aa,
Saudi Basic Industries Corporation (SABIC),SA,2010,2022,,2022-12-31,fy,financial,ebit,consolidated,{},22910000000.00,SAR,SAR,https://www.sabic.com/en/Images/SABIC-Integrated-Annual-Report-2025-EN_tcm1010-49452.pdf,40,Summarized consolidated statement of income,data\raw\SA\2010\documents\888b4c0373f7da9588dc393a44c8d5682c0f2206bdfc8185ad4d9a37bf8ba6aa.pdf,888b4c0373f7da9588dc393a44c8d5682c0f2206bdfc8185ad4d9a37bf8ba6aa,
Saudi Basic Industries Corporation (SABIC),SA,2010,2022,,2022-12-31,fy,ratio,ebit_margin,consolidated,{},0.1251365523268516495521083679,,ratio,https://www.sabic.com/en/Images/SABIC-Integrated-Annual-Report-2025-EN_tcm1010-49452.pdf,,,data\raw\SA\2010\documents\888b4c0373f7da9588dc393a44c8d5682c0f2206bdfc8185ad4d9a37bf8ba6aa.pdf,888b4c0373f7da9588dc393a44c8d5682c0f2206bdfc8185ad4d9a37bf8ba6aa,ebit / revenue
Saudi Basic Industries Corporation (SABIC),SA,2010,2022,,2022-12-31,fy,financial,ebitda,consolidated,{},36400000000.00,SAR,SAR,https://www.sabic.com/en/Images/SABIC-Integrated-Annual-Report-2025-EN_tcm1010-49452.pdf,40,Summarized consolidated statement of income,data\raw\SA\2010\documents\888b4c0373f7da9588dc393a44c8d5682c0f2206bdfc8185ad4d9a37bf8ba6aa.pdf,888b4c0373f7da9588dc393a44c8d5682c0f2206bdfc8185ad4d9a37bf8ba6aa,
Saudi Basic Industries Corporation (SABIC),SA,2010,2022,,2022-12-31,fy,calculated,ebitda_growth,consolidated,{},-0.2496392496392496392496392496,,ratio,https://www.sabic.com/en/Images/SABIC-Integrated-Annual-Report-2025-EN_tcm1010-49452.pdf,,,data\raw\SA\2010\documents\888b4c0373f7da9588dc393a44c8d5682c0f2206bdfc8185ad4d9a37bf8ba6aa.pdf,888b4c0373f7da9588dc393a44c8d5682c0f2206bdfc8185ad4d9a37bf8ba6aa,ebitda / prior_fy(ebitda) - 1
Saudi Basic Industries Corporation (SABIC),SA,2010,2022,,2022-12-31,fy,ratio,ebitda_margin,consolidated,{},0.1988201878960017478697837011,,ratio,https://www.sabic.com/en/Images/SABIC-Integrated-Annual-Report-2025-EN_tcm1010-49452.pdf,,,data\raw\SA\2010\documents\888b4c0373f7da9588dc393a44c8d5682c0f2206bdfc8185ad4d9a37bf8ba6aa.pdf,888b4c0373f7da9588dc393a44c8d5682c0f2206bdfc8185ad4d9a37bf8ba6aa,ebitda / revenue
Saudi Basic Industries Corporation (SABIC),SA,2010,2022,,2022-12-31,fy,operational,energy_consumption_intensity,consolidated,{},16.0,SAR,GJ/tonne,https://www.sabic.com/en/Images/SABIC-Integrated-Annual-Report-2025-EN_tcm1010-49452.pdf,231,Sustainability performance summary,data\raw\SA\2010\documents\888b4c0373f7da9588dc393a44c8d5682c0f2206bdfc8185ad4d9a37bf8ba6aa.pdf,888b4c0373f7da9588dc393a44c8d5682c0f2206bdfc8185ad4d9a37bf8ba6aa,
Saudi Basic Industries Corporation (SABIC),SA,2010,2022,,2022-12-31,instant,calculated,equity_growth,consolidated,{},0.027333238918000283245999150,,ratio,https://www.sabic.com/en/Images/SABIC-Integrated-Annual-Report-2025-EN_tcm1010-49452.pdf,,,data\raw\SA\2010\documents\888b4c0373f7da9588dc393a44c8d5682c0f2206bdfc8185ad4d9a37bf8ba6aa.pdf,888b4c0373f7da9588dc393a44c8d5682c0f2206bdfc8185ad4d9a37bf8ba6aa,total_equity / prior_fy(total_equity) - 1
Saudi Basic Industries Corporation (SABIC),SA,2010,2022,,2022-12-31,instant,financial,equity_parent,consolidated,{},186050000000.00,SAR,SAR,https://www.sabic.com/en/Images/SABIC-Integrated-Annual-Report-2025-EN_tcm1010-49452.pdf,41,Summarized consolidated statement of financial position,data\raw\SA\2010\documents\888b4c0373f7da9588dc393a44c8d5682c0f2206bdfc8185ad4d9a37bf8ba6aa.pdf,888b4c0373f7da9588dc393a44c8d5682c0f2206bdfc8185ad4d9a37bf8ba6aa,
Saudi Basic Industries Corporation (SABIC),SA,2010,2022,,2022-12-31,instant,ratio,equity_ratio,consolidated,{},0.6950273066973268180511641276,,ratio,https://www.sabic.com/en/Images/SABIC-Integrated-Annual-Report-2025-EN_tcm1010-49452.pdf,,,data\raw\SA\2010\documents\888b4c0373f7da9588dc393a44c8d5682c0f2206bdfc8185ad4d9a37bf8ba6aa.pdf,888b4c0373f7da9588dc393a44c8d5682c0f2206bdfc8185ad4d9a37bf8ba6aa,total_equity / total_assets
Saudi Basic Industries Corporation (SABIC),SA,2010,2022,,2022-12-31,fy,operational,fatalities_count,consolidated,{},0,SAR,count,https://www.sabic.com/en/Images/SABIC-Integrated-Annual-Report-2025-EN_tcm1010-49452.pdf,232,Sustainability performance summary,data\raw\SA\2010\documents\888b4c0373f7da9588dc393a44c8d5682c0f2206bdfc8185ad4d9a37bf8ba6aa.pdf,888b4c0373f7da9588dc393a44c8d5682c0f2206bdfc8185ad4d9a37bf8ba6aa,
Saudi Basic Industries Corporation (SABIC),SA,2010,2022,,2022-12-31,fy,operational,fatalities_rate,consolidated,{},0,SAR,incidents/200k_hours,https://www.sabic.com/en/Images/SABIC-Integrated-Annual-Report-2025-EN_tcm1010-49452.pdf,232,Sustainability performance summary,data\raw\SA\2010\documents\888b4c0373f7da9588dc393a44c8d5682c0f2206bdfc8185ad4d9a37bf8ba6aa.pdf,888b4c0373f7da9588dc393a44c8d5682c0f2206bdfc8185ad4d9a37bf8ba6aa,
Saudi Basic Industries Corporation (SABIC),SA,2010,2022,,2022-12-31,fy,ratio,fcf_conversion,consolidated,{},0.7030219780219780219780219780,,ratio,https://www.sabic.com/en/Images/SABIC-Integrated-Annual-Report-2025-EN_tcm1010-49452.pdf,,,data\raw\SA\2010\documents\888b4c0373f7da9588dc393a44c8d5682c0f2206bdfc8185ad4d9a37bf8ba6aa.pdf,888b4c0373f7da9588dc393a44c8d5682c0f2206bdfc8185ad4d9a37bf8ba6aa,free_cash_flow / ebitda
Saudi Basic Industries Corporation (SABIC),SA,2010,2022,,2022-12-31,fy,ratio,fcf_margin,consolidated,{},0.1397749617653484815381254097,,ratio,https://www.sabic.com/en/Images/SABIC-Integrated-Annual-Report-2025-EN_tcm1010-49452.pdf,,,data\raw\SA\2010\documents\888b4c0373f7da9588dc393a44c8d5682c0f2206bdfc8185ad4d9a37bf8ba6aa.pdf,888b4c0373f7da9588dc393a44c8d5682c0f2206bdfc8185ad4d9a37bf8ba6aa,free_cash_flow / revenue
Saudi Basic Industries Corporation (SABIC),SA,2010,2022,,2022-12-31,fy,calculated,fcf_yield,consolidated,{},0.09541387024608501118568232662,,ratio,https://www.sabic.com/en/Images/SABIC-Integrated-Annual-Report-2025-EN_tcm1010-49452.pdf,,,data\raw\SA\2010\documents\888b4c0373f7da9588dc393a44c8d5682c0f2206bdfc8185ad4d9a37bf8ba6aa.pdf,888b4c0373f7da9588dc393a44c8d5682c0f2206bdfc8185ad4d9a37bf8ba6aa,free_cash_flow / reported_year_end_market_cap
Saudi Basic Industries Corporation (SABIC),SA,2010,2022,,2022-12-31,fy,financial,financing_cash_flow,consolidated,{},-25420000000.00,SAR,SAR,https://www.sabic.com/en/Images/SABIC-Integrated-Annual-Report-2025-EN_tcm1010-49452.pdf,42,Summarized consolidated cash flows,data\raw\SA\2010\documents\888b4c0373f7da9588dc393a44c8d5682c0f2206bdfc8185ad4d9a37bf8ba6aa.pdf,888b4c0373f7da9588dc393a44c8d5682c0f2206bdfc8185ad4d9a37bf8ba6aa,
Saudi Basic Industries Corporation (SABIC),SA,2010,2022,,2022-12-31,fy,operational,flaring_reduction_since_2010,consolidated,{},0.57,SAR,ratio,https://www.sabic.com/en/Images/SABIC-Integrated-Annual-Report-2025-EN_tcm1010-49452.pdf,231,Sustainability performance summary,data\raw\SA\2010\documents\888b4c0373f7da9588dc393a44c8d5682c0f2206bdfc8185ad4d9a37bf8ba6aa.pdf,888b4c0373f7da9588dc393a44c8d5682c0f2206bdfc8185ad4d9a37bf8ba6aa,
Saudi Basic Industries Corporation (SABIC),SA,2010,2022,,2022-12-31,fy,calculated,التدفق النقدي الحر,consolidated,{},25590000000.00,SAR,SAR,https://www.sabic.com/en/Images/SABIC-Integrated-Annual-Report-2025-EN_tcm1010-49452.pdf,42,Summarized consolidated cash flows,data\raw\SA\2010\documents\888b4c0373f7da9588dc393a44c8d5682c0f2206bdfc8185ad4d9a37bf8ba6aa.pdf,888b4c0373f7da9588dc393a44c8d5682c0f2206bdfc8185ad4d9a37bf8ba6aa,
Saudi Basic Industries Corporation (SABIC),SA,2010,2022,,2022-12-31,fy,calculated,free_cash_flow_growth,consolidated,{},-0.1027349228611500701262272090,,ratio,https://www.sabic.com/en/Images/SABIC-Integrated-Annual-Report-2025-EN_tcm1010-49452.pdf,,,data\raw\SA\2010\documents\888b4c0373f7da9588dc393a44c8d5682c0f2206bdfc8185ad4d9a37bf8ba6aa.pdf,888b4c0373f7da9588dc393a44c8d5682c0f2206bdfc8185ad4d9a37bf8ba6aa,free_cash_flow / prior_fy(free_cash_flow) - 1
Saudi Basic Industries Corporation (SABIC),SA,2010,2022,,2022-12-31,fy,operational,greenhouse_gas_intensity,consolidated,{},1.02,SAR,tCO2e/tonne,https://www.sabic.com/en/Images/SABIC-Integrated-Annual-Report-2025-EN_tcm1010-49452.pdf,232,Sustainability performance summary,data\raw\SA\2010\documents\888b4c0373f7da9588dc393a44c8d5682c0f2206bdfc8185ad4d9a37bf8ba6aa.pdf,888b4c0373f7da9588dc393a44c8d5682c0f2206bdfc8185ad4d9a37bf8ba6aa,
Saudi Basic Industries Corporation (SABIC),SA,2010,2022,,2022-12-31,fy,financial,ضرائب الدخل والزكاة,consolidated,{},2360000000.00,SAR,SAR,https://www.sabic.com/en/Images/SABIC-Integrated-Annual-Report-2025-EN_tcm1010-49452.pdf,40,Summarized consolidated statement of income,data\raw\SA\2010\documents\888b4c0373f7da9588dc393a44c8d5682c0f2206bdfc8185ad4d9a37bf8ba6aa.pdf,888b4c0373f7da9588dc393a44c8d5682c0f2206bdfc8185ad4d9a37bf8ba6aa,
Saudi Basic Industries Corporation (SABIC),SA,2010,2022,,2022-12-31,fy,financial,investing_cash_flow,consolidated,{},-12570000000.00,SAR,SAR,https://www.sabic.com/en/Images/SABIC-Integrated-Annual-Report-2025-EN_tcm1010-49452.pdf,42,Summarized consolidated cash flows,data\raw\SA\2010\documents\888b4c0373f7da9588dc393a44c8d5682c0f2206bdfc8185ad4d9a37bf8ba6aa.pdf,888b4c0373f7da9588dc393a44c8d5682c0f2206bdfc8185ad4d9a37bf8ba6aa,
Saudi Basic Industries Corporation (SABIC),SA,2010,2022,,2022-12-31,instant,ratio,liabilities_to_assets,consolidated,{},0.3049726933026731819488358724,,ratio,https://www.sabic.com/en/Images/SABIC-Integrated-Annual-Report-2025-EN_tcm1010-49452.pdf,,,data\raw\SA\2010\documents\888b4c0373f7da9588dc393a44c8d5682c0f2206bdfc8185ad4d9a37bf8ba6aa.pdf,888b4c0373f7da9588dc393a44c8d5682c0f2206bdfc8185ad4d9a37bf8ba6aa,total_liabilities / total_assets
Saudi Basic Industries Corporation (SABIC),SA,2010,2022,,2022-12-31,instant,ratio,الالتزامات إلى حقوق الملكية,consolidated,{},0.4387923904052936311000827130,,ratio,https://www.sabic.com/en/Images/SABIC-Integrated-Annual-Report-2025-EN_tcm1010-49452.pdf,,,data\raw\SA\2010\documents\888b4c0373f7da9588dc393a44c8d5682c0f2206bdfc8185ad4d9a37bf8ba6aa.pdf,888b4c0373f7da9588dc393a44c8d5682c0f2206bdfc8185ad4d9a37bf8ba6aa,total_liabilities / total_equity
Saudi Basic Industries Corporation (SABIC),SA,2010,2022,,2022-12-31,as_of,calculated,market_cap,consolidated,{},268200000000,SAR,SAR,https://www.sabic.com/en/Images/SABIC-Integrated-Annual-Report-2025-EN_tcm1010-49452.pdf,19,Five-year overview and dividend,data\raw\SA\2010\documents\888b4c0373f7da9588dc393a44c8d5682c0f2206bdfc8185ad4d9a37bf8ba6aa.pdf,888b4c0373f7da9588dc393a44c8d5682c0f2206bdfc8185ad4d9a37bf8ba6aa,
Saudi Basic Industries Corporation (SABIC),SA,2010,2022,,2022-12-31,as_of,calculated,market_cap_to_equity,consolidated,{},1.232423490488006617038875103,,ratio,https://www.sabic.com/en/Images/SABIC-Integrated-Annual-Report-2025-EN_tcm1010-49452.pdf,,,data\raw\SA\2010\documents\888b4c0373f7da9588dc393a44c8d5682c0f2206bdfc8185ad4d9a37bf8ba6aa.pdf,888b4c0373f7da9588dc393a44c8d5682c0f2206bdfc8185ad4d9a37bf8ba6aa,reported_year_end_market_cap / total_equity
Saudi Basic Industries Corporation (SABIC),SA,2010,2022,,2022-12-31,fy,operational,material_loss_intensity,consolidated,{},0.06,SAR,tonne/tonne,https://www.sabic.com/en/Images/SABIC-Integrated-Annual-Report-2025-EN_tcm1010-49452.pdf,231,Sustainability performance summary,data\raw\SA\2010\documents\888b4c0373f7da9588dc393a44c8d5682c0f2206bdfc8185ad4d9a37bf8ba6aa.pdf,888b4c0373f7da9588dc393a44c8d5682c0f2206bdfc8185ad4d9a37bf8ba6aa,
Saudi Basic Industries Corporation (SABIC),SA,2010,2022,,2022-12-31,fy,financial,صافي الربح العائد لمساهمي الشركة,consolidated,"{""basis"":""continuing_operations""}",15790000000.00,SAR,SAR,https://www.sabic.com/en/Images/SABIC-Integrated-Annual-Report-2025-EN_tcm1010-49452.pdf,40,Summarized consolidated statement of income,data\raw\SA\2010\documents\888b4c0373f7da9588dc393a44c8d5682c0f2206bdfc8185ad4d9a37bf8ba6aa.pdf,888b4c0373f7da9588dc393a44c8d5682c0f2206bdfc8185ad4d9a37bf8ba6aa,
Saudi Basic Industries Corporation (SABIC),SA,2010,2022,,2022-12-31,fy,financial,صافي الربح العائد لمساهمي الشركة,consolidated,{},16530000000.00,SAR,SAR,https://www.sabic.com/en/Images/SABIC-Integrated-Annual-Report-2025-EN_tcm1010-49452.pdf,40,Summarized consolidated statement of income,data\raw\SA\2010\documents\888b4c0373f7da9588dc393a44c8d5682c0f2206bdfc8185ad4d9a37bf8ba6aa.pdf,888b4c0373f7da9588dc393a44c8d5682c0f2206bdfc8185ad4d9a37bf8ba6aa,
Saudi Basic Industries Corporation (SABIC),SA,2010,2022,,2022-12-31,instant,financial,noncontrolling_interests,consolidated,{},31570000000.00,SAR,SAR,https://www.sabic.com/en/Images/SABIC-Integrated-Annual-Report-2025-EN_tcm1010-49452.pdf,41,Summarized consolidated statement of financial position,data\raw\SA\2010\documents\888b4c0373f7da9588dc393a44c8d5682c0f2206bdfc8185ad4d9a37bf8ba6aa.pdf,888b4c0373f7da9588dc393a44c8d5682c0f2206bdfc8185ad4d9a37bf8ba6aa,
Saudi Basic Industries Corporation (SABIC),SA,2010,2022,,2022-12-31,fy,financial,التدفق النقدي التشغيلي,consolidated,{},35810000000.00,SAR,SAR,https://www.sabic.com/en/Images/SABIC-Integrated-Annual-Report-2025-EN_tcm1010-49452.pdf,42,Summarized consolidated cash flows,data\raw\SA\2010\documents\888b4c0373f7da9588dc393a44c8d5682c0f2206bdfc8185ad4d9a37bf8ba6aa.pdf,888b4c0373f7da9588dc393a44c8d5682c0f2206bdfc8185ad4d9a37bf8ba6aa,
Saudi Basic Industries Corporation (SABIC),SA,2010,2022,,2022-12-31,fy,calculated,operating_cash_flow_growth,consolidated,{},-0.0931881488984553051405419093,,ratio,https://www.sabic.com/en/Images/SABIC-Integrated-Annual-Report-2025-EN_tcm1010-49452.pdf,,,data\raw\SA\2010\documents\888b4c0373f7da9588dc393a44c8d5682c0f2206bdfc8185ad4d9a37bf8ba6aa.pdf,888b4c0373f7da9588dc393a44c8d5682c0f2206bdfc8185ad4d9a37bf8ba6aa,operating_cash_flow / prior_fy(operating_cash_flow) - 1
Saudi Basic Industries Corporation (SABIC),SA,2010,2022,,2022-12-31,fy,operational,patent_portfolio_count,consolidated,{},9948,SAR,count,https://www.sabic.com/en/Images/SABIC-Integrated-Annual-Report-2025-EN_tcm1010-49452.pdf,232,Sustainability performance summary,data\raw\SA\2010\documents\888b4c0373f7da9588dc393a44c8d5682c0f2206bdfc8185ad4d9a37bf8ba6aa.pdf,888b4c0373f7da9588dc393a44c8d5682c0f2206bdfc8185ad4d9a37bf8ba6aa,
Saudi Basic Industries Corporation (SABIC),SA,2010,2022,,2022-12-31,as_of,calculated,price_to_book,consolidated,{},1.232423490488006617038875103,,ratio,https://www.sabic.com/en/Images/SABIC-Integrated-Annual-Report-2025-EN_tcm1010-49452.pdf,,,data\raw\SA\2010\documents\888b4c0373f7da9588dc393a44c8d5682c0f2206bdfc8185ad4d9a37bf8ba6aa.pdf,888b4c0373f7da9588dc393a44c8d5682c0f2206bdfc8185ad4d9a37bf8ba6aa,reported_year_end_market_cap / total_equity
Saudi Basic Industries Corporation (SABIC),SA,2010,2022,,2022-12-31,as_of,calculated,price_to_cash_flow,consolidated,{},7.489528064786372521641999441,,ratio,https://www.sabic.com/en/Images/SABIC-Integrated-Annual-Report-2025-EN_tcm1010-49452.pdf,,,data\raw\SA\2010\documents\888b4c0373f7da9588dc393a44c8d5682c0f2206bdfc8185ad4d9a37bf8ba6aa.pdf,888b4c0373f7da9588dc393a44c8d5682c0f2206bdfc8185ad4d9a37bf8ba6aa,reported_year_end_market_cap / operating_cash_flow
Saudi Basic Industries Corporation (SABIC),SA,2010,2022,,2022-12-31,as_of,calculated,price_to_free_cash_flow,consolidated,{},10.48065650644783118405627198,,ratio,https://www.sabic.com/en/Images/SABIC-Integrated-Annual-Report-2025-EN_tcm1010-49452.pdf,,,data\raw\SA\2010\documents\888b4c0373f7da9588dc393a44c8d5682c0f2206bdfc8185ad4d9a37bf8ba6aa.pdf,888b4c0373f7da9588dc393a44c8d5682c0f2206bdfc8185ad4d9a37bf8ba6aa,reported_year_end_market_cap / free_cash_flow
Saudi Basic Industries Corporation (SABIC),SA,2010,2022,,2022-12-31,as_of,calculated,price_to_sales,consolidated,{},1.464933362464496395018571116,,ratio,https://www.sabic.com/en/Images/SABIC-Integrated-Annual-Report-2025-EN_tcm1010-49452.pdf,,,data\raw\SA\2010\documents\888b4c0373f7da9588dc393a44c8d5682c0f2206bdfc8185ad4d9a37bf8ba6aa.pdf,888b4c0373f7da9588dc393a44c8d5682c0f2206bdfc8185ad4d9a37bf8ba6aa,reported_year_end_market_cap / revenue
Saudi Basic Industries Corporation (SABIC),SA,2010,2022,,2022-12-31,fy,financial,الإيرادات,consolidated,{},183080000000.00,SAR,SAR,https://www.sabic.com/en/Images/SABIC-Integrated-Annual-Report-2025-EN_tcm1010-49452.pdf,40,Summarized consolidated statement of income,data\raw\SA\2010\documents\888b4c0373f7da9588dc393a44c8d5682c0f2206bdfc8185ad4d9a37bf8ba6aa.pdf,888b4c0373f7da9588dc393a44c8d5682c0f2206bdfc8185ad4d9a37bf8ba6aa,
Saudi Basic Industries Corporation (SABIC),SA,2010,2022,,2022-12-31,fy,calculated,revenue_growth,consolidated,{},0.046889295516925892040256176,,ratio,https://www.sabic.com/en/Images/SABIC-Integrated-Annual-Report-2025-EN_tcm1010-49452.pdf,,,data\raw\SA\2010\documents\888b4c0373f7da9588dc393a44c8d5682c0f2206bdfc8185ad4d9a37bf8ba6aa.pdf,888b4c0373f7da9588dc393a44c8d5682c0f2206bdfc8185ad4d9a37bf8ba6aa,revenue / prior_fy(revenue) - 1
Saudi Basic Industries Corporation (SABIC),SA,2010,2022,,2022-12-31,fy,operational,scope_1_2_emissions,consolidated,{},44.4,SAR,million_tCO2e,https://www.sabic.com/en/Images/SABIC-Integrated-Annual-Report-2025-EN_tcm1010-49452.pdf,232,Sustainability performance summary,data\raw\SA\2010\documents\888b4c0373f7da9588dc393a44c8d5682c0f2206bdfc8185ad4d9a37bf8ba6aa.pdf,888b4c0373f7da9588dc393a44c8d5682c0f2206bdfc8185ad4d9a37bf8ba6aa,
Saudi Basic Industries Corporation (SABIC),SA,2010,2022,,2022-12-31,instant,financial,shares_outstanding,consolidated,{},3000000000,SAR,shares,https://www.sabic.com/en/Images/SABIC-Integrated-Annual-Report-2025-EN_tcm1010-49452.pdf,19,Five-year overview and dividend,data\raw\SA\2010\documents\888b4c0373f7da9588dc393a44c8d5682c0f2206bdfc8185ad4d9a37bf8ba6aa.pdf,888b4c0373f7da9588dc393a44c8d5682c0f2206bdfc8185ad4d9a37bf8ba6aa,
Saudi Basic Industries Corporation (SABIC),SA,2010,2022,,2022-12-31,instant,financial,tangible_book_value,consolidated,{},217620000000.00,SAR,SAR,https://www.sabic.com/en/Images/SABIC-Integrated-Annual-Report-2025-EN_tcm1010-49452.pdf,,,data\raw\SA\2010\documents\888b4c0373f7da9588dc393a44c8d5682c0f2206bdfc8185ad4d9a37bf8ba6aa.pdf,888b4c0373f7da9588dc393a44c8d5682c0f2206bdfc8185ad4d9a37bf8ba6aa,total_equity - intangible_assets
Saudi Basic Industries Corporation (SABIC),SA,2010,2022,,2022-12-31,instant,financial,tangible_book_value_per_share,consolidated,{},72.54,SAR,SAR/share,https://www.sabic.com/en/Images/SABIC-Integrated-Annual-Report-2025-EN_tcm1010-49452.pdf,,,data\raw\SA\2010\documents\888b4c0373f7da9588dc393a44c8d5682c0f2206bdfc8185ad4d9a37bf8ba6aa.pdf,888b4c0373f7da9588dc393a44c8d5682c0f2206bdfc8185ad4d9a37bf8ba6aa,(total_equity - intangible_assets) / shares_outstanding
Saudi Basic Industries Corporation (SABIC),SA,2010,2022,,2022-12-31,fy,operational,tier_1_process_safety_events,consolidated,{},11,SAR,count,https://www.sabic.com/en/Images/SABIC-Integrated-Annual-Report-2025-EN_tcm1010-49452.pdf,232,Sustainability performance summary,data\raw\SA\2010\documents\888b4c0373f7da9588dc393a44c8d5682c0f2206bdfc8185ad4d9a37bf8ba6aa.pdf,888b4c0373f7da9588dc393a44c8d5682c0f2206bdfc8185ad4d9a37bf8ba6aa,
Saudi Basic Industries Corporation (SABIC),SA,2010,2022,,2022-12-31,fy,operational,tier_1_process_safety_events_rate,consolidated,{},0.012,SAR,incidents/200k_hours,https://www.sabic.com/en/Images/SABIC-Integrated-Annual-Report-2025-EN_tcm1010-49452.pdf,232,Sustainability performance summary,data\raw\SA\2010\documents\888b4c0373f7da9588dc393a44c8d5682c0f2206bdfc8185ad4d9a37bf8ba6aa.pdf,888b4c0373f7da9588dc393a44c8d5682c0f2206bdfc8185ad4d9a37bf8ba6aa,
Saudi Basic Industries Corporation (SABIC),SA,2010,2022,,2022-12-31,instant,financial,إجمالي الأصول,consolidated,{},313110000000.00,SAR,SAR,https://www.sabic.com/en/Images/SABIC-Integrated-Annual-Report-2025-EN_tcm1010-49452.pdf,41,Summarized consolidated statement of financial position,data\raw\SA\2010\documents\888b4c0373f7da9588dc393a44c8d5682c0f2206bdfc8185ad4d9a37bf8ba6aa.pdf,888b4c0373f7da9588dc393a44c8d5682c0f2206bdfc8185ad4d9a37bf8ba6aa,
Saudi Basic Industries Corporation (SABIC),SA,2010,2022,,2022-12-31,instant,financial,حقوق الملكية,consolidated,{},217620000000.00,SAR,SAR,https://www.sabic.com/en/Images/SABIC-Integrated-Annual-Report-2025-EN_tcm1010-49452.pdf,41,Summarized consolidated statement of financial position,data\raw\SA\2010\documents\888b4c0373f7da9588dc393a44c8d5682c0f2206bdfc8185ad4d9a37bf8ba6aa.pdf,888b4c0373f7da9588dc393a44c8d5682c0f2206bdfc8185ad4d9a37bf8ba6aa,
Saudi Basic Industries Corporation (SABIC),SA,2010,2022,,2022-12-31,instant,financial,إجمالي الالتزامات,consolidated,{},95490000000.00,SAR,SAR,https://www.sabic.com/en/Images/SABIC-Integrated-Annual-Report-2025-EN_tcm1010-49452.pdf,41,Summarized consolidated statement of financial position,data\raw\SA\2010\documents\888b4c0373f7da9588dc393a44c8d5682c0f2206bdfc8185ad4d9a37bf8ba6aa.pdf,888b4c0373f7da9588dc393a44c8d5682c0f2206bdfc8185ad4d9a37bf8ba6aa,
Saudi Basic Industries Corporation (SABIC),SA,2010,2022,,2022-12-31,fy,operational,water_intensity,consolidated,{},2.5,SAR,m3/tonne,https://www.sabic.com/en/Images/SABIC-Integrated-Annual-Report-2025-EN_tcm1010-49452.pdf,231,Sustainability performance summary,data\raw\SA\2010\documents\888b4c0373f7da9588dc393a44c8d5682c0f2206bdfc8185ad4d9a37bf8ba6aa.pdf,888b4c0373f7da9588dc393a44c8d5682c0f2206bdfc8185ad4d9a37bf8ba6aa,
Saudi Basic Industries Corporation (SABIC),SA,2010,2022,,2022-12-31,fy,operational,women_workforce_share,consolidated,{},0.08,SAR,ratio,https://www.sabic.com/en/Images/SABIC-Integrated-Annual-Report-2025-EN_tcm1010-49452.pdf,233,Sustainability performance summary,data\raw\SA\2010\documents\888b4c0373f7da9588dc393a44c8d5682c0f2206bdfc8185ad4d9a37bf8ba6aa.pdf,888b4c0373f7da9588dc393a44c8d5682c0f2206bdfc8185ad4d9a37bf8ba6aa,
Saudi Basic Industries Corporation (SABIC),SA,2010,2021,,2021-12-31,fy,operational,active_suppliers_count,consolidated,{},30355,SAR,count,https://www.sabic.com/en/Images/SABIC-Integrated-Annual-Report-2025-EN_tcm1010-49452.pdf,233,Sustainability performance summary,data\raw\SA\2010\documents\888b4c0373f7da9588dc393a44c8d5682c0f2206bdfc8185ad4d9a37bf8ba6aa.pdf,888b4c0373f7da9588dc393a44c8d5682c0f2206bdfc8185ad4d9a37bf8ba6aa,
Saudi Basic Industries Corporation (SABIC),SA,2010,2021,,2021-12-31,instant,financial,book_value_per_share,consolidated,{},70.61,SAR,SAR/share,https://www.sabic.com/en/Images/SABIC-Integrated-Annual-Report-2025-EN_tcm1010-49452.pdf,,,data\raw\SA\2010\documents\888b4c0373f7da9588dc393a44c8d5682c0f2206bdfc8185ad4d9a37bf8ba6aa.pdf,888b4c0373f7da9588dc393a44c8d5682c0f2206bdfc8185ad4d9a37bf8ba6aa,total_equity / shares_outstanding
Saudi Basic Industries Corporation (SABIC),SA,2010,2021,,2021-12-31,fy,financial,النفقات الرأسمالية,consolidated,{},10970000000.00,SAR,SAR,https://www.sabic.com/en/Images/SABIC-Integrated-Annual-Report-2025-EN_tcm1010-49452.pdf,42,Summarized consolidated cash flows,data\raw\SA\2010\documents\888b4c0373f7da9588dc393a44c8d5682c0f2206bdfc8185ad4d9a37bf8ba6aa.pdf,888b4c0373f7da9588dc393a44c8d5682c0f2206bdfc8185ad4d9a37bf8ba6aa,
Saudi Basic Industries Corporation (SABIC),SA,2010,2021,,2021-12-31,fy,ratio,capex_to_cfo,consolidated,{},0.2777918460369713851608002026,,ratio,https://www.sabic.com/en/Images/SABIC-Integrated-Annual-Report-2025-EN_tcm1010-49452.pdf,,,data\raw\SA\2010\documents\888b4c0373f7da9588dc393a44c8d5682c0f2206bdfc8185ad4d9a37bf8ba6aa.pdf,888b4c0373f7da9588dc393a44c8d5682c0f2206bdfc8185ad4d9a37bf8ba6aa,abs(capex) / operating_cash_flow
Saudi Basic Industries Corporation (SABIC),SA,2010,2021,,2021-12-31,fy,ratio,capex_to_revenue,consolidated,{},0.06272872827081427264409881061,,ratio,https://www.sabic.com/en/Images/SABIC-Integrated-Annual-Report-2025-EN_tcm1010-49452.pdf,,,data\raw\SA\2010\documents\888b4c0373f7da9588dc393a44c8d5682c0f2206bdfc8185ad4d9a37bf8ba6aa.pdf,888b4c0373f7da9588dc393a44c8d5682c0f2206bdfc8185ad4d9a37bf8ba6aa,abs(capex) / revenue
Saudi Basic Industries Corporation (SABIC),SA,2010,2021,,2021-12-31,instant,financial,النقد وما في حكمه,consolidated,{},42310000000.00,SAR,SAR,https://www.sabic.com/en/Images/SABIC-Integrated-Annual-Report-2025-EN_tcm1010-49452.pdf,42,Summarized consolidated cash flows,data\raw\SA\2010\documents\888b4c0373f7da9588dc393a44c8d5682c0f2206bdfc8185ad4d9a37bf8ba6aa.pdf,888b4c0373f7da9588dc393a44c8d5682c0f2206bdfc8185ad4d9a37bf8ba6aa,
Saudi Basic Industries Corporation (SABIC),SA,2010,2021,,2021-12-31,fy,financial,cash_change,consolidated,{},12750000000.00,SAR,SAR,https://www.sabic.com/en/Images/SABIC-Integrated-Annual-Report-2025-EN_tcm1010-49452.pdf,42,Summarized consolidated cash flows,data\raw\SA\2010\documents\888b4c0373f7da9588dc393a44c8d5682c0f2206bdfc8185ad4d9a37bf8ba6aa.pdf,888b4c0373f7da9588dc393a44c8d5682c0f2206bdfc8185ad4d9a37bf8ba6aa,
Saudi Basic Industries Corporation (SABIC),SA,2010,2021,,2021-12-31,fy,financial,cash_end,consolidated,{},42310000000.00,SAR,SAR,https://www.sabic.com/en/Images/SABIC-Integrated-Annual-Report-2025-EN_tcm1010-49452.pdf,42,Summarized consolidated cash flows,data\raw\SA\2010\documents\888b4c0373f7da9588dc393a44c8d5682c0f2206bdfc8185ad4d9a37bf8ba6aa.pdf,888b4c0373f7da9588dc393a44c8d5682c0f2206bdfc8185ad4d9a37bf8ba6aa,
Saudi Basic Industries Corporation (SABIC),SA,2010,2021,,2021-12-31,fy,ratio,cfo_margin,consolidated,{},0.2258119853613906678865507777,,ratio,https://www.sabic.com/en/Images/SABIC-Integrated-Annual-Report-2025-EN_tcm1010-49452.pdf,,,data\raw\SA\2010\documents\888b4c0373f7da9588dc393a44c8d5682c0f2206bdfc8185ad4d9a37bf8ba6aa.pdf,888b4c0373f7da9588dc393a44c8d5682c0f2206bdfc8185ad4d9a37bf8ba6aa,operating_cash_flow / revenue
Saudi Basic Industries Corporation (SABIC),SA,2010,2021,,2021-12-31,fy,calculated,cfo_yield,consolidated,{},0.1134770114942528735632183908,,ratio,https://www.sabic.com/en/Images/SABIC-Integrated-Annual-Report-2025-EN_tcm1010-49452.pdf,,,data\raw\SA\2010\documents\888b4c0373f7da9588dc393a44c8d5682c0f2206bdfc8185ad4d9a37bf8ba6aa.pdf,888b4c0373f7da9588dc393a44c8d5682c0f2206bdfc8185ad4d9a37bf8ba6aa,operating_cash_flow / reported_year_end_market_cap
Saudi Basic Industries Corporation (SABIC),SA,2010,2021,,2021-12-31,fy,operational,co2_utilization,consolidated,{},3.6,SAR,million_tonnes,https://www.sabic.com/en/Images/SABIC-Integrated-Annual-Report-2025-EN_tcm1010-49452.pdf,231,Sustainability performance summary,data\raw\SA\2010\documents\888b4c0373f7da9588dc393a44c8d5682c0f2206bdfc8185ad4d9a37bf8ba6aa.pdf,888b4c0373f7da9588dc393a44c8d5682c0f2206bdfc8185ad4d9a37bf8ba6aa,
Saudi Basic Industries Corporation (SABIC),SA,2010,2021,,2021-12-31,fy,financial,التوزيعات لكل سهم,consolidated,{},4,SAR,SAR/share,https://www.sabic.com/en/Images/SABIC-Integrated-Annual-Report-2025-EN_tcm1010-49452.pdf,19,Five-year overview and dividend,data\raw\SA\2010\documents\888b4c0373f7da9588dc393a44c8d5682c0f2206bdfc8185ad4d9a37bf8ba6aa.pdf,888b4c0373f7da9588dc393a44c8d5682c0f2206bdfc8185ad4d9a37bf8ba6aa,
Saudi Basic Industries Corporation (SABIC),SA,2010,2021,,2021-12-31,fy,financial,ebit,consolidated,{},33600000000.00,SAR,SAR,https://www.sabic.com/en/Images/SABIC-Integrated-Annual-Report-2025-EN_tcm1010-49452.pdf,40,Summarized consolidated statement of income,data\raw\SA\2010\documents\888b4c0373f7da9588dc393a44c8d5682c0f2206bdfc8185ad4d9a37bf8ba6aa.pdf,888b4c0373f7da9588dc393a44c8d5682c0f2206bdfc8185ad4d9a37bf8ba6aa,
Saudi Basic Industries Corporation (SABIC),SA,2010,2021,,2021-12-31,fy,ratio,ebit_margin,consolidated,{},0.1921317474839890210430009149,,ratio,https://www.sabic.com/en/Images/SABIC-Integrated-Annual-Report-2025-EN_tcm1010-49452.pdf,,,data\raw\SA\2010\documents\888b4c0373f7da9588dc393a44c8d5682c0f2206bdfc8185ad4d9a37bf8ba6aa.pdf,888b4c0373f7da9588dc393a44c8d5682c0f2206bdfc8185ad4d9a37bf8ba6aa,ebit / revenue
Saudi Basic Industries Corporation (SABIC),SA,2010,2021,,2021-12-31,fy,financial,ebitda,consolidated,{},48510000000.00,SAR,SAR,https://www.sabic.com/en/Images/SABIC-Integrated-Annual-Report-2025-EN_tcm1010-49452.pdf,40,Summarized consolidated statement of income,data\raw\SA\2010\documents\888b4c0373f7da9588dc393a44c8d5682c0f2206bdfc8185ad4d9a37bf8ba6aa.pdf,888b4c0373f7da9588dc393a44c8d5682c0f2206bdfc8185ad4d9a37bf8ba6aa,
Saudi Basic Industries Corporation (SABIC),SA,2010,2021,,2021-12-31,fy,ratio,ebitda_margin,consolidated,{},0.2773902104300091491308325709,,ratio,https://www.sabic.com/en/Images/SABIC-Integrated-Annual-Report-2025-EN_tcm1010-49452.pdf,,,data\raw\SA\2010\documents\888b4c0373f7da9588dc393a44c8d5682c0f2206bdfc8185ad4d9a37bf8ba6aa.pdf,888b4c0373f7da9588dc393a44c8d5682c0f2206bdfc8185ad4d9a37bf8ba6aa,ebitda / revenue
Saudi Basic Industries Corporation (SABIC),SA,2010,2021,,2021-12-31,fy,operational,energy_consumption_intensity,consolidated,{},16.7,SAR,GJ/tonne,https://www.sabic.com/en/Images/SABIC-Integrated-Annual-Report-2025-EN_tcm1010-49452.pdf,231,Sustainability performance summary,data\raw\SA\2010\documents\888b4c0373f7da9588dc393a44c8d5682c0f2206bdfc8185ad4d9a37bf8ba6aa.pdf,888b4c0373f7da9588dc393a44c8d5682c0f2206bdfc8185ad4d9a37bf8ba6aa,
Saudi Basic Industries Corporation (SABIC),SA,2010,2021,,2021-12-31,instant,financial,equity_parent,consolidated,{},180140000000.00,SAR,SAR,https://www.sabic.com/en/Images/SABIC-Integrated-Annual-Report-2025-EN_tcm1010-49452.pdf,41,Summarized consolidated statement of financial position,data\raw\SA\2010\documents\888b4c0373f7da9588dc393a44c8d5682c0f2206bdfc8185ad4d9a37bf8ba6aa.pdf,888b4c0373f7da9588dc393a44c8d5682c0f2206bdfc8185ad4d9a37bf8ba6aa,
Saudi Basic Industries Corporation (SABIC),SA,2010,2021,,2021-12-31,instant,ratio,equity_ratio,consolidated,{},0.6632953406813627254509018036,,ratio,https://www.sabic.com/en/Images/SABIC-Integrated-Annual-Report-2025-EN_tcm1010-49452.pdf,,,data\raw\SA\2010\documents\888b4c0373f7da9588dc393a44c8d5682c0f2206bdfc8185ad4d9a37bf8ba6aa.pdf,888b4c0373f7da9588dc393a44c8d5682c0f2206bdfc8185ad4d9a37bf8ba6aa,total_equity / total_assets
Saudi Basic Industries Corporation (SABIC),SA,2010,2021,,2021-12-31,fy,operational,fatalities_count,consolidated,{},0,SAR,count,https://www.sabic.com/en/Images/SABIC-Integrated-Annual-Report-2025-EN_tcm1010-49452.pdf,232,Sustainability performance summary,data\raw\SA\2010\documents\888b4c0373f7da9588dc393a44c8d5682c0f2206bdfc8185ad4d9a37bf8ba6aa.pdf,888b4c0373f7da9588dc393a44c8d5682c0f2206bdfc8185ad4d9a37bf8ba6aa,
Saudi Basic Industries Corporation (SABIC),SA,2010,2021,,2021-12-31,fy,operational,fatalities_rate,consolidated,{},0,SAR,incidents/200k_hours,https://www.sabic.com/en/Images/SABIC-Integrated-Annual-Report-2025-EN_tcm1010-49452.pdf,232,Sustainability performance summary,data\raw\SA\2010\documents\888b4c0373f7da9588dc393a44c8d5682c0f2206bdfc8185ad4d9a37bf8ba6aa.pdf,888b4c0373f7da9588dc393a44c8d5682c0f2206bdfc8185ad4d9a37bf8ba6aa,
Saudi Basic Industries Corporation (SABIC),SA,2010,2021,,2021-12-31,fy,ratio,fcf_conversion,consolidated,{},0.5879200164914450628736343022,,ratio,https://www.sabic.com/en/Images/SABIC-Integrated-Annual-Report-2025-EN_tcm1010-49452.pdf,,,data\raw\SA\2010\documents\888b4c0373f7da9588dc393a44c8d5682c0f2206bdfc8185ad4d9a37bf8ba6aa.pdf,888b4c0373f7da9588dc393a44c8d5682c0f2206bdfc8185ad4d9a37bf8ba6aa,free_cash_flow / ebitda
Saudi Basic Industries Corporation (SABIC),SA,2010,2021,,2021-12-31,fy,ratio,fcf_margin,consolidated,{},0.1630832570905763952424519671,,ratio,https://www.sabic.com/en/Images/SABIC-Integrated-Annual-Report-2025-EN_tcm1010-49452.pdf,,,data\raw\SA\2010\documents\888b4c0373f7da9588dc393a44c8d5682c0f2206bdfc8185ad4d9a37bf8ba6aa.pdf,888b4c0373f7da9588dc393a44c8d5682c0f2206bdfc8185ad4d9a37bf8ba6aa,free_cash_flow / revenue
Saudi Basic Industries Corporation (SABIC),SA,2010,2021,,2021-12-31,fy,calculated,fcf_yield,consolidated,{},0.08195402298850574712643678161,,ratio,https://www.sabic.com/en/Images/SABIC-Integrated-Annual-Report-2025-EN_tcm1010-49452.pdf,,,data\raw\SA\2010\documents\888b4c0373f7da9588dc393a44c8d5682c0f2206bdfc8185ad4d9a37bf8ba6aa.pdf,888b4c0373f7da9588dc393a44c8d5682c0f2206bdfc8185ad4d9a37bf8ba6aa,free_cash_flow / reported_year_end_market_cap
Saudi Basic Industries Corporation (SABIC),SA,2010,2021,,2021-12-31,fy,financial,financing_cash_flow,consolidated,{},-17820000000.00,SAR,SAR,https://www.sabic.com/en/Images/SABIC-Integrated-Annual-Report-2025-EN_tcm1010-49452.pdf,42,Summarized consolidated cash flows,data\raw\SA\2010\documents\888b4c0373f7da9588dc393a44c8d5682c0f2206bdfc8185ad4d9a37bf8ba6aa.pdf,888b4c0373f7da9588dc393a44c8d5682c0f2206bdfc8185ad4d9a37bf8ba6aa,
Saudi Basic Industries Corporation (SABIC),SA,2010,2021,,2021-12-31,fy,operational,flaring_reduction_since_2010,consolidated,{},0.54,SAR,ratio,https://www.sabic.com/en/Images/SABIC-Integrated-Annual-Report-2025-EN_tcm1010-49452.pdf,231,Sustainability performance summary,data\raw\SA\2010\documents\888b4c0373f7da9588dc393a44c8d5682c0f2206bdfc8185ad4d9a37bf8ba6aa.pdf,888b4c0373f7da9588dc393a44c8d5682c0f2206bdfc8185ad4d9a37bf8ba6aa,
Saudi Basic Industries Corporation (SABIC),SA,2010,2021,,2021-12-31,fy,calculated,التدفق النقدي الحر,consolidated,{},28520000000.00,SAR,SAR,https://www.sabic.com/en/Images/SABIC-Integrated-Annual-Report-2025-EN_tcm1010-49452.pdf,42,Summarized consolidated cash flows,data\raw\SA\2010\documents\888b4c0373f7da9588dc393a44c8d5682c0f2206bdfc8185ad4d9a37bf8ba6aa.pdf,888b4c0373f7da9588dc393a44c8d5682c0f2206bdfc8185ad4d9a37bf8ba6aa,
Saudi Basic Industries Corporation (SABIC),SA,2010,2021,,2021-12-31,fy,operational,greenhouse_gas_intensity,consolidated,{},1.07,SAR,tCO2e/tonne,https://www.sabic.com/en/Images/SABIC-Integrated-Annual-Report-2025-EN_tcm1010-49452.pdf,232,Sustainability performance summary,data\raw\SA\2010\documents\888b4c0373f7da9588dc393a44c8d5682c0f2206bdfc8185ad4d9a37bf8ba6aa.pdf,888b4c0373f7da9588dc393a44c8d5682c0f2206bdfc8185ad4d9a37bf8ba6aa,
Saudi Basic Industries Corporation (SABIC),SA,2010,2021,,2021-12-31,fy,financial,ضرائب الدخل والزكاة,consolidated,{},3590000000.00,SAR,SAR,https://www.sabic.com/en/Images/SABIC-Integrated-Annual-Report-2025-EN_tcm1010-49452.pdf,40,Summarized consolidated statement of income,data\raw\SA\2010\documents\888b4c0373f7da9588dc393a44c8d5682c0f2206bdfc8185ad4d9a37bf8ba6aa.pdf,888b4c0373f7da9588dc393a44c8d5682c0f2206bdfc8185ad4d9a37bf8ba6aa,
Saudi Basic Industries Corporation (SABIC),SA,2010,2021,,2021-12-31,fy,financial,investing_cash_flow,consolidated,{},-8920000000.00,SAR,SAR,https://www.sabic.com/en/Images/SABIC-Integrated-Annual-Report-2025-EN_tcm1010-49452.pdf,42,Summarized consolidated cash flows,data\raw\SA\2010\documents\888b4c0373f7da9588dc393a44c8d5682c0f2206bdfc8185ad4d9a37bf8ba6aa.pdf,888b4c0373f7da9588dc393a44c8d5682c0f2206bdfc8185ad4d9a37bf8ba6aa,
Saudi Basic Industries Corporation (SABIC),SA,2010,2021,,2021-12-31,instant,ratio,liabilities_to_assets,consolidated,{},0.3366733466933867735470941884,,ratio,https://www.sabic.com/en/Images/SABIC-Integrated-Annual-Report-2025-EN_tcm1010-49452.pdf,,,data\raw\SA\2010\documents\888b4c0373f7da9588dc393a44c8d5682c0f2206bdfc8185ad4d9a37bf8ba6aa.pdf,888b4c0373f7da9588dc393a44c8d5682c0f2206bdfc8185ad4d9a37bf8ba6aa,total_liabilities / total_assets
Saudi Basic Industries Corporation (SABIC),SA,2010,2021,,2021-12-31,instant,ratio,الالتزامات إلى حقوق الملكية,consolidated,{},0.5075768304772695085681914743,,ratio,https://www.sabic.com/en/Images/SABIC-Integrated-Annual-Report-2025-EN_tcm1010-49452.pdf,,,data\raw\SA\2010\documents\888b4c0373f7da9588dc393a44c8d5682c0f2206bdfc8185ad4d9a37bf8ba6aa.pdf,888b4c0373f7da9588dc393a44c8d5682c0f2206bdfc8185ad4d9a37bf8ba6aa,total_liabilities / total_equity
Saudi Basic Industries Corporation (SABIC),SA,2010,2021,,2021-12-31,as_of,calculated,market_cap,consolidated,{},348000000000,SAR,SAR,https://www.sabic.com/en/Images/SABIC-Integrated-Annual-Report-2025-EN_tcm1010-49452.pdf,19,Five-year overview and dividend,data\raw\SA\2010\documents\888b4c0373f7da9588dc393a44c8d5682c0f2206bdfc8185ad4d9a37bf8ba6aa.pdf,888b4c0373f7da9588dc393a44c8d5682c0f2206bdfc8185ad4d9a37bf8ba6aa,
Saudi Basic Industries Corporation (SABIC),SA,2010,2021,,2021-12-31,as_of,calculated,market_cap_to_equity,consolidated,{},1.642826795071519614785441156,,ratio,https://www.sabic.com/en/Images/SABIC-Integrated-Annual-Report-2025-EN_tcm1010-49452.pdf,,,data\raw\SA\2010\documents\888b4c0373f7da9588dc393a44c8d5682c0f2206bdfc8185ad4d9a37bf8ba6aa.pdf,888b4c0373f7da9588dc393a44c8d5682c0f2206bdfc8185ad4d9a37bf8ba6aa,reported_year_end_market_cap / total_equity
Saudi Basic Industries Corporation (SABIC),SA,2010,2021,,2021-12-31,fy,operational,material_loss_intensity,consolidated,{},0.06,SAR,tonne/tonne,https://www.sabic.com/en/Images/SABIC-Integrated-Annual-Report-2025-EN_tcm1010-49452.pdf,231,Sustainability performance summary,data\raw\SA\2010\documents\888b4c0373f7da9588dc393a44c8d5682c0f2206bdfc8185ad4d9a37bf8ba6aa.pdf,888b4c0373f7da9588dc393a44c8d5682c0f2206bdfc8185ad4d9a37bf8ba6aa,
Saudi Basic Industries Corporation (SABIC),SA,2010,2021,,2021-12-31,fy,financial,صافي الربح العائد لمساهمي الشركة,consolidated,{},23070000000.00,SAR,SAR,https://www.sabic.com/en/Images/SABIC-Integrated-Annual-Report-2025-EN_tcm1010-49452.pdf,40,Summarized consolidated statement of income,data\raw\SA\2010\documents\888b4c0373f7da9588dc393a44c8d5682c0f2206bdfc8185ad4d9a37bf8ba6aa.pdf,888b4c0373f7da9588dc393a44c8d5682c0f2206bdfc8185ad4d9a37bf8ba6aa,
Saudi Basic Industries Corporation (SABIC),SA,2010,2021,,2021-12-31,instant,financial,noncontrolling_interests,consolidated,{},31690000000.00,SAR,SAR,https://www.sabic.com/en/Images/SABIC-Integrated-Annual-Report-2025-EN_tcm1010-49452.pdf,41,Summarized consolidated statement of financial position,data\raw\SA\2010\documents\888b4c0373f7da9588dc393a44c8d5682c0f2206bdfc8185ad4d9a37bf8ba6aa.pdf,888b4c0373f7da9588dc393a44c8d5682c0f2206bdfc8185ad4d9a37bf8ba6aa,
Saudi Basic Industries Corporation (SABIC),SA,2010,2021,,2021-12-31,fy,financial,التدفق النقدي التشغيلي,consolidated,{},39490000000.00,SAR,SAR,https://www.sabic.com/en/Images/SABIC-Integrated-Annual-Report-2025-EN_tcm1010-49452.pdf,42,Summarized consolidated cash flows,data\raw\SA\2010\documents\888b4c0373f7da9588dc393a44c8d5682c0f2206bdfc8185ad4d9a37bf8ba6aa.pdf,888b4c0373f7da9588dc393a44c8d5682c0f2206bdfc8185ad4d9a37bf8ba6aa,
Saudi Basic Industries Corporation (SABIC),SA,2010,2021,,2021-12-31,fy,operational,patent_portfolio_count,consolidated,{},10090,SAR,count,https://www.sabic.com/en/Images/SABIC-Integrated-Annual-Report-2025-EN_tcm1010-49452.pdf,232,Sustainability performance summary,data\raw\SA\2010\documents\888b4c0373f7da9588dc393a44c8d5682c0f2206bdfc8185ad4d9a37bf8ba6aa.pdf,888b4c0373f7da9588dc393a44c8d5682c0f2206bdfc8185ad4d9a37bf8ba6aa,
Saudi Basic Industries Corporation (SABIC),SA,2010,2021,,2021-12-31,as_of,calculated,price_to_book,consolidated,{},1.642826795071519614785441156,,ratio,https://www.sabic.com/en/Images/SABIC-Integrated-Annual-Report-2025-EN_tcm1010-49452.pdf,,,data\raw\SA\2010\documents\888b4c0373f7da9588dc393a44c8d5682c0f2206bdfc8185ad4d9a37bf8ba6aa.pdf,888b4c0373f7da9588dc393a44c8d5682c0f2206bdfc8185ad4d9a37bf8ba6aa,reported_year_end_market_cap / total_equity
Saudi Basic Industries Corporation (SABIC),SA,2010,2021,,2021-12-31,as_of,calculated,price_to_cash_flow,consolidated,{},8.812357558875664725246897949,,ratio,https://www.sabic.com/en/Images/SABIC-Integrated-Annual-Report-2025-EN_tcm1010-49452.pdf,,,data\raw\SA\2010\documents\888b4c0373f7da9588dc393a44c8d5682c0f2206bdfc8185ad4d9a37bf8ba6aa.pdf,888b4c0373f7da9588dc393a44c8d5682c0f2206bdfc8185ad4d9a37bf8ba6aa,reported_year_end_market_cap / operating_cash_flow
Saudi Basic Industries Corporation (SABIC),SA,2010,2021,,2021-12-31,as_of,calculated,price_to_free_cash_flow,consolidated,{},12.20196353436185133239831697,,ratio,https://www.sabic.com/en/Images/SABIC-Integrated-Annual-Report-2025-EN_tcm1010-49452.pdf,,,data\raw\SA\2010\documents\888b4c0373f7da9588dc393a44c8d5682c0f2206bdfc8185ad4d9a37bf8ba6aa.pdf,888b4c0373f7da9588dc393a44c8d5682c0f2206bdfc8185ad4d9a37bf8ba6aa,reported_year_end_market_cap / free_cash_flow
Saudi Basic Industries Corporation (SABIC),SA,2010,2021,,2021-12-31,as_of,calculated,price_to_sales,consolidated,{},1.989935956084172003659652333,,ratio,https://www.sabic.com/en/Images/SABIC-Integrated-Annual-Report-2025-EN_tcm1010-49452.pdf,,,data\raw\SA\2010\documents\888b4c0373f7da9588dc393a44c8d5682c0f2206bdfc8185ad4d9a37bf8ba6aa.pdf,888b4c0373f7da9588dc393a44c8d5682c0f2206bdfc8185ad4d9a37bf8ba6aa,reported_year_end_market_cap / revenue
Saudi Basic Industries Corporation (SABIC),SA,2010,2021,,2021-12-31,fy,financial,الإيرادات,consolidated,{},174880000000.00,SAR,SAR,https://www.sabic.com/en/Images/SABIC-Integrated-Annual-Report-2025-EN_tcm1010-49452.pdf,40,Summarized consolidated statement of income,data\raw\SA\2010\documents\888b4c0373f7da9588dc393a44c8d5682c0f2206bdfc8185ad4d9a37bf8ba6aa.pdf,888b4c0373f7da9588dc393a44c8d5682c0f2206bdfc8185ad4d9a37bf8ba6aa,
Saudi Basic Industries Corporation (SABIC),SA,2010,2021,,2021-12-31,fy,operational,scope_1_2_emissions,consolidated,{},44.3,SAR,million_tCO2e,https://www.sabic.com/en/Images/SABIC-Integrated-Annual-Report-2025-EN_tcm1010-49452.pdf,232,Sustainability performance summary,data\raw\SA\2010\documents\888b4c0373f7da9588dc393a44c8d5682c0f2206bdfc8185ad4d9a37bf8ba6aa.pdf,888b4c0373f7da9588dc393a44c8d5682c0f2206bdfc8185ad4d9a37bf8ba6aa,
Saudi Basic Industries Corporation (SABIC),SA,2010,2021,,2021-12-31,instant,financial,shares_outstanding,consolidated,{},3000000000,SAR,shares,https://www.sabic.com/en/Images/SABIC-Integrated-Annual-Report-2025-EN_tcm1010-49452.pdf,19,Five-year overview and dividend,data\raw\SA\2010\documents\888b4c0373f7da9588dc393a44c8d5682c0f2206bdfc8185ad4d9a37bf8ba6aa.pdf,888b4c0373f7da9588dc393a44c8d5682c0f2206bdfc8185ad4d9a37bf8ba6aa,
Saudi Basic Industries Corporation (SABIC),SA,2010,2021,,2021-12-31,instant,financial,tangible_book_value,consolidated,{},211830000000.00,SAR,SAR,https://www.sabic.com/en/Images/SABIC-Integrated-Annual-Report-2025-EN_tcm1010-49452.pdf,,,data\raw\SA\2010\documents\888b4c0373f7da9588dc393a44c8d5682c0f2206bdfc8185ad4d9a37bf8ba6aa.pdf,888b4c0373f7da9588dc393a44c8d5682c0f2206bdfc8185ad4d9a37bf8ba6aa,total_equity - intangible_assets
Saudi Basic Industries Corporation (SABIC),SA,2010,2021,,2021-12-31,instant,financial,tangible_book_value_per_share,consolidated,{},70.61,SAR,SAR/share,https://www.sabic.com/en/Images/SABIC-Integrated-Annual-Report-2025-EN_tcm1010-49452.pdf,,,data\raw\SA\2010\documents\888b4c0373f7da9588dc393a44c8d5682c0f2206bdfc8185ad4d9a37bf8ba6aa.pdf,888b4c0373f7da9588dc393a44c8d5682c0f2206bdfc8185ad4d9a37bf8ba6aa,(total_equity - intangible_assets) / shares_outstanding
Saudi Basic Industries Corporation (SABIC),SA,2010,2021,,2021-12-31,fy,operational,tier_1_process_safety_events,consolidated,{},15,SAR,count,https://www.sabic.com/en/Images/SABIC-Integrated-Annual-Report-2025-EN_tcm1010-49452.pdf,232,Sustainability performance summary,data\raw\SA\2010\documents\888b4c0373f7da9588dc393a44c8d5682c0f2206bdfc8185ad4d9a37bf8ba6aa.pdf,888b4c0373f7da9588dc393a44c8d5682c0f2206bdfc8185ad4d9a37bf8ba6aa,
Saudi Basic Industries Corporation (SABIC),SA,2010,2021,,2021-12-31,fy,operational,tier_1_process_safety_events_rate,consolidated,{},0.016,SAR,incidents/200k_hours,https://www.sabic.com/en/Images/SABIC-Integrated-Annual-Report-2025-EN_tcm1010-49452.pdf,232,Sustainability performance summary,data\raw\SA\2010\documents\888b4c0373f7da9588dc393a44c8d5682c0f2206bdfc8185ad4d9a37bf8ba6aa.pdf,888b4c0373f7da9588dc393a44c8d5682c0f2206bdfc8185ad4d9a37bf8ba6aa,
Saudi Basic Industries Corporation (SABIC),SA,2010,2021,,2021-12-31,instant,financial,إجمالي الأصول,consolidated,{},319360000000.00,SAR,SAR,https://www.sabic.com/en/Images/SABIC-Integrated-Annual-Report-2025-EN_tcm1010-49452.pdf,41,Summarized consolidated statement of financial position,data\raw\SA\2010\documents\888b4c0373f7da9588dc393a44c8d5682c0f2206bdfc8185ad4d9a37bf8ba6aa.pdf,888b4c0373f7da9588dc393a44c8d5682c0f2206bdfc8185ad4d9a37bf8ba6aa,
Saudi Basic Industries Corporation (SABIC),SA,2010,2021,,2021-12-31,instant,financial,حقوق الملكية,consolidated,{},211830000000.00,SAR,SAR,https://www.sabic.com/en/Images/SABIC-Integrated-Annual-Report-2025-EN_tcm1010-49452.pdf,41,Summarized consolidated statement of financial position,data\raw\SA\2010\documents\888b4c0373f7da9588dc393a44c8d5682c0f2206bdfc8185ad4d9a37bf8ba6aa.pdf,888b4c0373f7da9588dc393a44c8d5682c0f2206bdfc8185ad4d9a37bf8ba6aa,
Saudi Basic Industries Corporation (SABIC),SA,2010,2021,,2021-12-31,instant,financial,إجمالي الالتزامات,consolidated,{},107520000000.00,SAR,SAR,https://www.sabic.com/en/Images/SABIC-Integrated-Annual-Report-2025-EN_tcm1010-49452.pdf,41,Summarized consolidated statement of financial position,data\raw\SA\2010\documents\888b4c0373f7da9588dc393a44c8d5682c0f2206bdfc8185ad4d9a37bf8ba6aa.pdf,888b4c0373f7da9588dc393a44c8d5682c0f2206bdfc8185ad4d9a37bf8ba6aa,
Saudi Basic Industries Corporation (SABIC),SA,2010,2021,,2021-12-31,fy,operational,water_intensity,consolidated,{},2.7,SAR,m3/tonne,https://www.sabic.com/en/Images/SABIC-Integrated-Annual-Report-2025-EN_tcm1010-49452.pdf,231,Sustainability performance summary,data\raw\SA\2010\documents\888b4c0373f7da9588dc393a44c8d5682c0f2206bdfc8185ad4d9a37bf8ba6aa.pdf,888b4c0373f7da9588dc393a44c8d5682c0f2206bdfc8185ad4d9a37bf8ba6aa,
Saudi Basic Industries Corporation (SABIC),SA,2010,2021,,2021-12-31,fy,operational,women_workforce_share,consolidated,{},0.07,SAR,ratio,https://www.sabic.com/en/Images/SABIC-Integrated-Annual-Report-2025-EN_tcm1010-49452.pdf,233,Sustainability performance summary,data\raw\SA\2010\documents\888b4c0373f7da9588dc393a44c8d5682c0f2206bdfc8185ad4d9a37bf8ba6aa.pdf,888b4c0373f7da9588dc393a44c8d5682c0f2206bdfc8185ad4d9a37bf8ba6aa,
Saudi Arabian Oil Company (Aramco),SA,2222,2026,,2026-09-03,as_of,calculated,dividend_yield,consolidated,{},0.05100774872976862050962064970,,ratio,https://www.saudiexchange.sa/wps/portal/saudiexchange/newsandreports/reports-publications/historical-reports?locale=en,,,data\raw\SA\2222\market\saudi-exchange-historical-2026-09-04.json,20472a1b532c2343701911cd896f01059d5f5fbb5f7a8c4cc8540a9a1a950527,abs(latest_filed_fy(dividends_paid)) / market_cap
Saudi Arabian Oil Company (Aramco),SA,2222,2026,,2026-09-03,as_of,calculated,earnings_yield,consolidated,{},0.05574532975079270078569700365,,ratio,https://www.saudiexchange.sa/wps/portal/saudiexchange/newsandreports/reports-publications/historical-reports?locale=en,,,data\raw\SA\2222\market\saudi-exchange-historical-2026-09-04.json,20472a1b532c2343701911cd896f01059d5f5fbb5f7a8c4cc8540a9a1a950527,latest_filed_fy(net_income) / market_cap
Saudi Arabian Oil Company (Aramco),SA,2222,2026,,2026-09-03,as_of,calculated,enterprise_value,consolidated,{},6350831000000.00,SAR,SAR,https://www.saudiexchange.sa/wps/portal/saudiexchange/newsandreports/reports-publications/historical-reports?locale=en,,,data\raw\SA\2222\market\saudi-exchange-historical-2026-09-04.json,20472a1b532c2343701911cd896f01059d5f5fbb5f7a8c4cc8540a9a1a950527,market_cap + net_debt
Saudi Arabian Oil Company (Aramco),SA,2222,2026,,2026-09-03,as_of,calculated,enterprise_value_to_ebit,consolidated,{},9.064017845929004487172168115,,ratio,https://www.saudiexchange.sa/wps/portal/saudiexchange/newsandreports/reports-publications/historical-reports?locale=en,,,data\raw\SA\2222\market\saudi-exchange-historical-2026-09-04.json,20472a1b532c2343701911cd896f01059d5f5fbb5f7a8c4cc8540a9a1a950527,enterprise_value / latest_filed_fy(ebit)
Saudi Arabian Oil Company (Aramco),SA,2222,2026,,2026-09-03,as_of,calculated,enterprise_value_to_ebitda,consolidated,{},8.000996529155721853720606484,,ratio,https://www.saudiexchange.sa/wps/portal/saudiexchange/newsandreports/reports-publications/historical-reports?locale=en,,,data\raw\SA\2222\market\saudi-exchange-historical-2026-09-04.json,20472a1b532c2343701911cd896f01059d5f5fbb5f7a8c4cc8540a9a1a950527,enterprise_value / latest_filed_fy(ebitda)
Saudi Arabian Oil Company (Aramco),SA,2222,2026,,2026-09-03,as_of,calculated,enterprise_value_to_revenue,consolidated,{},4.072763383529719586851377055,,ratio,https://www.saudiexchange.sa/wps/portal/saudiexchange/newsandreports/reports-publications/historical-reports?locale=en,,,data\raw\SA\2222\market\saudi-exchange-historical-2026-09-04.json,20472a1b532c2343701911cd896f01059d5f5fbb5f7a8c4cc8540a9a1a950527,enterprise_value / latest_filed_fy(revenue)
Saudi Arabian Oil Company (Aramco),SA,2222,2026,,2026-09-03,as_of,calculated,fcf_yield,consolidated,{},0.05099294528136102586305695985,,ratio,https://www.saudiexchange.sa/wps/portal/saudiexchange/newsandreports/reports-publications/historical-reports?locale=en,,,data\raw\SA\2222\market\saudi-exchange-historical-2026-09-04.json,20472a1b532c2343701911cd896f01059d5f5fbb5f7a8c4cc8540a9a1a950527,latest_filed_fy(free_cash_flow) / market_cap
Saudi Arabian Oil Company (Aramco),SA,2222,2026,,2026-09-03,as_of,calculated,graham_number,consolidated,{},15.18270351256367065926862259,SAR,SAR/share,https://www.saudiexchange.sa/wps/portal/saudiexchange/newsandreports/reports-publications/historical-reports?locale=en,,,data\raw\SA\2222\market\saudi-exchange-historical-2026-09-04.json,20472a1b532c2343701911cd896f01059d5f5fbb5f7a8c4cc8540a9a1a950527,sqrt(22.5 * latest_filed_fy(eps) * latest_filed(book_value_per_share))
Saudi Arabian Oil Company (Aramco),SA,2222,2026,,2026-09-03,as_of,calculated,market_cap,consolidated,{},6282320000000.00,SAR,SAR,https://www.saudiexchange.sa/wps/portal/saudiexchange/newsandreports/reports-publications/historical-reports?locale=en,,,data\raw\SA\2222\market\saudi-exchange-historical-2026-09-04.json,20472a1b532c2343701911cd896f01059d5f5fbb5f7a8c4cc8540a9a1a950527,price_close * shares_outstanding
Saudi Arabian Oil Company (Aramco),SA,2222,2026,,2026-09-03,as_of,calculated,price_to_book,consolidated,{},3.498280183380284670439478993,,ratio,https://www.saudiexchange.sa/wps/portal/saudiexchange/newsandreports/reports-publications/historical-reports?locale=en,,,data\raw\SA\2222\market\saudi-exchange-historical-2026-09-04.json,20472a1b532c2343701911cd896f01059d5f5fbb5f7a8c4cc8540a9a1a950527,market_cap / latest_filed(total_equity)
Saudi Arabian Oil Company (Aramco),SA,2222,2026,,2026-09-03,as_of,calculated,price_to_cash_flow,consolidated,{},12.29903014498882141276982290,,ratio,https://www.saudiexchange.sa/wps/portal/saudiexchange/newsandreports/reports-publications/historical-reports?locale=en,,,data\raw\SA\2222\market\saudi-exchange-historical-2026-09-04.json,20472a1b532c2343701911cd896f01059d5f5fbb5f7a8c4cc8540a9a1a950527,market_cap / latest_filed_fy(operating_cash_flow)
Saudi Arabian Oil Company (Aramco),SA,2222,2026,,2026-09-03,as_of,calculated,price_to_earnings,consolidated,{},17.93872248079723594414779704,,ratio,https://www.saudiexchange.sa/wps/portal/saudiexchange/newsandreports/reports-publications/historical-reports?locale=en,,,data\raw\SA\2222\market\saudi-exchange-historical-2026-09-04.json,20472a1b532c2343701911cd896f01059d5f5fbb5f7a8c4cc8540a9a1a950527,market_cap / latest_filed_fy(net_income)
Saudi Arabian Oil Company (Aramco),SA,2222,2026,,2026-09-03,as_of,calculated,price_to_free_cash_flow,consolidated,{},19.61055582262122526954556522,,ratio,https://www.saudiexchange.sa/wps/portal/saudiexchange/newsandreports/reports-publications/historical-reports?locale=en,,,data\raw\SA\2222\market\saudi-exchange-historical-2026-09-04.json,20472a1b532c2343701911cd896f01059d5f5fbb5f7a8c4cc8540a9a1a950527,market_cap / latest_filed_fy(free_cash_flow)
Saudi Arabian Oil Company (Aramco),SA,2222,2026,,2026-09-03,as_of,calculated,price_to_sales,consolidated,{},4.028827543925578865957564152,,ratio,https://www.saudiexchange.sa/wps/portal/saudiexchange/newsandreports/reports-publications/historical-reports?locale=en,,,data\raw\SA\2222\market\saudi-exchange-historical-2026-09-04.json,20472a1b532c2343701911cd896f01059d5f5fbb5f7a8c4cc8540a9a1a950527,market_cap / latest_filed_fy(revenue)
Saudi Arabian Oil Company (Aramco),SA,2222,2026,,2026-09-03,as_of,calculated,price_to_sma_20d,consolidated,{},0.9840788476118271417740712661,,ratio,https://www.saudiexchange.sa/wps/portal/saudiexchange/newsandreports/reports-publications/historical-reports?locale=en,,,data\raw\SA\2222\market\saudi-exchange-historical-2026-09-04.json,20472a1b532c2343701911cd896f01059d5f5fbb5f7a8c4cc8540a9a1a950527,latest_archived_close / simple_moving_average_20d
Saudi Arabian Oil Company (Aramco),SA,2222,2026,,2026-09-03,as_of,calculated,price_to_tangible_book,consolidated,{},3.498280183380284670439478993,,ratio,https://www.saudiexchange.sa/wps/portal/saudiexchange/newsandreports/reports-publications/historical-reports?locale=en,,,data\raw\SA\2222\market\saudi-exchange-historical-2026-09-04.json,20472a1b532c2343701911cd896f01059d5f5fbb5f7a8c4cc8540a9a1a950527,market_cap / latest_filed(tangible_book_value)
Saudi Arabian Oil Company (Aramco),SA,2222,2026,,2026-09-03,as_of,calculated,simple_moving_average_20d,consolidated,{},26.38,SAR,SAR/share,https://www.saudiexchange.sa/wps/portal/saudiexchange/newsandreports/reports-publications/historical-reports?locale=en,,,data\raw\SA\2222\market\saudi-exchange-historical-2026-09-04.json,20472a1b532c2343701911cd896f01059d5f5fbb5f7a8c4cc8540a9a1a950527,average(latest_20_archived_daily_closes)
Saudi Arabian Oil Company (Aramco),SA,2222,2026,,2026-09-03,as_of,market,vwap,consolidated,{},26.01033407940648238943941954,SAR,SAR/share,https://www.saudiexchange.sa/wps/portal/saudiexchange/newsandreports/reports-publications/historical-reports?locale=en,,,data\raw\SA\2222\market\saudi-exchange-historical-2026-09-04.json,20472a1b532c2343701911cd896f01059d5f5fbb5f7a8c4cc8540a9a1a950527,latest_archived_daily_turnover / latest_archived_daily_volume
Saudi Arabian Oil Company (Aramco),SA,2222,2026,2,2026-06-30,instant,calculated,asset_growth,consolidated,{},0.049881189546561001644223821,,ratio,https://www.aramco.com/-/media/publications/corporate-reports/reports-and-presentations/2026/h1/saudi-aramco-h1-2026-interim-report-english.pdf,,,,,total_assets / prior_fy(total_assets) - 1
Saudi Arabian Oil Company (Aramco),SA,2222,2026,2,2026-06-30,quarter,financial,النفقات الرأسمالية,consolidated,{},49389000000,SAR,SAR,https://www.aramco.com/-/media/publications/corporate-reports/reports-and-presentations/2026/h1/saudi-aramco-h1-2026-interim-report-english.pdf,,,,,
Saudi Arabian Oil Company (Aramco),SA,2222,2026,2,2026-06-30,ytd,financial,النفقات الرأسمالية,consolidated,{},94743000000,SAR,SAR,https://www.aramco.com/-/media/publications/corporate-reports/reports-and-presentations/2026/h1/saudi-aramco-h1-2026-interim-report-english.pdf,,,,,
Saudi Arabian Oil Company (Aramco),SA,2222,2026,2,2026-06-30,quarter,ratio,capex_to_cfo,consolidated,{},0.5178944057043988884810989357,,ratio,https://www.aramco.com/-/media/publications/corporate-reports/reports-and-presentations/2026/h1/saudi-aramco-h1-2026-interim-report-english.pdf,,,,,abs(capex) / operating_cash_flow
Saudi Arabian Oil Company (Aramco),SA,2222,2026,2,2026-06-30,ytd,ratio,capex_to_cfo,consolidated,{},0.4498568423651635510690527855,,ratio,https://www.aramco.com/-/media/publications/corporate-reports/reports-and-presentations/2026/h1/saudi-aramco-h1-2026-interim-report-english.pdf,,,,,abs(capex) / operating_cash_flow
Saudi Arabian Oil Company (Aramco),SA,2222,2026,2,2026-06-30,quarter,ratio,capex_to_revenue,consolidated,{},0.1095653678578083820645470437,,ratio,https://www.aramco.com/-/media/publications/corporate-reports/reports-and-presentations/2026/h1/saudi-aramco-h1-2026-interim-report-english.pdf,,,,,abs(capex) / revenue
Saudi Arabian Oil Company (Aramco),SA,2222,2026,2,2026-06-30,ytd,ratio,capex_to_revenue,consolidated,{},0.1071907389410017049960797535,,ratio,https://www.aramco.com/-/media/publications/corporate-reports/reports-and-presentations/2026/h1/saudi-aramco-h1-2026-interim-report-english.pdf,,,,,abs(capex) / revenue
Saudi Arabian Oil Company (Aramco),SA,2222,2026,2,2026-06-30,instant,financial,النقد وما في حكمه,consolidated,{},167387000000,SAR,SAR,https://www.aramco.com/-/media/publications/corporate-reports/reports-and-presentations/2026/h1/saudi-aramco-h1-2026-interim-report-english.pdf,,,,,
Saudi Arabian Oil Company (Aramco),SA,2222,2026,2,2026-06-30,quarter,ratio,cash_conversion_of_earnings,consolidated,{},0.7778611571056860170148206755,,ratio,https://www.aramco.com/-/media/publications/corporate-reports/reports-and-presentations/2026/h1/saudi-aramco-h1-2026-interim-report-english.pdf,,,,,operating_cash_flow / net_income
Saudi Arabian Oil Company (Aramco),SA,2222,2026,2,2026-06-30,ytd,ratio,cash_conversion_of_earnings,consolidated,{},0.8610015248950357103435306430,,ratio,https://www.aramco.com/-/media/publications/corporate-reports/reports-and-presentations/2026/h1/saudi-aramco-h1-2026-interim-report-english.pdf,,,,,operating_cash_flow / net_income
Saudi Arabian Oil Company (Aramco),SA,2222,2026,2,2026-06-30,quarter,ratio,cfo_margin,consolidated,{},0.2115592805231913251044874127,,ratio,https://www.aramco.com/-/media/publications/corporate-reports/reports-and-presentations/2026/h1/saudi-aramco-h1-2026-interim-report-english.pdf,,,,,operating_cash_flow / revenue
Saudi Arabian Oil Company (Aramco),SA,2222,2026,2,2026-06-30,ytd,ratio,cfo_margin,consolidated,{},0.2382774448365319452002719848,,ratio,https://www.aramco.com/-/media/publications/corporate-reports/reports-and-presentations/2026/h1/saudi-aramco-h1-2026-interim-report-english.pdf,,,,,operating_cash_flow / revenue
Saudi Arabian Oil Company (Aramco),SA,2222,2026,2,2026-06-30,instant,calculated,equity_growth,consolidated,{},0.043030206581233911661663987,,ratio,https://www.aramco.com/-/media/publications/corporate-reports/reports-and-presentations/2026/h1/saudi-aramco-h1-2026-interim-report-english.pdf,,,,,total_equity / prior_fy(total_equity) - 1
Saudi Arabian Oil Company (Aramco),SA,2222,2026,2,2026-06-30,instant,ratio,equity_ratio,consolidated,{},0.6702715191028564241083075582,,ratio,https://www.aramco.com/-/media/publications/corporate-reports/reports-and-presentations/2026/h1/saudi-aramco-h1-2026-interim-report-english.pdf,,,,,total_equity / total_assets
Saudi Arabian Oil Company (Aramco),SA,2222,2026,2,2026-06-30,quarter,ratio,fcf_margin,consolidated,{},0.1019939126653829430399403690,,ratio,https://www.aramco.com/-/media/publications/corporate-reports/reports-and-presentations/2026/h1/saudi-aramco-h1-2026-interim-report-english.pdf,,,,,free_cash_flow / revenue
Saudi Arabian Oil Company (Aramco),SA,2222,2026,2,2026-06-30,ytd,ratio,fcf_margin,consolidated,{},0.1310867058955302402041922312,,ratio,https://www.aramco.com/-/media/publications/corporate-reports/reports-and-presentations/2026/h1/saudi-aramco-h1-2026-interim-report-english.pdf,,,,,free_cash_flow / revenue
Saudi Arabian Oil Company (Aramco),SA,2222,2026,2,2026-06-30,quarter,calculated,التدفق النقدي الحر,consolidated,{},45976000000,SAR,SAR,https://www.aramco.com/-/media/publications/corporate-reports/reports-and-presentations/2026/h1/saudi-aramco-h1-2026-interim-report-english.pdf,,,,,operating_cash_flow - abs(capex)
Saudi Arabian Oil Company (Aramco),SA,2222,2026,2,2026-06-30,ytd,calculated,التدفق النقدي الحر,consolidated,{},115864000000,SAR,SAR,https://www.aramco.com/-/media/publications/corporate-reports/reports-and-presentations/2026/h1/saudi-aramco-h1-2026-interim-report-english.pdf,,,,,operating_cash_flow - abs(capex)
Saudi Arabian Oil Company (Aramco),SA,2222,2026,2,2026-06-30,quarter,calculated,income_quality,consolidated,{},0.7778611571056860170148206755,,ratio,https://www.aramco.com/-/media/publications/corporate-reports/reports-and-presentations/2026/h1/saudi-aramco-h1-2026-interim-report-english.pdf,,,,,operating_cash_flow / net_income
Saudi Arabian Oil Company (Aramco),SA,2222,2026,2,2026-06-30,ytd,calculated,income_quality,consolidated,{},0.8610015248950357103435306430,,ratio,https://www.aramco.com/-/media/publications/corporate-reports/reports-and-presentations/2026/h1/saudi-aramco-h1-2026-interim-report-english.pdf,,,,,operating_cash_flow / net_income
Saudi Arabian Oil Company (Aramco),SA,2222,2026,2,2026-06-30,instant,ratio,liabilities_to_assets,consolidated,{},0.3297284808971435758916924418,,ratio,https://www.aramco.com/-/media/publications/corporate-reports/reports-and-presentations/2026/h1/saudi-aramco-h1-2026-interim-report-english.pdf,,,,,total_liabilities / total_assets
Saudi Arabian Oil Company (Aramco),SA,2222,2026,2,2026-06-30,instant,ratio,الالتزامات إلى حقوق الملكية,consolidated,{},0.4919327041353000365847343096,,ratio,https://www.aramco.com/-/media/publications/corporate-reports/reports-and-presentations/2026/h1/saudi-aramco-h1-2026-interim-report-english.pdf,,,,,total_liabilities / total_equity
Saudi Arabian Oil Company (Aramco),SA,2222,2026,2,2026-06-30,quarter,financial,صافي الربح,consolidated,{},122599000000,SAR,SAR,https://www.aramco.com/-/media/publications/corporate-reports/reports-and-presentations/2026/h1/saudi-aramco-h1-2026-interim-report-english.pdf,,,,,
Saudi Arabian Oil Company (Aramco),SA,2222,2026,2,2026-06-30,ytd,financial,صافي الربح,consolidated,{},244607000000,SAR,SAR,https://www.aramco.com/-/media/publications/corporate-reports/reports-and-presentations/2026/h1/saudi-aramco-h1-2026-interim-report-english.pdf,,,,,
Saudi Arabian Oil Company (Aramco),SA,2222,2026,2,2026-06-30,quarter,ratio,هامش صافي الربح,consolidated,{},0.2719756329142005270957379784,,ratio,https://www.aramco.com/-/media/publications/corporate-reports/reports-and-presentations/2026/h1/saudi-aramco-h1-2026-interim-report-english.pdf,,,,,net_income / revenue
Saudi Arabian Oil Company (Aramco),SA,2222,2026,2,2026-06-30,ytd,ratio,هامش صافي الربح,consolidated,{},0.2767445096750324990128672332,,ratio,https://www.aramco.com/-/media/publications/corporate-reports/reports-and-presentations/2026/h1/saudi-aramco-h1-2026-interim-report-english.pdf,,,,,net_income / revenue
Saudi Arabian Oil Company (Aramco),SA,2222,2026,2,2026-06-30,quarter,financial,التدفق النقدي التشغيلي,consolidated,{},95365000000,SAR,SAR,https://www.aramco.com/-/media/publications/corporate-reports/reports-and-presentations/2026/h1/saudi-aramco-h1-2026-interim-report-english.pdf,,,,,
Saudi Arabian Oil Company (Aramco),SA,2222,2026,2,2026-06-30,ytd,financial,التدفق النقدي التشغيلي,consolidated,{},210607000000,SAR,SAR,https://www.aramco.com/-/media/publications/corporate-reports/reports-and-presentations/2026/h1/saudi-aramco-h1-2026-interim-report-english.pdf,,,,,
Saudi Arabian Oil Company (Aramco),SA,2222,2026,2,2026-06-30,quarter,financial,الإيرادات,consolidated,{},450772000000,SAR,SAR,https://www.aramco.com/-/media/publications/corporate-reports/reports-and-presentations/2026/h1/saudi-aramco-h1-2026-interim-report-english.pdf,,,,,
Saudi Arabian Oil Company (Aramco),SA,2222,2026,2,2026-06-30,ytd,financial,الإيرادات,consolidated,{},883873000000,SAR,SAR,https://www.aramco.com/-/media/publications/corporate-reports/reports-and-presentations/2026/h1/saudi-aramco-h1-2026-interim-report-english.pdf,,,,,
Saudi Arabian Oil Company (Aramco),SA,2222,2026,2,2026-06-30,instant,financial,tangible_book_value,consolidated,{},1795831000000,SAR,SAR,https://www.aramco.com/-/media/publications/corporate-reports/reports-and-presentations/2026/h1/saudi-aramco-h1-2026-interim-report-english.pdf,,,,,total_equity - intangible_assets
Saudi Arabian Oil Company (Aramco),SA,2222,2026,2,2026-06-30,instant,financial,إجمالي الأصول,consolidated,{},2679259000000,SAR,SAR,https://www.aramco.com/-/media/publications/corporate-reports/reports-and-presentations/2026/h1/saudi-aramco-h1-2026-interim-report-english.pdf,,,,,
Saudi Arabian Oil Company (Aramco),SA,2222,2026,2,2026-06-30,instant,financial,حقوق الملكية,consolidated,{},1795831000000,SAR,SAR,https://www.aramco.com/-/media/publications/corporate-reports/reports-and-presentations/2026/h1/saudi-aramco-h1-2026-interim-report-english.pdf,,,,,
Saudi Arabian Oil Company (Aramco),SA,2222,2026,2,2026-06-30,instant,financial,إجمالي الالتزامات,consolidated,{},883428000000,SAR,SAR,https://www.aramco.com/-/media/publications/corporate-reports/reports-and-presentations/2026/h1/saudi-aramco-h1-2026-interim-report-english.pdf,,,,,
Saudi Arabian Oil Company (Aramco),SA,2222,2026,1,2026-03-31,instant,calculated,asset_growth,consolidated,{},0.043102097051525805222957691,,ratio,https://www.aramco.com/-/media/publications/corporate-reports/reports-and-presentations/2026/q1/saudi-aramco-q1-2026-interim-report-english.pdf,,,,,total_assets / prior_fy(total_assets) - 1
Saudi Arabian Oil Company (Aramco),SA,2222,2026,1,2026-03-31,quarter,financial,النفقات الرأسمالية,consolidated,{},45354000000,SAR,SAR,https://www.aramco.com/-/media/publications/corporate-reports/reports-and-presentations/2026/q1/saudi-aramco-q1-2026-interim-report-english.pdf,26,condensed consolidated statement of cash flows,,,
Saudi Arabian Oil Company (Aramco),SA,2222,2026,1,2026-03-31,quarter,ratio,capex_to_cfo,consolidated,{},0.3935544332795335034102150258,,ratio,https://www.aramco.com/-/media/publications/corporate-reports/reports-and-presentations/2026/q1/saudi-aramco-q1-2026-interim-report-english.pdf,,,,,abs(capex) / operating_cash_flow
Saudi Arabian Oil Company (Aramco),SA,2222,2026,1,2026-03-31,quarter,ratio,capex_to_revenue,consolidated,{},0.1047192225370063795742794406,,ratio,https://www.aramco.com/-/media/publications/corporate-reports/reports-and-presentations/2026/q1/saudi-aramco-q1-2026-interim-report-english.pdf,,,,,abs(capex) / revenue
Saudi Arabian Oil Company (Aramco),SA,2222,2026,1,2026-03-31,instant,financial,النقد وما في حكمه,consolidated,{},230813000000,SAR,SAR,https://www.aramco.com/-/media/publications/corporate-reports/reports-and-presentations/2026/q1/saudi-aramco-q1-2026-interim-report-english.pdf,24,condensed consolidated balance sheet,,,
Saudi Arabian Oil Company (Aramco),SA,2222,2026,1,2026-03-31,quarter,ratio,cash_conversion_of_earnings,consolidated,{},0.9445446200249163989246606780,,ratio,https://www.aramco.com/-/media/publications/corporate-reports/reports-and-presentations/2026/q1/saudi-aramco-q1-2026-interim-report-english.pdf,,,,,operating_cash_flow / net_income
Saudi Arabian Oil Company (Aramco),SA,2222,2026,1,2026-03-31,quarter,ratio,cfo_margin,consolidated,{},0.2660857398158859019027894186,,ratio,https://www.aramco.com/-/media/publications/corporate-reports/reports-and-presentations/2026/q1/saudi-aramco-q1-2026-interim-report-english.pdf,,,,,operating_cash_flow / revenue
Saudi Arabian Oil Company (Aramco),SA,2222,2026,1,2026-03-31,instant,calculated,equity_growth,consolidated,{},0.021238349022851248501519390,,ratio,https://www.aramco.com/-/media/publications/corporate-reports/reports-and-presentations/2026/q1/saudi-aramco-q1-2026-interim-report-english.pdf,,,,,total_equity / prior_fy(total_equity) - 1
Saudi Arabian Oil Company (Aramco),SA,2222,2026,1,2026-03-31,instant,ratio,equity_ratio,consolidated,{},0.6605327129381031037668123363,,ratio,https://www.aramco.com/-/media/publications/corporate-reports/reports-and-presentations/2026/q1/saudi-aramco-q1-2026-interim-report-english.pdf,,,,,total_equity / total_assets
Saudi Arabian Oil Company (Aramco),SA,2222,2026,1,2026-03-31,quarter,ratio,fcf_margin,consolidated,{},0.1613665172788795223285099780,,ratio,https://www.aramco.com/-/media/publications/corporate-reports/reports-and-presentations/2026/q1/saudi-aramco-q1-2026-interim-report-english.pdf,,,,,free_cash_flow / revenue
Saudi Arabian Oil Company (Aramco),SA,2222,2026,1,2026-03-31,quarter,calculated,التدفق النقدي الحر,consolidated,{},69888000000,SAR,SAR,https://www.aramco.com/-/media/publications/corporate-reports/reports-and-presentations/2026/q1/saudi-aramco-q1-2026-interim-report-english.pdf,,,,,operating_cash_flow - abs(capex)
Saudi Arabian Oil Company (Aramco),SA,2222,2026,1,2026-03-31,quarter,calculated,income_quality,consolidated,{},0.9445446200249163989246606780,,ratio,https://www.aramco.com/-/media/publications/corporate-reports/reports-and-presentations/2026/q1/saudi-aramco-q1-2026-interim-report-english.pdf,,,,,operating_cash_flow / net_income
Saudi Arabian Oil Company (Aramco),SA,2222,2026,1,2026-03-31,instant,ratio,liabilities_to_assets,consolidated,{},0.3394672870618968962331876637,,ratio,https://www.aramco.com/-/media/publications/corporate-reports/reports-and-presentations/2026/q1/saudi-aramco-q1-2026-interim-report-english.pdf,,,,,total_liabilities / total_assets
Saudi Arabian Oil Company (Aramco),SA,2222,2026,1,2026-03-31,instant,ratio,الالتزامات إلى حقوق الملكية,consolidated,{},0.5139295608114832927735764606,,ratio,https://www.aramco.com/-/media/publications/corporate-reports/reports-and-presentations/2026/q1/saudi-aramco-q1-2026-interim-report-english.pdf,,,,,total_liabilities / total_equity
Saudi Arabian Oil Company (Aramco),SA,2222,2026,1,2026-03-31,quarter,financial,صافي الربح,consolidated,{},122008000000,SAR,SAR,https://www.aramco.com/-/media/publications/corporate-reports/reports-and-presentations/2026/q1/saudi-aramco-q1-2026-interim-report-english.pdf,22,condensed consolidated statement of income,,,
Saudi Arabian Oil Company (Aramco),SA,2222,2026,1,2026-03-31,quarter,ratio,هامش صافي الربح,consolidated,{},0.2817079618841794408232721698,,ratio,https://www.aramco.com/-/media/publications/corporate-reports/reports-and-presentations/2026/q1/saudi-aramco-q1-2026-interim-report-english.pdf,,,,,net_income / revenue
Saudi Arabian Oil Company (Aramco),SA,2222,2026,1,2026-03-31,quarter,financial,التدفق النقدي التشغيلي,consolidated,{},115242000000,SAR,SAR,https://www.aramco.com/-/media/publications/corporate-reports/reports-and-presentations/2026/q1/saudi-aramco-q1-2026-interim-report-english.pdf,26,condensed consolidated statement of cash flows,,,
Saudi Arabian Oil Company (Aramco),SA,2222,2026,1,2026-03-31,quarter,financial,الإيرادات,consolidated,{},433101000000,SAR,SAR,https://www.aramco.com/-/media/publications/corporate-reports/reports-and-presentations/2026/q1/saudi-aramco-q1-2026-interim-report-english.pdf,22,condensed consolidated statement of income,,,
Saudi Arabian Oil Company (Aramco),SA,2222,2026,1,2026-03-31,instant,financial,tangible_book_value,consolidated,{},1758311000000,SAR,SAR,https://www.aramco.com/-/media/publications/corporate-reports/reports-and-presentations/2026/q1/saudi-aramco-q1-2026-interim-report-english.pdf,,,,,total_equity - intangible_assets
Saudi Arabian Oil Company (Aramco),SA,2222,2026,1,2026-03-31,instant,financial,إجمالي الأصول,consolidated,{},2661959000000,SAR,SAR,https://www.aramco.com/-/media/publications/corporate-reports/reports-and-presentations/2026/q1/saudi-aramco-q1-2026-interim-report-english.pdf,24,condensed consolidated balance sheet,,,
Saudi Arabian Oil Company (Aramco),SA,2222,2026,1,2026-03-31,instant,financial,حقوق الملكية,consolidated,{},1758311000000,SAR,SAR,https://www.aramco.com/-/media/publications/corporate-reports/reports-and-presentations/2026/q1/saudi-aramco-q1-2026-interim-report-english.pdf,24,condensed consolidated balance sheet,,,
Saudi Arabian Oil Company (Aramco),SA,2222,2026,1,2026-03-31,instant,financial,إجمالي الالتزامات,consolidated,{},903648000000,SAR,SAR,https://www.aramco.com/-/media/publications/corporate-reports/reports-and-presentations/2026/q1/saudi-aramco-q1-2026-interim-report-english.pdf,24,condensed consolidated balance sheet,,,
Saudi Arabian Oil Company (Aramco),SA,2222,2025,,2025-12-31,instant,financial,accounts_payable,consolidated,{},79054000000,SAR,SAR,https://www.aramco.com/-/media/publications/corporate-reports/reports-and-presentations/2025/fy/saudi-aramco-fy-2025-full-financials-english.pdf,66,Note 23 - trade payables and other liabilities,,,
Saudi Arabian Oil Company (Aramco),SA,2222,2025,,2025-12-31,fy,financial,accounts_payable_change,consolidated,{},995000000,SAR,SAR,https://www.aramco.com/-/media/publications/corporate-reports/reports-and-presentations/2025/fy/saudi-aramco-fy-2025-full-financials-english.pdf,16,change in working capital,,,
Saudi Arabian Oil Company (Aramco),SA,2222,2025,,2025-12-31,instant,financial,accounts_receivable,consolidated,{},165444000000,SAR,SAR,https://www.aramco.com/-/media/publications/corporate-reports/reports-and-presentations/2025/fy/saudi-aramco-ara-2025-english.pdf,179,consolidated balance sheet,,,
Saudi Arabian Oil Company (Aramco),SA,2222,2025,,2025-12-31,fy,financial,accounts_receivable_change,consolidated,{},-9431000000,SAR,SAR,https://www.aramco.com/-/media/publications/corporate-reports/reports-and-presentations/2025/fy/saudi-aramco-ara-2025-english.pdf,181,consolidated statement of cash flows,,,
Saudi Arabian Oil Company (Aramco),SA,2222,2025,,2025-12-31,fy,calculated,accrual_ratio,consolidated,{},-0.06292721997645734814440956064,,ratio,https://www.aramco.com/-/media/publications/corporate-reports/reports-and-presentations/2025/fy/saudi-aramco-fy-2025-full-financials-english.pdf,,,,,(net_income - operating_cash_flow) / total_assets
Saudi Arabian Oil Company (Aramco),SA,2222,2025,,2025-12-31,instant,financial,accrued_expenses,consolidated,"{""reported_label"":""Accrued materials and services""}",46736000000,SAR,SAR,https://www.aramco.com/-/media/publications/corporate-reports/reports-and-presentations/2025/fy/saudi-aramco-fy-2025-full-financials-english.pdf,66,Note 23 - trade payables and other liabilities,,,
Saudi Arabian Oil Company (Aramco),SA,2222,2025,,2025-12-31,instant,financial,accumulated_depreciation,consolidated,{},-1047136000000,SAR,SAR,https://www.aramco.com/-/media/publications/corporate-reports/reports-and-presentations/2025/fy/saudi-aramco-fy-2025-full-financials-english.pdf,35,property plant and equipment accumulated depreciation,,,
Saudi Arabian Oil Company (Aramco),SA,2222,2025,,2025-12-31,instant,financial,accumulated_depreciation_by_class,consolidated,"{""asset_class"":""Land and land improvements""}",-24605000000,SAR,SAR,https://www.aramco.com/-/media/publications/corporate-reports/reports-and-presentations/2025/fy/saudi-aramco-fy-2025-full-financials-english.pdf,37,Note 5 - accumulated depreciation closing balance,,,
Saudi Arabian Oil Company (Aramco),SA,2222,2025,,2025-12-31,instant,financial,accumulated_depreciation_by_class,consolidated,"{""asset_class"":""Buildings""}",-48797000000,SAR,SAR,https://www.aramco.com/-/media/publications/corporate-reports/reports-and-presentations/2025/fy/saudi-aramco-fy-2025-full-financials-english.pdf,37,Note 5 - accumulated depreciation closing balance,,,
Saudi Arabian Oil Company (Aramco),SA,2222,2025,,2025-12-31,instant,financial,accumulated_depreciation_by_class,consolidated,"{""asset_class"":""Oil and gas properties""}",-316425000000,SAR,SAR,https://www.aramco.com/-/media/publications/corporate-reports/reports-and-presentations/2025/fy/saudi-aramco-fy-2025-full-financials-english.pdf,37,Note 5 - accumulated depreciation closing balance,,,
Saudi Arabian Oil Company (Aramco),SA,2222,2025,,2025-12-31,instant,financial,accumulated_depreciation_by_class,consolidated,"{""asset_class"":""Plant machinery and equipment""}",-584709000000,SAR,SAR,https://www.aramco.com/-/media/publications/corporate-reports/reports-and-presentations/2025/fy/saudi-aramco-fy-2025-full-financials-english.pdf,37,Note 5 - accumulated depreciation closing balance,,,
Saudi Arabian Oil Company (Aramco),SA,2222,2025,,2025-12-31,instant,financial,accumulated_depreciation_by_class,consolidated,"{""asset_class"":""Depots storage tanks and pipelines""}",-55268000000,SAR,SAR,https://www.aramco.com/-/media/publications/corporate-reports/reports-and-presentations/2025/fy/saudi-aramco-fy-2025-full-financials-english.pdf,37,Note 5 - accumulated depreciation closing balance,,,
Saudi Arabian Oil Company (Aramco),SA,2222,2025,,2025-12-31,instant,financial,accumulated_depreciation_by_class,consolidated,"{""asset_class"":""Fixtures IT and office equipment""}",-17332000000,SAR,SAR,https://www.aramco.com/-/media/publications/corporate-reports/reports-and-presentations/2025/fy/saudi-aramco-fy-2025-full-financials-english.pdf,37,Note 5 - accumulated depreciation closing balance,,,
Saudi Arabian Oil Company (Aramco),SA,2222,2025,,2025-12-31,fy,financial,acquisitions,consolidated,{},-408000000,SAR,SAR,https://www.aramco.com/-/media/publications/corporate-reports/reports-and-presentations/2025/fy/saudi-aramco-ara-2025-english.pdf,181,consolidated statement of cash flows,,,
Saudi Arabian Oil Company (Aramco),SA,2222,2025,,2025-12-31,fy,financial,actuarial_gain_loss,consolidated,"{""measure"":""Remeasurements recognized in OCI"",""plan_type"":""Pension benefits""}",-3772000000,SAR,SAR,https://www.aramco.com/-/media/publications/corporate-reports/reports-and-presentations/2025/fy/saudi-aramco-fy-2025-full-financials-english.pdf,63,Note 21 - defined benefit remeasurements,,,
Saudi Arabian Oil Company (Aramco),SA,2222,2025,,2025-12-31,fy,financial,actuarial_gain_loss,consolidated,"{""measure"":""Remeasurements recognized in OCI"",""plan_type"":""Other benefits""}",2993000000,SAR,SAR,https://www.aramco.com/-/media/publications/corporate-reports/reports-and-presentations/2025/fy/saudi-aramco-fy-2025-full-financials-english.pdf,63,Note 21 - defined benefit remeasurements,,,
Saudi Arabian Oil Company (Aramco),SA,2222,2025,,2025-12-31,instant,financial,additional_paid_in_capital,consolidated,{},26981000000,SAR,SAR,https://www.aramco.com/-/media/publications/corporate-reports/reports-and-presentations/2025/fy/saudi-aramco-ara-2025-english.pdf,179,consolidated balance sheet,,,
Saudi Arabian Oil Company (Aramco),SA,2222,2025,,2025-12-31,fy,financial,صافي الربح المعدل,consolidated,{},392454000000,SAR,SAR,https://www.aramco.com/-/media/publications/corporate-reports/reports-and-presentations/2025/fy/saudi-aramco-ara-2025-english.pdf,39,adjusted net income,,,
Saudi Arabian Oil Company (Aramco),SA,2222,2025,,2025-12-31,instant,commercial,advance_payment_long_term_sales_agreement,consolidated,{},5358000000,SAR,SAR,https://www.aramco.com/-/media/publications/corporate-reports/reports-and-presentations/2025/fy/saudi-aramco-fy-2025-full-financials-english.pdf,48,Note 9 - long-term sales agreement advance payment,,,
Saudi Arabian Oil Company (Aramco),SA,2222,2025,,2025-12-31,fy,calculated,altman_z_score,consolidated,{},9.796252472516914912491540821,,score,https://www.aramco.com/-/media/publications/corporate-reports/reports-and-presentations/2025/fy/saudi-aramco-ara-2025-english.pdf,,,,,3.25 + 6.56*(working_capital/total_assets) + 3.26*(retained_earnings/total_assets) + 6.72*(ebit/total_assets) + 1.05*(total_equity/total_liabilities)
Saudi Arabian Oil Company (Aramco),SA,2222,2025,,2025-12-31,instant,calculated,asset_growth,consolidated,{},0.052951151784719614792687003,,ratio,https://www.aramco.com/-/media/publications/corporate-reports/reports-and-presentations/2025/fy/saudi-aramco-fy-2025-full-financials-english.pdf,,,,,total_assets / prior_fy(total_assets) - 1
Saudi Arabian Oil Company (Aramco),SA,2222,2025,,2025-12-31,fy,ratio,asset_turnover,consolidated,{},0.6267963181883409297462775299,,ratio,https://www.aramco.com/-/media/publications/corporate-reports/reports-and-presentations/2025/fy/saudi-aramco-fy-2025-full-financials-english.pdf,,,,,revenue / average(total_assets)
Saudi Arabian Oil Company (Aramco),SA,2222,2025,,2025-12-31,instant,financial,assets_held_for_sale,consolidated,{},8766000000,SAR,SAR,https://www.aramco.com/-/media/publications/corporate-reports/reports-and-presentations/2025/fy/saudi-aramco-ara-2025-english.pdf,179,consolidated balance sheet,,,
Saudi Arabian Oil Company (Aramco),SA,2222,2025,,2025-12-31,fy,operational,متوسط سعر النفط الخام المحقق,consolidated,{},69.2,USD,USD/bbl,https://www.aramco.com/-/media/publications/corporate-reports/reports-and-presentations/2025/fy/saudi-aramco-ara-2025-english.pdf,39,key financial metrics,,,
Saudi Arabian Oil Company (Aramco),SA,2222,2025,,2025-12-31,fy,financial,التوزيعات الأساسية المدفوعة,consolidated,{},317159000000,SAR,SAR,https://www.aramco.com/-/media/publications/corporate-reports/reports-and-presentations/2025/fy/saudi-aramco-ara-2025-english.pdf,243,dividends,,,
Saudi Arabian Oil Company (Aramco),SA,2222,2025,,2025-12-31,fy,operational,base_oils_sold,consolidated,{},4.5,,million_tonnes,https://www.aramco.com/-/media/publications/corporate-reports/reports-and-presentations/2025/fy/saudi-aramco-ara-2025-english.pdf,50,downstream volumes,,,
Saudi Arabian Oil Company (Aramco),SA,2222,2025,,2025-12-31,fy,financial,basic_eps,consolidated,{},1.44,SAR,SAR/share,https://www.aramco.com/-/media/publications/corporate-reports/reports-and-presentations/2025/fy/saudi-aramco-fy-2025-full-financials-english.pdf,12,consolidated statement of income,,,
Saudi Arabian Oil Company (Aramco),SA,2222,2025,,2025-12-31,instant,financial,book_value_per_share,consolidated,{},7.114644628099173553719008264,SAR,SAR/share,https://www.aramco.com/-/media/publications/corporate-reports/reports-and-presentations/2025/fy/saudi-aramco-fy-2025-full-financials-english.pdf,,,,,total_equity / shares_outstanding
Saudi Arabian Oil Company (Aramco),SA,2222,2025,,2025-12-31,instant,financial,borrowings_by_instrument,consolidated,"{""instrument"":""Debentures""}",122716000000,SAR,SAR,https://www.aramco.com/-/media/publications/corporate-reports/reports-and-presentations/2025/fy/saudi-aramco-fy-2025-full-financials-english.pdf,54,borrowings by instrument,,,
Saudi Arabian Oil Company (Aramco),SA,2222,2025,,2025-12-31,instant,financial,borrowings_by_instrument,consolidated,"{""instrument"":""Bank borrowings""}",27178000000,SAR,SAR,https://www.aramco.com/-/media/publications/corporate-reports/reports-and-presentations/2025/fy/saudi-aramco-fy-2025-full-financials-english.pdf,54,borrowings by instrument,,,
Saudi Arabian Oil Company (Aramco),SA,2222,2025,,2025-12-31,instant,financial,borrowings_by_instrument,consolidated,"{""instrument"":""Short-term borrowings""}",27500000000,SAR,SAR,https://www.aramco.com/-/media/publications/corporate-reports/reports-and-presentations/2025/fy/saudi-aramco-fy-2025-full-financials-english.pdf,54,borrowings by instrument,,,
Saudi Arabian Oil Company (Aramco),SA,2222,2025,,2025-12-31,instant,financial,borrowings_by_instrument,consolidated,"{""instrument"":""Export credit agencies""}",3022000000,SAR,SAR,https://www.aramco.com/-/media/publications/corporate-reports/reports-and-presentations/2025/fy/saudi-aramco-fy-2025-full-financials-english.pdf,54,borrowings by instrument,,,
Saudi Arabian Oil Company (Aramco),SA,2222,2025,,2025-12-31,instant,financial,borrowings_by_instrument,consolidated,"{""instrument"":""Other financing arrangements""}",38402000000,SAR,SAR,https://www.aramco.com/-/media/publications/corporate-reports/reports-and-presentations/2025/fy/saudi-aramco-fy-2025-full-financials-english.pdf,54,borrowings by instrument,,,
Saudi Arabian Oil Company (Aramco),SA,2222,2025,,2025-12-31,instant,financial,borrowings_by_instrument,consolidated,"{""instrument"":""Sukuk""}",52629000000,SAR,SAR,https://www.aramco.com/-/media/publications/corporate-reports/reports-and-presentations/2025/fy/saudi-aramco-fy-2025-full-financials-english.pdf,54,borrowings by instrument,,,
Saudi Arabian Oil Company (Aramco),SA,2222,2025,,2025-12-31,instant,financial,borrowings_by_instrument,consolidated,"{""instrument"":""Murabaha""}",16906000000,SAR,SAR,https://www.aramco.com/-/media/publications/corporate-reports/reports-and-presentations/2025/fy/saudi-aramco-fy-2025-full-financials-english.pdf,54,borrowings by instrument,,,
Saudi Arabian Oil Company (Aramco),SA,2222,2025,,2025-12-31,instant,financial,borrowings_by_instrument,consolidated,"{""instrument"":""Saudi Industrial Development Fund""}",5490000000,SAR,SAR,https://www.aramco.com/-/media/publications/corporate-reports/reports-and-presentations/2025/fy/saudi-aramco-fy-2025-full-financials-english.pdf,54,borrowings by instrument,,,
Saudi Arabian Oil Company (Aramco),SA,2222,2025,,2025-12-31,instant,financial,borrowings_by_instrument,consolidated,"{""instrument"":""Ijarah and procurement""}",3609000000,SAR,SAR,https://www.aramco.com/-/media/publications/corporate-reports/reports-and-presentations/2025/fy/saudi-aramco-fy-2025-full-financials-english.pdf,54,borrowings by instrument,,,
Saudi Arabian Oil Company (Aramco),SA,2222,2025,,2025-12-31,instant,financial,borrowings_by_instrument,consolidated,"{""instrument"":""Wakala""}",1871000000,SAR,SAR,https://www.aramco.com/-/media/publications/corporate-reports/reports-and-presentations/2025/fy/saudi-aramco-fy-2025-full-financials-english.pdf,54,borrowings by instrument,,,
Saudi Arabian Oil Company (Aramco),SA,2222,2025,,2025-12-31,instant,financial,borrowings_by_instrument,consolidated,"{""instrument"":""Lease liabilities""}",64294000000,SAR,SAR,https://www.aramco.com/-/media/publications/corporate-reports/reports-and-presentations/2025/fy/saudi-aramco-fy-2025-full-financials-english.pdf,54,borrowings by instrument,,,
Saudi Arabian Oil Company (Aramco),SA,2222,2025,,2025-12-31,instant,financial,borrowings_by_maturity,consolidated,"{""financing_class"":""Borrowings other than leases"",""maturity_band"":""No later than one year""}",54444000000,SAR,SAR,https://www.aramco.com/-/media/publications/corporate-reports/reports-and-presentations/2025/fy/saudi-aramco-fy-2025-full-financials-english.pdf,58,contractual maturities,,,
Saudi Arabian Oil Company (Aramco),SA,2222,2025,,2025-12-31,instant,financial,borrowings_by_maturity,consolidated,"{""financing_class"":""Borrowings other than leases"",""maturity_band"":""One to five years""}",121246000000,SAR,SAR,https://www.aramco.com/-/media/publications/corporate-reports/reports-and-presentations/2025/fy/saudi-aramco-fy-2025-full-financials-english.pdf,58,contractual maturities,,,
Saudi Arabian Oil Company (Aramco),SA,2222,2025,,2025-12-31,instant,financial,borrowings_by_maturity,consolidated,"{""financing_class"":""Borrowings other than leases"",""maturity_band"":""Later than five years""}",290556000000,SAR,SAR,https://www.aramco.com/-/media/publications/corporate-reports/reports-and-presentations/2025/fy/saudi-aramco-fy-2025-full-financials-english.pdf,58,contractual maturities,,,
Saudi Arabian Oil Company (Aramco),SA,2222,2025,,2025-12-31,instant,financial,borrowings_by_maturity,consolidated,"{""financing_class"":""Leases"",""maturity_band"":""No later than one year""}",13491000000,SAR,SAR,https://www.aramco.com/-/media/publications/corporate-reports/reports-and-presentations/2025/fy/saudi-aramco-fy-2025-full-financials-english.pdf,58,contractual maturities,,,
Saudi Arabian Oil Company (Aramco),SA,2222,2025,,2025-12-31,instant,financial,borrowings_by_maturity,consolidated,"{""financing_class"":""Leases"",""maturity_band"":""One to five years""}",34089000000,SAR,SAR,https://www.aramco.com/-/media/publications/corporate-reports/reports-and-presentations/2025/fy/saudi-aramco-fy-2025-full-financials-english.pdf,58,contractual maturities,,,
Saudi Arabian Oil Company (Aramco),SA,2222,2025,,2025-12-31,instant,financial,borrowings_by_maturity,consolidated,"{""financing_class"":""Leases"",""maturity_band"":""Later than five years""}",41463000000,SAR,SAR,https://www.aramco.com/-/media/publications/corporate-reports/reports-and-presentations/2025/fy/saudi-aramco-fy-2025-full-financials-english.pdf,58,contractual maturities,,,
Saudi Arabian Oil Company (Aramco),SA,2222,2025,,2025-12-31,instant,financial,cancellable_commitment_exposure,consolidated,"{""asset_type"":""Onshore rigs"",""counterparty"":""Arabian Rig Manufacturing Company""}",945000000,SAR,SAR,https://www.aramco.com/-/media/publications/corporate-reports/reports-and-presentations/2025/fy/saudi-aramco-fy-2025-full-financials-english.pdf,69,Note 32(c) - maximum cancellation exposure,,,
Saudi Arabian Oil Company (Aramco),SA,2222,2025,,2025-12-31,fy,financial,النفقات الرأسمالية,consolidated,{},190444000000,SAR,SAR,https://www.aramco.com/-/media/publications/corporate-reports/reports-and-presentations/2025/fy/saudi-aramco-fy-2025-full-financials-english.pdf,,,,,
Saudi Arabian Oil Company (Aramco),SA,2222,2025,,2025-12-31,fy,financial,capex_per_share,consolidated,{},0.7873425885349054497647613299,SAR,SAR/share,https://www.aramco.com/-/media/publications/corporate-reports/reports-and-presentations/2025/fy/saudi-aramco-fy-2025-full-financials-english.pdf,,,,,capex / weighted_average_shares
Saudi Arabian Oil Company (Aramco),SA,2222,2025,,2025-12-31,fy,ratio,capex_to_cfo,consolidated,{},0.3728362288027752653690891507,,ratio,https://www.aramco.com/-/media/publications/corporate-reports/reports-and-presentations/2025/fy/saudi-aramco-fy-2025-full-financials-english.pdf,,,,,abs(capex) / operating_cash_flow
Saudi Arabian Oil Company (Aramco),SA,2222,2025,,2025-12-31,fy,calculated,capex_to_depreciation,consolidated,{},2.045783158414884360464491734,,ratio,https://www.aramco.com/-/media/publications/corporate-reports/reports-and-presentations/2025/fy/saudi-aramco-fy-2025-full-financials-english.pdf,,,,,abs(capex) / abs(depreciation_amortization)
Saudi Arabian Oil Company (Aramco),SA,2222,2025,,2025-12-31,fy,ratio,capex_to_depreciation_amortization,consolidated,{},2.045783158414884360464491734,,ratio,https://www.aramco.com/-/media/publications/corporate-reports/reports-and-presentations/2025/fy/saudi-aramco-fy-2025-full-financials-english.pdf,,,,,abs(capex) / abs(depreciation_amortization)
Saudi Arabian Oil Company (Aramco),SA,2222,2025,,2025-12-31,fy,ratio,capex_to_revenue,consolidated,{},0.1221310014095689079111573984,,ratio,https://www.aramco.com/-/media/publications/corporate-reports/reports-and-presentations/2025/fy/saudi-aramco-fy-2025-full-financials-english.pdf,,,,,abs(capex) / revenue
Saudi Arabian Oil Company (Aramco),SA,2222,2025,,2025-12-31,instant,financial,capital_commitments,consolidated,{},174551000000,SAR,SAR,https://www.aramco.com/-/media/publications/corporate-reports/reports-and-presentations/2025/fy/saudi-aramco-fy-2025-full-financials-english.pdf,69,Note 32(a) - capital expenditures contracted but not incurred,,,
Saudi Arabian Oil Company (Aramco),SA,2222,2025,,2025-12-31,instant,financial,النقد وما في حكمه,consolidated,{},243099000000,SAR,SAR,https://www.aramco.com/-/media/publications/corporate-reports/reports-and-presentations/2025/fy/saudi-aramco-ara-2025-english.pdf,179,consolidated balance sheet,,,
Saudi Arabian Oil Company (Aramco),SA,2222,2025,,2025-12-31,fy,financial,cash_beginning,consolidated,{},216642000000,SAR,SAR,https://www.aramco.com/-/media/publications/corporate-reports/reports-and-presentations/2025/fy/saudi-aramco-ara-2025-english.pdf,181,consolidated statement of cash flows,,,
Saudi Arabian Oil Company (Aramco),SA,2222,2025,,2025-12-31,fy,financial,cash_change,consolidated,{},26457000000,SAR,SAR,https://www.aramco.com/-/media/publications/corporate-reports/reports-and-presentations/2025/fy/saudi-aramco-ara-2025-english.pdf,181,consolidated statement of cash flows,,,
Saudi Arabian Oil Company (Aramco),SA,2222,2025,,2025-12-31,fy,ratio,cash_conversion_of_earnings,consolidated,{},1.458547728505753690642757203,,ratio,https://www.aramco.com/-/media/publications/corporate-reports/reports-and-presentations/2025/fy/saudi-aramco-fy-2025-full-financials-english.pdf,,,,,operating_cash_flow / net_income
Saudi Arabian Oil Company (Aramco),SA,2222,2025,,2025-12-31,fy,financial,cash_end,consolidated,{},243099000000,SAR,SAR,https://www.aramco.com/-/media/publications/corporate-reports/reports-and-presentations/2025/fy/saudi-aramco-ara-2025-english.pdf,181,consolidated statement of cash flows,,,
Saudi Arabian Oil Company (Aramco),SA,2222,2025,,2025-12-31,instant,financial,cash_per_share,consolidated,{},1.005031378936836970092855194,SAR,SAR/share,https://www.aramco.com/-/media/publications/corporate-reports/reports-and-presentations/2025/fy/saudi-aramco-ara-2025-english.pdf,,,,,cash / weighted_average_shares
Saudi Arabian Oil Company (Aramco),SA,2222,2025,,2025-12-31,instant,ratio,cash_ratio,consolidated,{},0.8148141941149459190411229801,,ratio,https://www.aramco.com/-/media/publications/corporate-reports/reports-and-presentations/2025/fy/saudi-aramco-ara-2025-english.pdf,,,,,cash / current_liabilities
Saudi Arabian Oil Company (Aramco),SA,2222,2025,,2025-12-31,fy,ratio,cash_return_on_assets,consolidated,{},0.2053214148903628390901669228,,ratio,https://www.aramco.com/-/media/publications/corporate-reports/reports-and-presentations/2025/fy/saudi-aramco-fy-2025-full-financials-english.pdf,,,,,operating_cash_flow / average(total_assets)
Saudi Arabian Oil Company (Aramco),SA,2222,2025,,2025-12-31,fy,ratio,cash_return_on_equity,consolidated,{},0.3028657030226506841334926725,,ratio,https://www.aramco.com/-/media/publications/corporate-reports/reports-and-presentations/2025/fy/saudi-aramco-fy-2025-full-financials-english.pdf,,,,,operating_cash_flow / average(total_equity)
Saudi Arabian Oil Company (Aramco),SA,2222,2025,,2025-12-31,fy,ratio,cfo_margin,consolidated,{},0.3275727839050060859003348848,,ratio,https://www.aramco.com/-/media/publications/corporate-reports/reports-and-presentations/2025/fy/saudi-aramco-fy-2025-full-financials-english.pdf,,,,,operating_cash_flow / revenue
Saudi Arabian Oil Company (Aramco),SA,2222,2025,,2025-12-31,fy,ratio,cfo_to_debt,consolidated,{},1.404769303965436159475492070,,ratio,https://www.aramco.com/-/media/publications/corporate-reports/reports-and-presentations/2025/fy/saudi-aramco-fy-2025-full-financials-english.pdf,,,,,operating_cash_flow / total_debt
Saudi Arabian Oil Company (Aramco),SA,2222,2025,,2025-12-31,fy,financial,comprehensive_income,consolidated,{},356730000000,SAR,SAR,https://www.aramco.com/-/media/publications/corporate-reports/reports-and-presentations/2025/fy/saudi-aramco-ara-2025-english.pdf,178,consolidated statement of comprehensive income,,,
Saudi Arabian Oil Company (Aramco),SA,2222,2025,,2025-12-31,fy,operational,corporate_adjusted_ebit,segment,"{""segment"":""Corporate""}",-18118000000,SAR,SAR,https://www.aramco.com/-/media/publications/corporate-reports/reports-and-presentations/2025/fy/saudi-aramco-ara-2025-english.pdf,54,corporate results,,,
Saudi Arabian Oil Company (Aramco),SA,2222,2025,,2025-12-31,fy,operational,corporate_capex,segment,"{""segment"":""Corporate""}",4978000000,SAR,SAR,https://www.aramco.com/-/media/publications/corporate-reports/reports-and-presentations/2025/fy/saudi-aramco-ara-2025-english.pdf,54,corporate results,,,
Saudi Arabian Oil Company (Aramco),SA,2222,2025,,2025-12-31,fy,operational,corporate_depreciation_amortization,segment,"{""segment"":""Corporate""}",-5106000000,SAR,SAR,https://www.aramco.com/-/media/publications/corporate-reports/reports-and-presentations/2025/fy/saudi-aramco-ara-2025-english.pdf,196,Note 4 - operating segments,,,
Saudi Arabian Oil Company (Aramco),SA,2222,2025,,2025-12-31,fy,operational,corporate_ebit,segment,"{""segment"":""Corporate""}",-18539000000,SAR,SAR,https://www.aramco.com/-/media/publications/corporate-reports/reports-and-presentations/2025/fy/saudi-aramco-ara-2025-english.pdf,54,corporate results,,,
Saudi Arabian Oil Company (Aramco),SA,2222,2025,,2025-12-31,fy,operational,corporate_ebitda,segment,"{""segment"":""Corporate""}",-13433000000,SAR,SAR,https://www.aramco.com/-/media/publications/corporate-reports/reports-and-presentations/2025/fy/saudi-aramco-ara-2025-english.pdf,,,,,corporate_ebit + abs(corporate_depreciation_amortization)
Saudi Arabian Oil Company (Aramco),SA,2222,2025,,2025-12-31,fy,operational,corporate_revenue,segment,"{""segment"":""Corporate""}",2619000000,SAR,SAR,https://www.aramco.com/-/media/publications/corporate-reports/reports-and-presentations/2025/fy/saudi-aramco-fy-2025-full-financials-english.pdf,64,external revenue by segment,,,
Saudi Arabian Oil Company (Aramco),SA,2222,2025,,2025-12-31,instant,operational,crude_oil_reserves,consolidated,{},186.5,,billion_barrels,https://www.aramco.com/-/media/publications/corporate-reports/reports-and-presentations/2025/fy/saudi-aramco-ara-2025-english.pdf,48,reserves under the Concession; crude oil and condensate,,,
Saudi Arabian Oil Company (Aramco),SA,2222,2025,,2025-12-31,fy,operational,crude_oil_revenue,consolidated,{},705990000000,SAR,SAR,https://www.aramco.com/-/media/publications/corporate-reports/reports-and-presentations/2025/fy/saudi-aramco-fy-2025-full-financials-english.pdf,64,revenue by product type,,,
Saudi Arabian Oil Company (Aramco),SA,2222,2025,,2025-12-31,fy,operational,crude_refined_products_traded,consolidated,{},7.4,,mmbpd,https://www.aramco.com/-/media/publications/corporate-reports/reports-and-presentations/2025/fy/saudi-aramco-ara-2025-english.pdf,50,downstream volumes,,,
Saudi Arabian Oil Company (Aramco),SA,2222,2025,,2025-12-31,instant,financial,current_assets,consolidated,{},596277000000,SAR,SAR,https://www.aramco.com/-/media/publications/corporate-reports/reports-and-presentations/2025/fy/saudi-aramco-ara-2025-english.pdf,179,consolidated balance sheet,,,
Saudi Arabian Oil Company (Aramco),SA,2222,2025,,2025-12-31,instant,financial,current_debt,consolidated,{},55151000000,SAR,SAR,https://www.aramco.com/-/media/publications/corporate-reports/reports-and-presentations/2025/fy/saudi-aramco-ara-2025-english.pdf,180,consolidated balance sheet,,,
Saudi Arabian Oil Company (Aramco),SA,2222,2025,,2025-12-31,instant,financial,current_liabilities,consolidated,{},298349000000,SAR,SAR,https://www.aramco.com/-/media/publications/corporate-reports/reports-and-presentations/2025/fy/saudi-aramco-ara-2025-english.pdf,180,consolidated balance sheet,,,
Saudi Arabian Oil Company (Aramco),SA,2222,2025,,2025-12-31,instant,ratio,current_ratio,consolidated,{},1.998588900918052348088983037,,ratio,https://www.aramco.com/-/media/publications/corporate-reports/reports-and-presentations/2025/fy/saudi-aramco-ara-2025-english.pdf,,,,,current_assets / current_liabilities
Saudi Arabian Oil Company (Aramco),SA,2222,2025,,2025-12-31,fy,financial,current_tax_expense,consolidated,"{""jurisdiction"":""Kingdom""}",335163000000,SAR,SAR,https://www.aramco.com/-/media/publications/corporate-reports/reports-and-presentations/2025/fy/saudi-aramco-fy-2025-full-financials-english.pdf,43,income tax and zakat expense,,,
Saudi Arabian Oil Company (Aramco),SA,2222,2025,,2025-12-31,fy,financial,current_tax_expense,consolidated,"{""jurisdiction"":""Foreign""}",4281000000,SAR,SAR,https://www.aramco.com/-/media/publications/corporate-reports/reports-and-presentations/2025/fy/saudi-aramco-fy-2025-full-financials-english.pdf,43,income tax and zakat expense,,,
Saudi Arabian Oil Company (Aramco),SA,2222,2025,,2025-12-31,fy,ratio,days_sales_outstanding,consolidated,{},39.01155743897105317499304193,,ratio,https://www.aramco.com/-/media/publications/corporate-reports/reports-and-presentations/2025/fy/saudi-aramco-fy-2025-full-financials-english.pdf,,,,,average(accounts_receivable) / revenue * 365
Saudi Arabian Oil Company (Aramco),SA,2222,2025,,2025-12-31,instant,calculated,debt_growth,consolidated,{},0.138829903849165335588336622,,ratio,https://www.aramco.com/-/media/publications/corporate-reports/reports-and-presentations/2025/fy/saudi-aramco-ara-2025-english.pdf,,,,,(current_debt + long_term_debt) / prior_fy(total_debt) - 1
Saudi Arabian Oil Company (Aramco),SA,2222,2025,,2025-12-31,fy,financial,debt_issued,consolidated,{},51552000000,SAR,SAR,https://www.aramco.com/-/media/publications/corporate-reports/reports-and-presentations/2025/fy/saudi-aramco-ara-2025-english.pdf,181,consolidated statement of cash flows,,,
Saudi Arabian Oil Company (Aramco),SA,2222,2025,,2025-12-31,instant,financial,debt_per_share,consolidated,{},1.503282592338412945155075615,SAR,SAR/share,https://www.aramco.com/-/media/publications/corporate-reports/reports-and-presentations/2025/fy/saudi-aramco-ara-2025-english.pdf,,,,,(current_debt + long_term_debt) / weighted_average_shares
Saudi Arabian Oil Company (Aramco),SA,2222,2025,,2025-12-31,fy,financial,debt_repaid,consolidated,{},-16683000000,SAR,SAR,https://www.aramco.com/-/media/publications/corporate-reports/reports-and-presentations/2025/fy/saudi-aramco-ara-2025-english.pdf,181,consolidated statement of cash flows,,,
Saudi Arabian Oil Company (Aramco),SA,2222,2025,,2025-12-31,instant,ratio,debt_to_assets,consolidated,{},0.1424851604489718507000882458,,ratio,https://www.aramco.com/-/media/publications/corporate-reports/reports-and-presentations/2025/fy/saudi-aramco-ara-2025-english.pdf,,,,,(current_debt + long_term_debt) / total_assets
Saudi Arabian Oil Company (Aramco),SA,2222,2025,,2025-12-31,fy,ratio,debt_to_ebitda,consolidated,{},0.4580972718282089561640556595,,ratio,https://www.aramco.com/-/media/publications/corporate-reports/reports-and-presentations/2025/fy/saudi-aramco-fy-2025-full-financials-english.pdf,,,,,(current_debt + long_term_debt) / ebitda
Saudi Arabian Oil Company (Aramco),SA,2222,2025,,2025-12-31,instant,ratio,debt_to_equity,consolidated,{},0.2111910946110455445176518693,,ratio,https://www.aramco.com/-/media/publications/corporate-reports/reports-and-presentations/2025/fy/saudi-aramco-ara-2025-english.pdf,,,,,(current_debt + long_term_debt) / total_equity
Saudi Arabian Oil Company (Aramco),SA,2222,2025,,2025-12-31,fy,financial,deferred_tax,consolidated,{},12275000000,SAR,SAR,https://www.aramco.com/-/media/publications/corporate-reports/reports-and-presentations/2025/fy/saudi-aramco-fy-2025-full-financials-english.pdf,43,deferred income tax - Kingdom and Foreign,,,
Saudi Arabian Oil Company (Aramco),SA,2222,2025,,2025-12-31,instant,financial,deferred_tax_assets,consolidated,{},15885000000,SAR,SAR,https://www.aramco.com/-/media/publications/corporate-reports/reports-and-presentations/2025/fy/saudi-aramco-ara-2025-english.pdf,179,consolidated balance sheet,,,
Saudi Arabian Oil Company (Aramco),SA,2222,2025,,2025-12-31,instant,financial,deferred_tax_assets_by_component,consolidated,"{""jurisdiction"":""Kingdom""}",13853000000,SAR,SAR,https://www.aramco.com/-/media/publications/corporate-reports/reports-and-presentations/2025/fy/saudi-aramco-fy-2025-full-financials-english.pdf,44,deferred income tax assets,,,
Saudi Arabian Oil Company (Aramco),SA,2222,2025,,2025-12-31,instant,financial,deferred_tax_assets_by_component,consolidated,"{""jurisdiction"":""US Federal and State""}",143000000,SAR,SAR,https://www.aramco.com/-/media/publications/corporate-reports/reports-and-presentations/2025/fy/saudi-aramco-fy-2025-full-financials-english.pdf,44,deferred income tax assets,,,
Saudi Arabian Oil Company (Aramco),SA,2222,2025,,2025-12-31,instant,financial,deferred_tax_assets_by_component,consolidated,"{""jurisdiction"":""Other foreign""}",1889000000,SAR,SAR,https://www.aramco.com/-/media/publications/corporate-reports/reports-and-presentations/2025/fy/saudi-aramco-fy-2025-full-financials-english.pdf,44,deferred income tax assets,,,
Saudi Arabian Oil Company (Aramco),SA,2222,2025,,2025-12-31,fy,financial,deferred_tax_expense,consolidated,"{""jurisdiction"":""Kingdom""}",11781000000,SAR,SAR,https://www.aramco.com/-/media/publications/corporate-reports/reports-and-presentations/2025/fy/saudi-aramco-fy-2025-full-financials-english.pdf,43,income tax and zakat expense,,,
Saudi Arabian Oil Company (Aramco),SA,2222,2025,,2025-12-31,fy,financial,deferred_tax_expense,consolidated,"{""jurisdiction"":""Foreign""}",494000000,SAR,SAR,https://www.aramco.com/-/media/publications/corporate-reports/reports-and-presentations/2025/fy/saudi-aramco-fy-2025-full-financials-english.pdf,43,income tax and zakat expense,,,
Saudi Arabian Oil Company (Aramco),SA,2222,2025,,2025-12-31,instant,financial,deferred_tax_liabilities,consolidated,{},160664000000,SAR,SAR,https://www.aramco.com/-/media/publications/corporate-reports/reports-and-presentations/2025/fy/saudi-aramco-ara-2025-english.pdf,180,consolidated balance sheet,,,
Saudi Arabian Oil Company (Aramco),SA,2222,2025,,2025-12-31,instant,financial,deferred_tax_liabilities_by_component,consolidated,"{""jurisdiction"":""Kingdom""}",154716000000,SAR,SAR,https://www.aramco.com/-/media/publications/corporate-reports/reports-and-presentations/2025/fy/saudi-aramco-fy-2025-full-financials-english.pdf,44,deferred income tax liabilities,,,
Saudi Arabian Oil Company (Aramco),SA,2222,2025,,2025-12-31,instant,financial,deferred_tax_liabilities_by_component,consolidated,"{""jurisdiction"":""US Federal and State""}",3446000000,SAR,SAR,https://www.aramco.com/-/media/publications/corporate-reports/reports-and-presentations/2025/fy/saudi-aramco-fy-2025-full-financials-english.pdf,44,deferred income tax liabilities,,,
Saudi Arabian Oil Company (Aramco),SA,2222,2025,,2025-12-31,instant,financial,deferred_tax_liabilities_by_component,consolidated,"{""jurisdiction"":""Other foreign""}",2502000000,SAR,SAR,https://www.aramco.com/-/media/publications/corporate-reports/reports-and-presentations/2025/fy/saudi-aramco-fy-2025-full-financials-english.pdf,44,deferred income tax liabilities,,,
Saudi Arabian Oil Company (Aramco),SA,2222,2025,,2025-12-31,instant,financial,defined_benefit_obligation,consolidated,"{""plan_type"":""Pension benefits""}",76822000000,SAR,SAR,https://www.aramco.com/-/media/publications/corporate-reports/reports-and-presentations/2025/fy/saudi-aramco-fy-2025-full-financials-english.pdf,60,benefit obligations,,,
Saudi Arabian Oil Company (Aramco),SA,2222,2025,,2025-12-31,instant,financial,defined_benefit_obligation,consolidated,"{""plan_type"":""Other benefits""}",109452000000,SAR,SAR,https://www.aramco.com/-/media/publications/corporate-reports/reports-and-presentations/2025/fy/saudi-aramco-fy-2025-full-financials-english.pdf,60,benefit obligations,,,
Saudi Arabian Oil Company (Aramco),SA,2222,2025,,2025-12-31,fy,financial,depreciation_amortization,consolidated,{},-93091000000,SAR,SAR,https://www.aramco.com/-/media/publications/corporate-reports/reports-and-presentations/2025/fy/saudi-aramco-ara-2025-english.pdf,177,consolidated statement of income,,,
Saudi Arabian Oil Company (Aramco),SA,2222,2025,,2025-12-31,fy,financial,depreciation_amortization_cash_flow,consolidated,{},93091000000,SAR,SAR,https://www.aramco.com/-/media/publications/corporate-reports/reports-and-presentations/2025/fy/saudi-aramco-ara-2025-english.pdf,181,consolidated statement of cash flows,,,
Saudi Arabian Oil Company (Aramco),SA,2222,2025,,2025-12-31,fy,financial,depreciation_by_ppe_class,consolidated,"{""asset_class"":""Land and land improvements""}",1728000000,SAR,SAR,https://www.aramco.com/-/media/publications/corporate-reports/reports-and-presentations/2025/fy/saudi-aramco-fy-2025-full-financials-english.pdf,35,PPE depreciation charge,,,
Saudi Arabian Oil Company (Aramco),SA,2222,2025,,2025-12-31,fy,financial,depreciation_by_ppe_class,consolidated,"{""asset_class"":""Buildings""}",3510000000,SAR,SAR,https://www.aramco.com/-/media/publications/corporate-reports/reports-and-presentations/2025/fy/saudi-aramco-fy-2025-full-financials-english.pdf,35,PPE depreciation charge,,,
Saudi Arabian Oil Company (Aramco),SA,2222,2025,,2025-12-31,fy,financial,depreciation_by_ppe_class,consolidated,"{""asset_class"":""Oil and gas properties""}",25393000000,SAR,SAR,https://www.aramco.com/-/media/publications/corporate-reports/reports-and-presentations/2025/fy/saudi-aramco-fy-2025-full-financials-english.pdf,35,PPE depreciation charge,,,
Saudi Arabian Oil Company (Aramco),SA,2222,2025,,2025-12-31,fy,financial,depreciation_by_ppe_class,consolidated,"{""asset_class"":""Plant machinery and equipment""}",54224000000,SAR,SAR,https://www.aramco.com/-/media/publications/corporate-reports/reports-and-presentations/2025/fy/saudi-aramco-fy-2025-full-financials-english.pdf,35,PPE depreciation charge,,,
Saudi Arabian Oil Company (Aramco),SA,2222,2025,,2025-12-31,fy,financial,depreciation_by_ppe_class,consolidated,"{""asset_class"":""Depots storage tanks and pipelines""}",3462000000,SAR,SAR,https://www.aramco.com/-/media/publications/corporate-reports/reports-and-presentations/2025/fy/saudi-aramco-fy-2025-full-financials-english.pdf,35,PPE depreciation charge,,,
Saudi Arabian Oil Company (Aramco),SA,2222,2025,,2025-12-31,fy,financial,depreciation_by_ppe_class,consolidated,"{""asset_class"":""Fixtures IT and office equipment""}",2730000000,SAR,SAR,https://www.aramco.com/-/media/publications/corporate-reports/reports-and-presentations/2025/fy/saudi-aramco-fy-2025-full-financials-english.pdf,35,PPE depreciation charge,,,
Saudi Arabian Oil Company (Aramco),SA,2222,2025,,2025-12-31,fy,financial,distributions_joint_ventures_associates,consolidated,{},3030000000,SAR,SAR,https://www.aramco.com/-/media/publications/corporate-reports/reports-and-presentations/2025/fy/saudi-aramco-ara-2025-english.pdf,181,consolidated statement of cash flows,,,
Saudi Arabian Oil Company (Aramco),SA,2222,2025,,2025-12-31,fy,financial,dividend_cagr_3y,consolidated,{},0.003445507562302444278167897,,ratio,https://www.aramco.com/-/media/publications/corporate-reports/reports-and-presentations/2025/fy/saudi-aramco-ara-2025-english.pdf,,,,,(dividends_per_share / prior_3y(dividends_per_share)) ^ (1/3) - 1
Saudi Arabian Oil Company (Aramco),SA,2222,2025,,2025-12-31,fy,financial,dividend_coverage_ratio,consolidated,{},1.092879633761589279974535571,,ratio,https://www.aramco.com/-/media/publications/corporate-reports/reports-and-presentations/2025/fy/saudi-aramco-fy-2025-full-financials-english.pdf,,,,,net_income / abs(dividends_paid)
Saudi Arabian Oil Company (Aramco),SA,2222,2025,,2025-12-31,fy,calculated,dividend_growth,consolidated,{},-0.3122244686833305431427847819,,ratio,https://www.aramco.com/-/media/publications/corporate-reports/reports-and-presentations/2025/fy/saudi-aramco-ara-2025-english.pdf,,,,,dividends_paid / prior_fy(dividends_paid) - 1
Saudi Arabian Oil Company (Aramco),SA,2222,2025,,2025-12-31,fy,calculated,dividend_per_share_growth,consolidated,{},-0.3121495327102803738317757009,,ratio,https://www.aramco.com/-/media/publications/corporate-reports/reports-and-presentations/2025/fy/saudi-aramco-ara-2025-english.pdf,,,,,dividends_per_share / prior_fy(dividends_per_share) - 1
Saudi Arabian Oil Company (Aramco),SA,2222,2025,,2025-12-31,fy,financial,dividends_from_investments,consolidated,{},491000000,SAR,SAR,https://www.aramco.com/-/media/publications/corporate-reports/reports-and-presentations/2025/fy/saudi-aramco-ara-2025-english.pdf,181,consolidated statement of cash flows,,,
Saudi Arabian Oil Company (Aramco),SA,2222,2025,,2025-12-31,fy,financial,dividends_noncontrolling,consolidated,{},-12206000000,SAR,SAR,https://www.aramco.com/-/media/publications/corporate-reports/reports-and-presentations/2025/fy/saudi-aramco-ara-2025-english.pdf,181,consolidated statement of cash flows,,,
Saudi Arabian Oil Company (Aramco),SA,2222,2025,,2025-12-31,fy,financial,التوزيعات المدفوعة,consolidated,{},320447000000,SAR,SAR,https://www.aramco.com/-/media/publications/corporate-reports/reports-and-presentations/2025/fy/saudi-aramco-ara-2025-english.pdf,243,dividends,,,
Saudi Arabian Oil Company (Aramco),SA,2222,2025,,2025-12-31,fy,financial,التوزيعات لكل سهم,consolidated,{},1.3248,SAR,SAR/share,https://www.aramco.com/-/media/publications/corporate-reports/reports-and-presentations/2025/fy/saudi-aramco-ara-2025-english.pdf,243,dividends,,,
Saudi Arabian Oil Company (Aramco),SA,2222,2025,,2025-12-31,fy,operational,domestic_revenue,segment,"{""geography"":""In-Kingdom""}",893705000000,SAR,SAR,https://www.aramco.com/-/media/publications/corporate-reports/reports-and-presentations/2025/fy/saudi-aramco-fy-2025-full-financials-english.pdf,35,geographical information,,,
Saudi Arabian Oil Company (Aramco),SA,2222,2025,,2025-12-31,fy,operational,downstream_adjusted_ebit,segment,"{""segment"":""Downstream""}",37610000000,SAR,SAR,https://www.aramco.com/-/media/publications/corporate-reports/reports-and-presentations/2025/fy/saudi-aramco-ara-2025-english.pdf,54,downstream results,,,
Saudi Arabian Oil Company (Aramco),SA,2222,2025,,2025-12-31,fy,operational,downstream_capex,segment,"{""segment"":""Downstream""}",43831000000,SAR,SAR,https://www.aramco.com/-/media/publications/corporate-reports/reports-and-presentations/2025/fy/saudi-aramco-ara-2025-english.pdf,54,downstream results,,,
Saudi Arabian Oil Company (Aramco),SA,2222,2025,,2025-12-31,fy,operational,downstream_crude_utilization,consolidated,{},53,,percent,https://www.aramco.com/-/media/publications/corporate-reports/reports-and-presentations/2025/fy/saudi-aramco-ara-2025-english.pdf,50,downstream business model,,,
Saudi Arabian Oil Company (Aramco),SA,2222,2025,,2025-12-31,fy,operational,downstream_depreciation_amortization,segment,"{""segment"":""Downstream""}",-39060000000,SAR,SAR,https://www.aramco.com/-/media/publications/corporate-reports/reports-and-presentations/2025/fy/saudi-aramco-ara-2025-english.pdf,196,Note 4 - operating segments,,,
Saudi Arabian Oil Company (Aramco),SA,2222,2025,,2025-12-31,fy,operational,downstream_ebit,segment,"{""segment"":""Downstream""}",-9552000000,SAR,SAR,https://www.aramco.com/-/media/publications/corporate-reports/reports-and-presentations/2025/fy/saudi-aramco-ara-2025-english.pdf,54,downstream results,,,
Saudi Arabian Oil Company (Aramco),SA,2222,2025,,2025-12-31,fy,operational,downstream_ebitda,segment,"{""segment"":""Downstream""}",29508000000,SAR,SAR,https://www.aramco.com/-/media/publications/corporate-reports/reports-and-presentations/2025/fy/saudi-aramco-ara-2025-english.pdf,,,,,downstream_ebit + abs(downstream_depreciation_amortization)
Saudi Arabian Oil Company (Aramco),SA,2222,2025,,2025-12-31,fy,operational,downstream_revenue,segment,"{""segment"":""Downstream""}",1006618000000,SAR,SAR,https://www.aramco.com/-/media/publications/corporate-reports/reports-and-presentations/2025/fy/saudi-aramco-ara-2025-english.pdf,54,downstream results,,,
Saudi Arabian Oil Company (Aramco),SA,2222,2025,,2025-12-31,instant,financial,due_from_government,consolidated,{},29315000000,SAR,SAR,https://www.aramco.com/-/media/publications/corporate-reports/reports-and-presentations/2025/fy/saudi-aramco-ara-2025-english.pdf,179,consolidated balance sheet,,,
Saudi Arabian Oil Company (Aramco),SA,2222,2025,,2025-12-31,fy,financial,due_from_government_change,consolidated,{},8959000000,SAR,SAR,https://www.aramco.com/-/media/publications/corporate-reports/reports-and-presentations/2025/fy/saudi-aramco-ara-2025-english.pdf,181,consolidated statement of cash flows,,,
Saudi Arabian Oil Company (Aramco),SA,2222,2025,,2025-12-31,fy,financial,earnings_per_share_normalized,consolidated,{},1.622501881082511307166304231,SAR,SAR/share,https://www.aramco.com/-/media/publications/corporate-reports/reports-and-presentations/2025/fy/saudi-aramco-ara-2025-english.pdf,,,,,adjusted_net_income / weighted_average_shares_diluted
Saudi Arabian Oil Company (Aramco),SA,2222,2025,,2025-12-31,fy,financial,ebit,consolidated,{},700664000000,SAR,SAR,https://www.aramco.com/-/media/publications/corporate-reports/reports-and-presentations/2025/fy/saudi-aramco-fy-2025-full-financials-english.pdf,34,operating segments reconciliation,,,
Saudi Arabian Oil Company (Aramco),SA,2222,2025,,2025-12-31,fy,ratio,ebit_margin,consolidated,{},0.4493331161477084565156328759,,ratio,https://www.aramco.com/-/media/publications/corporate-reports/reports-and-presentations/2025/fy/saudi-aramco-fy-2025-full-financials-english.pdf,,,,,ebit / revenue
Saudi Arabian Oil Company (Aramco),SA,2222,2025,,2025-12-31,fy,financial,ebit_per_share,consolidated,{},2.896718234511042574478464706,SAR,SAR/share,https://www.aramco.com/-/media/publications/corporate-reports/reports-and-presentations/2025/fy/saudi-aramco-fy-2025-full-financials-english.pdf,,,,,ebit / weighted_average_shares
Saudi Arabian Oil Company (Aramco),SA,2222,2025,,2025-12-31,fy,financial,ebitda,consolidated,{},793755000000,SAR,SAR,https://www.aramco.com/-/media/publications/corporate-reports/reports-and-presentations/2025/fy/saudi-aramco-fy-2025-full-financials-english.pdf,,,,,ebit + abs(depreciation_amortization)
Saudi Arabian Oil Company (Aramco),SA,2222,2025,,2025-12-31,fy,ratio,ebitda_margin,consolidated,{},0.5090320147857237219288648674,,ratio,https://www.aramco.com/-/media/publications/corporate-reports/reports-and-presentations/2025/fy/saudi-aramco-fy-2025-full-financials-english.pdf,,,,,ebitda / revenue
Saudi Arabian Oil Company (Aramco),SA,2222,2025,,2025-12-31,fy,financial,ebitda_per_share,consolidated,{},3.281579447829933603988721773,SAR,SAR/share,https://www.aramco.com/-/media/publications/corporate-reports/reports-and-presentations/2025/fy/saudi-aramco-fy-2025-full-financials-english.pdf,,,,,ebitda / weighted_average_shares
Saudi Arabian Oil Company (Aramco),SA,2222,2025,,2025-12-31,fy,ratio,effective_tax_rate,consolidated,{},0.5017357653017670659875366360,,ratio,https://www.aramco.com/-/media/publications/corporate-reports/reports-and-presentations/2025/fy/saudi-aramco-ara-2025-english.pdf,,,,,abs(income_taxes_and_zakat) / income_before_income_taxes_and_zakat
Saudi Arabian Oil Company (Aramco),SA,2222,2025,,2025-12-31,fy,financial,employee_benefit_expense,consolidated,"{""benefit_type"":""Short-term employee benefits""}",62111000000,SAR,SAR,https://www.aramco.com/-/media/publications/corporate-reports/reports-and-presentations/2025/fy/saudi-aramco-fy-2025-full-financials-english.pdf,65,employee benefits expense,,,
Saudi Arabian Oil Company (Aramco),SA,2222,2025,,2025-12-31,fy,financial,employee_benefit_expense,consolidated,"{""benefit_type"":""Defined benefit plans""}",6824000000,SAR,SAR,https://www.aramco.com/-/media/publications/corporate-reports/reports-and-presentations/2025/fy/saudi-aramco-fy-2025-full-financials-english.pdf,65,employee benefits expense,,,
Saudi Arabian Oil Company (Aramco),SA,2222,2025,,2025-12-31,fy,financial,employee_benefit_expense,consolidated,"{""benefit_type"":""Defined contribution plans""}",1519000000,SAR,SAR,https://www.aramco.com/-/media/publications/corporate-reports/reports-and-presentations/2025/fy/saudi-aramco-fy-2025-full-financials-english.pdf,65,employee benefits expense,,,
Saudi Arabian Oil Company (Aramco),SA,2222,2025,,2025-12-31,fy,financial,employee_benefit_expense,consolidated,"{""benefit_type"":""Share-based compensation""}",687000000,SAR,SAR,https://www.aramco.com/-/media/publications/corporate-reports/reports-and-presentations/2025/fy/saudi-aramco-fy-2025-full-financials-english.pdf,65,employee benefits expense,,,
Saudi Arabian Oil Company (Aramco),SA,2222,2025,,2025-12-31,instant,financial,employee_benefits_asset,consolidated,{},24436000000,SAR,SAR,https://www.aramco.com/-/media/publications/corporate-reports/reports-and-presentations/2025/fy/saudi-aramco-ara-2025-english.pdf,179,consolidated balance sheet,,,
Saudi Arabian Oil Company (Aramco),SA,2222,2025,,2025-12-31,instant,financial,employee_benefits_noncurrent,consolidated,{},25951000000,SAR,SAR,https://www.aramco.com/-/media/publications/corporate-reports/reports-and-presentations/2025/fy/saudi-aramco-ara-2025-english.pdf,180,consolidated balance sheet,,,
Saudi Arabian Oil Company (Aramco),SA,2222,2025,,2025-12-31,fy,operational,energy_intensity,consolidated,{},164.3,,thousand_btu_per_boe,https://www.aramco.com/-/media/publications/corporate-reports/reports-and-presentations/2025/fy/saudi-aramco-ara-2025-english.pdf,87,sustainability performance,,,
Saudi Arabian Oil Company (Aramco),SA,2222,2025,,2025-12-31,fy,calculated,eps_cagr_3y,consolidated,{},-0.1646114605776099415254169846,,ratio,https://www.aramco.com/-/media/publications/corporate-reports/reports-and-presentations/2025/fy/saudi-aramco-ara-2025-english.pdf,,,,,(eps_diluted / prior_3y(eps_diluted)) ^ (1/3) - 1
Saudi Arabian Oil Company (Aramco),SA,2222,2025,,2025-12-31,fy,financial,ربحية السهم الأساسية والمخفضة,consolidated,{},1.44,SAR,SAR/share,https://www.aramco.com/-/media/publications/corporate-reports/reports-and-presentations/2025/fy/saudi-aramco-ara-2025-english.pdf,244,earnings per share,,,
Saudi Arabian Oil Company (Aramco),SA,2222,2025,,2025-12-31,fy,calculated,eps_growth,consolidated,{},-0.1165644171779141104294478528,,ratio,https://www.aramco.com/-/media/publications/corporate-reports/reports-and-presentations/2025/fy/saudi-aramco-ara-2025-english.pdf,,,,,eps_diluted / prior_fy(eps_diluted) - 1
Saudi Arabian Oil Company (Aramco),SA,2222,2025,,2025-12-31,instant,calculated,equity_growth,consolidated,{},0.042624995836752242855109895,,ratio,https://www.aramco.com/-/media/publications/corporate-reports/reports-and-presentations/2025/fy/saudi-aramco-fy-2025-full-financials-english.pdf,,,,,total_equity / prior_fy(total_equity) - 1
Saudi Arabian Oil Company (Aramco),SA,2222,2025,,2025-12-31,instant,financial,equity_parent,consolidated,{},1491996000000,SAR,SAR,https://www.aramco.com/-/media/publications/corporate-reports/reports-and-presentations/2025/fy/saudi-aramco-ara-2025-english.pdf,179,consolidated balance sheet,,,
Saudi Arabian Oil Company (Aramco),SA,2222,2025,,2025-12-31,instant,ratio,equity_ratio,consolidated,{},0.6746740941486635391408342751,,ratio,https://www.aramco.com/-/media/publications/corporate-reports/reports-and-presentations/2025/fy/saudi-aramco-fy-2025-full-financials-english.pdf,,,,,total_equity / total_assets
Saudi Arabian Oil Company (Aramco),SA,2222,2025,,2025-12-31,instant,financial,expected_credit_losses,consolidated,"{""asset_class"":""Trade receivables"",""measure"":""Loss allowance""}",246000000,SAR,SAR,https://www.aramco.com/-/media/publications/corporate-reports/reports-and-presentations/2025/fy/saudi-aramco-fy-2025-full-financials-english.pdf,51,Note 12 - trade receivables loss allowance,,,
Saudi Arabian Oil Company (Aramco),SA,2222,2025,,2025-12-31,fy,financial,exploration_evaluation_written_off,consolidated,{},3990000000,SAR,SAR,https://www.aramco.com/-/media/publications/corporate-reports/reports-and-presentations/2025/fy/saudi-aramco-ara-2025-english.pdf,181,consolidated statement of cash flows,,,
Saudi Arabian Oil Company (Aramco),SA,2222,2025,,2025-12-31,fy,financial,exploration_expense,consolidated,{},-10141000000,SAR,SAR,https://www.aramco.com/-/media/publications/corporate-reports/reports-and-presentations/2025/fy/saudi-aramco-ara-2025-english.pdf,177,consolidated statement of income,,,
Saudi Arabian Oil Company (Aramco),SA,2222,2025,,2025-12-31,instant,financial,fair_value_assets_by_level,consolidated,"{""fair_value_level"":""Level 1""}",15377000000,SAR,SAR,https://www.aramco.com/-/media/publications/corporate-reports/reports-and-presentations/2025/fy/saudi-aramco-fy-2025-full-financials-english.pdf,32,fair value hierarchy - total assets,,,
Saudi Arabian Oil Company (Aramco),SA,2222,2025,,2025-12-31,instant,financial,fair_value_assets_by_level,consolidated,"{""fair_value_level"":""Level 2""}",39430000000,SAR,SAR,https://www.aramco.com/-/media/publications/corporate-reports/reports-and-presentations/2025/fy/saudi-aramco-fy-2025-full-financials-english.pdf,32,fair value hierarchy - total assets,,,
Saudi Arabian Oil Company (Aramco),SA,2222,2025,,2025-12-31,instant,financial,fair_value_assets_by_level,consolidated,"{""fair_value_level"":""Level 3""}",138258000000,SAR,SAR,https://www.aramco.com/-/media/publications/corporate-reports/reports-and-presentations/2025/fy/saudi-aramco-fy-2025-full-financials-english.pdf,32,fair value hierarchy - total assets,,,
Saudi Arabian Oil Company (Aramco),SA,2222,2025,,2025-12-31,instant,financial,fair_value_liabilities_by_level,consolidated,"{""fair_value_level"":""Level 2""}",1419000000,SAR,SAR,https://www.aramco.com/-/media/publications/corporate-reports/reports-and-presentations/2025/fy/saudi-aramco-fy-2025-full-financials-english.pdf,33,fair value hierarchy - total liabilities,,,
Saudi Arabian Oil Company (Aramco),SA,2222,2025,,2025-12-31,instant,financial,fair_value_liabilities_by_level,consolidated,"{""fair_value_level"":""Level 3""}",36619000000,SAR,SAR,https://www.aramco.com/-/media/publications/corporate-reports/reports-and-presentations/2025/fy/saudi-aramco-fy-2025-full-financials-english.pdf,33,fair value hierarchy - total liabilities,,,
Saudi Arabian Oil Company (Aramco),SA,2222,2025,,2025-12-31,instant,financial,fair_value_plan_assets,consolidated,"{""plan_type"":""Pension benefits""}",89760000000,SAR,SAR,https://www.aramco.com/-/media/publications/corporate-reports/reports-and-presentations/2025/fy/saudi-aramco-fy-2025-full-financials-english.pdf,60,plan assets,,,
Saudi Arabian Oil Company (Aramco),SA,2222,2025,,2025-12-31,instant,financial,fair_value_plan_assets,consolidated,"{""plan_type"":""Other benefits""}",94999000000,SAR,SAR,https://www.aramco.com/-/media/publications/corporate-reports/reports-and-presentations/2025/fy/saudi-aramco-fy-2025-full-financials-english.pdf,60,plan assets,,,
Saudi Arabian Oil Company (Aramco),SA,2222,2025,,2025-12-31,fy,ratio,fcf_conversion,consolidated,{},0.4035930482327670376879515720,,ratio,https://www.aramco.com/-/media/publications/corporate-reports/reports-and-presentations/2025/fy/saudi-aramco-fy-2025-full-financials-english.pdf,,,,,free_cash_flow / ebitda
Saudi Arabian Oil Company (Aramco),SA,2222,2025,,2025-12-31,fy,financial,fcf_dividend_coverage_ratio,consolidated,{},0.9997097804005030473057947180,,ratio,https://www.aramco.com/-/media/publications/corporate-reports/reports-and-presentations/2025/fy/saudi-aramco-fy-2025-full-financials-english.pdf,,,,,free_cash_flow / abs(dividends_paid)
Saudi Arabian Oil Company (Aramco),SA,2222,2025,,2025-12-31,fy,ratio,fcf_margin,consolidated,{},0.2054417824954371779891774864,,ratio,https://www.aramco.com/-/media/publications/corporate-reports/reports-and-presentations/2025/fy/saudi-aramco-fy-2025-full-financials-english.pdf,,,,,free_cash_flow / revenue
Saudi Arabian Oil Company (Aramco),SA,2222,2025,,2025-12-31,fy,financial,fcf_payout_ratio,consolidated,{},1.000290303851364428101412812,,ratio,https://www.aramco.com/-/media/publications/corporate-reports/reports-and-presentations/2025/fy/saudi-aramco-ara-2025-english.pdf,,,,,abs(dividends_paid) / free_cash_flow
Saudi Arabian Oil Company (Aramco),SA,2222,2025,,2025-12-31,fy,ratio,fcf_to_debt,consolidated,{},0.8810204143370634486286394751,,ratio,https://www.aramco.com/-/media/publications/corporate-reports/reports-and-presentations/2025/fy/saudi-aramco-fy-2025-full-financials-english.pdf,,,,,free_cash_flow / total_debt
Saudi Arabian Oil Company (Aramco),SA,2222,2025,,2025-12-31,fy,financial,finance_and_other_income,consolidated,{},15504000000,SAR,SAR,https://www.aramco.com/-/media/publications/corporate-reports/reports-and-presentations/2025/fy/saudi-aramco-ara-2025-english.pdf,177,consolidated statement of income,,,
Saudi Arabian Oil Company (Aramco),SA,2222,2025,,2025-12-31,fy,financial,finance_cost_by_type,consolidated,"{""financing_type"":""Conventional borrowings""}",3741000000,SAR,SAR,https://www.aramco.com/-/media/publications/corporate-reports/reports-and-presentations/2025/fy/saudi-aramco-fy-2025-full-financials-english.pdf,54,finance costs,,,
Saudi Arabian Oil Company (Aramco),SA,2222,2025,,2025-12-31,fy,financial,finance_cost_by_type,consolidated,"{""financing_type"":""Non-conventional borrowings""}",3261000000,SAR,SAR,https://www.aramco.com/-/media/publications/corporate-reports/reports-and-presentations/2025/fy/saudi-aramco-fy-2025-full-financials-english.pdf,54,finance costs,,,
Saudi Arabian Oil Company (Aramco),SA,2222,2025,,2025-12-31,fy,financial,finance_cost_by_type,consolidated,"{""financing_type"":""Lease liabilities""}",3309000000,SAR,SAR,https://www.aramco.com/-/media/publications/corporate-reports/reports-and-presentations/2025/fy/saudi-aramco-fy-2025-full-financials-english.pdf,54,finance costs,,,
Saudi Arabian Oil Company (Aramco),SA,2222,2025,,2025-12-31,fy,financial,finance_cost_by_type,consolidated,"{""financing_type"":""Unwinding of discount""}",780000000,SAR,SAR,https://www.aramco.com/-/media/publications/corporate-reports/reports-and-presentations/2025/fy/saudi-aramco-fy-2025-full-financials-english.pdf,54,finance costs,,,
Saudi Arabian Oil Company (Aramco),SA,2222,2025,,2025-12-31,fy,financial,finance_costs,consolidated,{},-11091000000,SAR,SAR,https://www.aramco.com/-/media/publications/corporate-reports/reports-and-presentations/2025/fy/saudi-aramco-ara-2025-english.pdf,177,consolidated statement of income,,,
Saudi Arabian Oil Company (Aramco),SA,2222,2025,,2025-12-31,fy,financial,finance_income,consolidated,{},13287000000,SAR,SAR,https://www.aramco.com/-/media/publications/corporate-reports/reports-and-presentations/2025/fy/saudi-aramco-fy-2025-full-financials-english.pdf,34,operating segments reconciliation,,,
Saudi Arabian Oil Company (Aramco),SA,2222,2025,,2025-12-31,instant,financial,financial_assets_by_class,consolidated,"{""asset_class"":""Investments in securities measured at fair value""}",68994000000,SAR,SAR,https://www.aramco.com/-/media/publications/corporate-reports/reports-and-presentations/2025/fy/saudi-aramco-fy-2025-full-financials-english.pdf,34,Note 3(d) - financial assets measured at fair value,,,
Saudi Arabian Oil Company (Aramco),SA,2222,2025,,2025-12-31,instant,financial,financial_assets_by_class,consolidated,"{""asset_class"":""Other assets and receivables measured at fair value""}",5667000000,SAR,SAR,https://www.aramco.com/-/media/publications/corporate-reports/reports-and-presentations/2025/fy/saudi-aramco-fy-2025-full-financials-english.pdf,34,Note 3(d) - financial assets measured at fair value,,,
Saudi Arabian Oil Company (Aramco),SA,2222,2025,,2025-12-31,instant,financial,financial_assets_by_class,consolidated,"{""asset_class"":""Trade receivables with provisional pricing""}",118404000000,SAR,SAR,https://www.aramco.com/-/media/publications/corporate-reports/reports-and-presentations/2025/fy/saudi-aramco-fy-2025-full-financials-english.pdf,34,Note 3(d) - financial assets measured at fair value,,,
Saudi Arabian Oil Company (Aramco),SA,2222,2025,,2025-12-31,instant,financial,financial_liabilities_by_class,consolidated,"{""liability_class"":""Trade payables and other liabilities measured at fair value""}",36199000000,SAR,SAR,https://www.aramco.com/-/media/publications/corporate-reports/reports-and-presentations/2025/fy/saudi-aramco-fy-2025-full-financials-english.pdf,35,Note 3(d) - financial liabilities measured at fair value,,,
Saudi Arabian Oil Company (Aramco),SA,2222,2025,,2025-12-31,instant,financial,financial_liabilities_by_class,consolidated,"{""liability_class"":""Provisions and other liabilities measured at fair value""}",1839000000,SAR,SAR,https://www.aramco.com/-/media/publications/corporate-reports/reports-and-presentations/2025/fy/saudi-aramco-fy-2025-full-financials-english.pdf,35,Note 3(d) - financial liabilities measured at fair value,,,
Saudi Arabian Oil Company (Aramco),SA,2222,2025,,2025-12-31,fy,financial,financing_cash_flow,consolidated,{},-280439000000,SAR,SAR,https://www.aramco.com/-/media/publications/corporate-reports/reports-and-presentations/2025/fy/saudi-aramco-ara-2025-english.pdf,181,consolidated statement of cash flows,,,
Saudi Arabian Oil Company (Aramco),SA,2222,2025,,2025-12-31,fy,operational,finished_lubricants_sold,consolidated,{},1.1,,million_tonnes,https://www.aramco.com/-/media/publications/corporate-reports/reports-and-presentations/2025/fy/saudi-aramco-ara-2025-english.pdf,50,downstream volumes,,,
Saudi Arabian Oil Company (Aramco),SA,2222,2025,,2025-12-31,fy,operational,flaring_intensity,consolidated,{},6.65,,scf_per_boe,https://www.aramco.com/-/media/publications/corporate-reports/reports-and-presentations/2025/fy/saudi-aramco-ara-2025-english.pdf,87,sustainability performance,,,
Saudi Arabian Oil Company (Aramco),SA,2222,2025,,2025-12-31,fy,calculated,التدفق النقدي الحر,consolidated,{},320354000000,SAR,SAR,https://www.aramco.com/-/media/publications/corporate-reports/reports-and-presentations/2025/fy/saudi-aramco-fy-2025-full-financials-english.pdf,,,,,operating_cash_flow - abs(capex)
Saudi Arabian Oil Company (Aramco),SA,2222,2025,,2025-12-31,fy,calculated,free_cash_flow_growth,consolidated,{},0.001112506953168457302858143,,ratio,https://www.aramco.com/-/media/publications/corporate-reports/reports-and-presentations/2025/fy/saudi-aramco-fy-2025-full-financials-english.pdf,,,,,free_cash_flow / prior_fy(free_cash_flow) - 1
Saudi Arabian Oil Company (Aramco),SA,2222,2025,,2025-12-31,fy,financial,free_cash_flow_per_share,consolidated,{},1.324422652367683415880470643,SAR,SAR/share,https://www.aramco.com/-/media/publications/corporate-reports/reports-and-presentations/2025/fy/saudi-aramco-fy-2025-full-financials-english.pdf,,,,,free_cash_flow / weighted_average_shares
Saudi Arabian Oil Company (Aramco),SA,2222,2025,,2025-12-31,fy,financial,gain_loss_investing,consolidated,"{""component"":""Loss on retirements and disposal of property plant and equipment""}",5079000000,SAR,SAR,https://www.aramco.com/-/media/publications/corporate-reports/reports-and-presentations/2025/fy/saudi-aramco-fy-2025-full-financials-english.pdf,18,Consolidated statement of cash flows - operating reconciliation,,,
Saudi Arabian Oil Company (Aramco),SA,2222,2025,,2025-12-31,fy,financial,gain_loss_investing,consolidated,"{""component"":""Gain on disposal of assets classified as held for sale""}",-342000000,SAR,SAR,https://www.aramco.com/-/media/publications/corporate-reports/reports-and-presentations/2025/fy/saudi-aramco-fy-2025-full-financials-english.pdf,18,Consolidated statement of cash flows - operating reconciliation,,,
Saudi Arabian Oil Company (Aramco),SA,2222,2025,,2025-12-31,instant,operational,gas_reserves,consolidated,{},211.7,,tscf,https://www.aramco.com/-/media/publications/corporate-reports/reports-and-presentations/2025/fy/saudi-aramco-ara-2025-english.pdf,15,reserves,,,
Saudi Arabian Oil Company (Aramco),SA,2222,2025,,2025-12-31,instant,ratio,نسبة المديونية (Gearing),consolidated,{},3.8,,percent,https://www.aramco.com/-/media/publications/corporate-reports/reports-and-presentations/2025/fy/saudi-aramco-ara-2025-english.pdf,32,gearing,,,
Saudi Arabian Oil Company (Aramco),SA,2222,2025,,2025-12-31,instant,financial,goodwill,consolidated,{},101229000000,SAR,SAR,https://www.aramco.com/-/media/publications/corporate-reports/reports-and-presentations/2025/fy/saudi-aramco-fy-2025-full-financials-english.pdf,37,intangible assets,,,
Saudi Arabian Oil Company (Aramco),SA,2222,2025,,2025-12-31,instant,financial,goodwill_by_cash_generating_unit,consolidated,"{""cash_generating_unit"":""Downstream"",""origin"":""SABIC acquisition""}",99116000000,SAR,SAR,https://www.aramco.com/-/media/publications/corporate-reports/reports-and-presentations/2025/fy/saudi-aramco-fy-2025-full-financials-english.pdf,40,Note 6 - goodwill allocated to cash-generating unit,,,
Saudi Arabian Oil Company (Aramco),SA,2222,2025,,2025-12-31,instant,calculated,graham_net_net,consolidated,{},-427767000000.00,SAR,SAR,https://www.aramco.com/-/media/publications/corporate-reports/reports-and-presentations/2025/fy/saudi-aramco-ara-2025-english.pdf,,,,,cash + 0.75 * accounts_receivable + 0.5 * inventory - total_liabilities
Saudi Arabian Oil Company (Aramco),SA,2222,2025,,2025-12-31,instant,financial,gross_property_plant_equipment,consolidated,{},2637884000000,SAR,SAR,https://www.aramco.com/-/media/publications/corporate-reports/reports-and-presentations/2025/fy/saudi-aramco-fy-2025-full-financials-english.pdf,35,property plant and equipment cost,,,
Saudi Arabian Oil Company (Aramco),SA,2222,2025,,2025-12-31,instant,operational,gross_refining_capacity,consolidated,{},7.8,,mmbpd,https://www.aramco.com/-/media/publications/corporate-reports/reports-and-presentations/2025/fy/saudi-aramco-ara-2025-english.pdf,29,operational highlights,,,
Saudi Arabian Oil Company (Aramco),SA,2222,2025,,2025-12-31,instant,financial,guarantees_issued,consolidated,"{""beneficiary"":""Sadara"",""guarantee_type"":""Senior debt principal and interest""}",13875000000,SAR,SAR,https://www.aramco.com/-/media/publications/corporate-reports/reports-and-presentations/2025/fy/saudi-aramco-fy-2025-full-financials-english.pdf,70,Note 33(a) - Sadara contingent liabilities,,,
Saudi Arabian Oil Company (Aramco),SA,2222,2025,,2025-12-31,instant,financial,guarantees_issued,consolidated,"{""beneficiary"":""Sadara"",""guarantee_type"":""Working capital shortfall support""}",1875000000,SAR,SAR,https://www.aramco.com/-/media/publications/corporate-reports/reports-and-presentations/2025/fy/saudi-aramco-fy-2025-full-financials-english.pdf,70,Note 33(a) - Sadara contingent liabilities,,,
Saudi Arabian Oil Company (Aramco),SA,2222,2025,,2025-12-31,instant,financial,guarantees_issued,consolidated,"{""beneficiary"":""Other affiliates"",""guarantee_type"":""Borrowings and other obligations""}",2253000000,SAR,SAR,https://www.aramco.com/-/media/publications/corporate-reports/reports-and-presentations/2025/fy/saudi-aramco-fy-2025-full-financials-english.pdf,71,Note 33(d) - other guarantees,,,
Saudi Arabian Oil Company (Aramco),SA,2222,2025,,2025-12-31,fy,operational,hydrocarbon_discharge_to_water,consolidated,{},7.5,,barrels,https://www.aramco.com/-/media/publications/corporate-reports/reports-and-presentations/2025/fy/saudi-aramco-ara-2025-english.pdf,87,sustainability performance,,,
Saudi Arabian Oil Company (Aramco),SA,2222,2025,,2025-12-31,fy,financial,impairment_by_asset_class,consolidated,"{""asset_class"":""Land and land improvements"",""ledger"":""Accumulated depreciation""}",-83000000,SAR,SAR,https://www.aramco.com/-/media/publications/corporate-reports/reports-and-presentations/2025/fy/saudi-aramco-fy-2025-full-financials-english.pdf,37,Note 5 - PPE impairment by class,,,
Saudi Arabian Oil Company (Aramco),SA,2222,2025,,2025-12-31,fy,financial,impairment_by_asset_class,consolidated,"{""asset_class"":""Buildings"",""ledger"":""Accumulated depreciation""}",-502000000,SAR,SAR,https://www.aramco.com/-/media/publications/corporate-reports/reports-and-presentations/2025/fy/saudi-aramco-fy-2025-full-financials-english.pdf,37,Note 5 - PPE impairment by class,,,
Saudi Arabian Oil Company (Aramco),SA,2222,2025,,2025-12-31,fy,financial,impairment_by_asset_class,consolidated,"{""asset_class"":""Plant machinery and equipment"",""ledger"":""Accumulated depreciation""}",-16254000000,SAR,SAR,https://www.aramco.com/-/media/publications/corporate-reports/reports-and-presentations/2025/fy/saudi-aramco-fy-2025-full-financials-english.pdf,37,Note 5 - PPE impairment by class,,,
Saudi Arabian Oil Company (Aramco),SA,2222,2025,,2025-12-31,fy,financial,impairment_by_asset_class,consolidated,"{""asset_class"":""Depots storage tanks and pipelines"",""ledger"":""Accumulated depreciation""}",-8000000,SAR,SAR,https://www.aramco.com/-/media/publications/corporate-reports/reports-and-presentations/2025/fy/saudi-aramco-fy-2025-full-financials-english.pdf,37,Note 5 - PPE impairment by class,,,
Saudi Arabian Oil Company (Aramco),SA,2222,2025,,2025-12-31,fy,financial,impairment_by_asset_class,consolidated,"{""asset_class"":""Fixtures IT and office equipment"",""ledger"":""Accumulated depreciation""}",-10000000,SAR,SAR,https://www.aramco.com/-/media/publications/corporate-reports/reports-and-presentations/2025/fy/saudi-aramco-fy-2025-full-financials-english.pdf,37,Note 5 - PPE impairment by class,,,
Saudi Arabian Oil Company (Aramco),SA,2222,2025,,2025-12-31,fy,financial,impairment_by_asset_class,consolidated,"{""asset_class"":""Construction in progress"",""ledger"":""Cost""}",-2164000000,SAR,SAR,https://www.aramco.com/-/media/publications/corporate-reports/reports-and-presentations/2025/fy/saudi-aramco-fy-2025-full-financials-english.pdf,37,Note 5 - PPE impairment by class,,,
Saudi Arabian Oil Company (Aramco),SA,2222,2025,,2025-12-31,fy,financial,impairment_cash_flow,consolidated,{},32425000000,SAR,SAR,https://www.aramco.com/-/media/publications/corporate-reports/reports-and-presentations/2025/fy/saudi-aramco-ara-2025-english.pdf,181,consolidated statement of cash flows,,,
Saudi Arabian Oil Company (Aramco),SA,2222,2025,,2025-12-31,fy,financial,impairment_charges,consolidated,{},-32425000000,SAR,SAR,https://www.aramco.com/-/media/publications/corporate-reports/reports-and-presentations/2025/fy/saudi-aramco-ara-2025-english.pdf,177,consolidated statement of income,,,
Saudi Arabian Oil Company (Aramco),SA,2222,2025,,2025-12-31,fy,financial,الدخل قبل الضرائب والزكاة,consolidated,{},702860000000,SAR,SAR,https://www.aramco.com/-/media/publications/corporate-reports/reports-and-presentations/2025/fy/saudi-aramco-ara-2025-english.pdf,39,summarized consolidated statement of income,,,
Saudi Arabian Oil Company (Aramco),SA,2222,2025,,2025-12-31,fy,calculated,income_quality,consolidated,{},1.458547728505753690642757203,,ratio,https://www.aramco.com/-/media/publications/corporate-reports/reports-and-presentations/2025/fy/saudi-aramco-fy-2025-full-financials-english.pdf,,,,,operating_cash_flow / net_income
Saudi Arabian Oil Company (Aramco),SA,2222,2025,,2025-12-31,fy,financial,income_tax_expense,consolidated,{},351719000000,SAR,SAR,https://www.aramco.com/-/media/publications/corporate-reports/reports-and-presentations/2025/fy/saudi-aramco-fy-2025-full-financials-english.pdf,43,income taxes and zakat reconciliation,,,
Saudi Arabian Oil Company (Aramco),SA,2222,2025,,2025-12-31,fy,financial,ضرائب الدخل والزكاة,consolidated,{},-352650000000,SAR,SAR,https://www.aramco.com/-/media/publications/corporate-reports/reports-and-presentations/2025/fy/saudi-aramco-ara-2025-english.pdf,39,summarized consolidated statement of income,,,
Saudi Arabian Oil Company (Aramco),SA,2222,2025,,2025-12-31,fy,operational,industrial_waste_disposed,consolidated,{},281289,,tonnes,https://www.aramco.com/-/media/publications/corporate-reports/reports-and-presentations/2025/fy/saudi-aramco-ara-2025-english.pdf,87,sustainability performance,,,
Saudi Arabian Oil Company (Aramco),SA,2222,2025,,2025-12-31,fy,financial,intangible_additions_by_class,consolidated,"{""asset_class"":""Exploration and evaluation""}",6025000000,SAR,SAR,https://www.aramco.com/-/media/publications/corporate-reports/reports-and-presentations/2025/fy/saudi-aramco-fy-2025-full-financials-english.pdf,37,intangible additions,,,
Saudi Arabian Oil Company (Aramco),SA,2222,2025,,2025-12-31,fy,financial,intangible_additions_by_class,consolidated,"{""asset_class"":""Computer software""}",453000000,SAR,SAR,https://www.aramco.com/-/media/publications/corporate-reports/reports-and-presentations/2025/fy/saudi-aramco-fy-2025-full-financials-english.pdf,37,intangible additions,,,
Saudi Arabian Oil Company (Aramco),SA,2222,2025,,2025-12-31,fy,financial,intangible_additions_by_class,consolidated,"{""asset_class"":""Other""}",523000000,SAR,SAR,https://www.aramco.com/-/media/publications/corporate-reports/reports-and-presentations/2025/fy/saudi-aramco-fy-2025-full-financials-english.pdf,37,intangible additions,,,
Saudi Arabian Oil Company (Aramco),SA,2222,2025,,2025-12-31,fy,financial,intangible_amortization_by_class,consolidated,"{""asset_class"":""Brands and trademarks""}",162000000,SAR,SAR,https://www.aramco.com/-/media/publications/corporate-reports/reports-and-presentations/2025/fy/saudi-aramco-fy-2025-full-financials-english.pdf,37,intangible amortization charge,,,
Saudi Arabian Oil Company (Aramco),SA,2222,2025,,2025-12-31,fy,financial,intangible_amortization_by_class,consolidated,"{""asset_class"":""Franchise and customer relationships""}",1106000000,SAR,SAR,https://www.aramco.com/-/media/publications/corporate-reports/reports-and-presentations/2025/fy/saudi-aramco-fy-2025-full-financials-english.pdf,37,intangible amortization charge,,,
Saudi Arabian Oil Company (Aramco),SA,2222,2025,,2025-12-31,fy,financial,intangible_amortization_by_class,consolidated,"{""asset_class"":""Computer software""}",364000000,SAR,SAR,https://www.aramco.com/-/media/publications/corporate-reports/reports-and-presentations/2025/fy/saudi-aramco-fy-2025-full-financials-english.pdf,37,intangible amortization charge,,,
Saudi Arabian Oil Company (Aramco),SA,2222,2025,,2025-12-31,fy,financial,intangible_amortization_by_class,consolidated,"{""asset_class"":""Other""}",412000000,SAR,SAR,https://www.aramco.com/-/media/publications/corporate-reports/reports-and-presentations/2025/fy/saudi-aramco-fy-2025-full-financials-english.pdf,37,intangible amortization charge,,,
Saudi Arabian Oil Company (Aramco),SA,2222,2025,,2025-12-31,instant,financial,intangible_assets,consolidated,{},164825000000,SAR,SAR,https://www.aramco.com/-/media/publications/corporate-reports/reports-and-presentations/2025/fy/saudi-aramco-ara-2025-english.pdf,179,consolidated balance sheet,,,
Saudi Arabian Oil Company (Aramco),SA,2222,2025,,2025-12-31,instant,financial,intangible_assets_by_class,consolidated,"{""asset_class"":""Goodwill""}",101229000000,SAR,SAR,https://www.aramco.com/-/media/publications/corporate-reports/reports-and-presentations/2025/fy/saudi-aramco-fy-2025-full-financials-english.pdf,37,intangible assets net,,,
Saudi Arabian Oil Company (Aramco),SA,2222,2025,,2025-12-31,instant,financial,intangible_assets_by_class,consolidated,"{""asset_class"":""Exploration and evaluation""}",21462000000,SAR,SAR,https://www.aramco.com/-/media/publications/corporate-reports/reports-and-presentations/2025/fy/saudi-aramco-fy-2025-full-financials-english.pdf,37,intangible assets net,,,
Saudi Arabian Oil Company (Aramco),SA,2222,2025,,2025-12-31,instant,financial,intangible_assets_by_class,consolidated,"{""asset_class"":""Brands and trademarks""}",21778000000,SAR,SAR,https://www.aramco.com/-/media/publications/corporate-reports/reports-and-presentations/2025/fy/saudi-aramco-fy-2025-full-financials-english.pdf,37,intangible assets net,,,
Saudi Arabian Oil Company (Aramco),SA,2222,2025,,2025-12-31,instant,financial,intangible_assets_by_class,consolidated,"{""asset_class"":""Franchise and customer relationships""}",15040000000,SAR,SAR,https://www.aramco.com/-/media/publications/corporate-reports/reports-and-presentations/2025/fy/saudi-aramco-fy-2025-full-financials-english.pdf,37,intangible assets net,,,
Saudi Arabian Oil Company (Aramco),SA,2222,2025,,2025-12-31,instant,financial,intangible_assets_by_class,consolidated,"{""asset_class"":""Computer software""}",2141000000,SAR,SAR,https://www.aramco.com/-/media/publications/corporate-reports/reports-and-presentations/2025/fy/saudi-aramco-fy-2025-full-financials-english.pdf,37,intangible assets net,,,
Saudi Arabian Oil Company (Aramco),SA,2222,2025,,2025-12-31,instant,financial,intangible_assets_by_class,consolidated,"{""asset_class"":""Other""}",3175000000,SAR,SAR,https://www.aramco.com/-/media/publications/corporate-reports/reports-and-presentations/2025/fy/saudi-aramco-fy-2025-full-financials-english.pdf,37,intangible assets net,,,
Saudi Arabian Oil Company (Aramco),SA,2222,2025,,2025-12-31,fy,ratio,interest_coverage,consolidated,{},63.17410513028581732936615274,,ratio,https://www.aramco.com/-/media/publications/corporate-reports/reports-and-presentations/2025/fy/saudi-aramco-fy-2025-full-financials-english.pdf,,,,,ebit / abs(finance_costs)
Saudi Arabian Oil Company (Aramco),SA,2222,2025,,2025-12-31,fy,financial,interest_income,consolidated,{},8587000000,SAR,SAR,https://www.aramco.com/-/media/publications/corporate-reports/reports-and-presentations/2025/fy/saudi-aramco-fy-2025-full-financials-english.pdf,66,finance and other income,,,
Saudi Arabian Oil Company (Aramco),SA,2222,2025,,2025-12-31,fy,financial,interest_paid,consolidated,{},-18382000000,SAR,SAR,https://www.aramco.com/-/media/publications/corporate-reports/reports-and-presentations/2025/fy/saudi-aramco-ara-2025-english.pdf,181,consolidated statement of cash flows,,,
Saudi Arabian Oil Company (Aramco),SA,2222,2025,,2025-12-31,fy,financial,interest_received,consolidated,{},14142000000,SAR,SAR,https://www.aramco.com/-/media/publications/corporate-reports/reports-and-presentations/2025/fy/saudi-aramco-ara-2025-english.pdf,181,consolidated statement of cash flows,,,
Saudi Arabian Oil Company (Aramco),SA,2222,2025,,2025-12-31,fy,operational,international_revenue,segment,"{""geography"":""Out-of-Kingdom""}",665637000000,SAR,SAR,https://www.aramco.com/-/media/publications/corporate-reports/reports-and-presentations/2025/fy/saudi-aramco-fy-2025-full-financials-english.pdf,35,geographical information,,,
Saudi Arabian Oil Company (Aramco),SA,2222,2025,,2025-12-31,instant,financial,inventory,consolidated,{},70542000000,SAR,SAR,https://www.aramco.com/-/media/publications/corporate-reports/reports-and-presentations/2025/fy/saudi-aramco-ara-2025-english.pdf,179,consolidated balance sheet,,,
Saudi Arabian Oil Company (Aramco),SA,2222,2025,,2025-12-31,fy,financial,inventory_change,consolidated,{},7902000000,SAR,SAR,https://www.aramco.com/-/media/publications/corporate-reports/reports-and-presentations/2025/fy/saudi-aramco-ara-2025-english.pdf,181,consolidated statement of cash flows,,,
Saudi Arabian Oil Company (Aramco),SA,2222,2025,,2025-12-31,instant,ratio,inventory_to_assets,consolidated,{},0.02764223946732790901439048513,,ratio,https://www.aramco.com/-/media/publications/corporate-reports/reports-and-presentations/2025/fy/saudi-aramco-ara-2025-english.pdf,,,,,inventory / total_assets
Saudi Arabian Oil Company (Aramco),SA,2222,2025,,2025-12-31,instant,financial,invested_capital,consolidated,{},1842262000000,SAR,SAR,https://www.aramco.com/-/media/publications/corporate-reports/reports-and-presentations/2025/fy/saudi-aramco-ara-2025-english.pdf,,,,,total_equity + current_debt + long_term_debt - cash
Saudi Arabian Oil Company (Aramco),SA,2222,2025,,2025-12-31,fy,financial,investing_cash_flow,consolidated,{},-203902000000,SAR,SAR,https://www.aramco.com/-/media/publications/corporate-reports/reports-and-presentations/2025/fy/saudi-aramco-ara-2025-english.pdf,181,consolidated statement of cash flows,,,
Saudi Arabian Oil Company (Aramco),SA,2222,2025,,2025-12-31,fy,financial,investment_fair_value_change,consolidated,{},-1898000000,SAR,SAR,https://www.aramco.com/-/media/publications/corporate-reports/reports-and-presentations/2025/fy/saudi-aramco-fy-2025-full-financials-english.pdf,16,consolidated statement of cash flows,,,
Saudi Arabian Oil Company (Aramco),SA,2222,2025,,2025-12-31,fy,financial,investment_income,consolidated,{},4700000000,SAR,SAR,https://www.aramco.com/-/media/publications/corporate-reports/reports-and-presentations/2025/fy/saudi-aramco-fy-2025-full-financials-english.pdf,66,finance and other income,,,
Saudi Arabian Oil Company (Aramco),SA,2222,2025,,2025-12-31,instant,financial,investments_associates,consolidated,{},70254000000,SAR,SAR,https://www.aramco.com/-/media/publications/corporate-reports/reports-and-presentations/2025/fy/saudi-aramco-ara-2025-english.pdf,179,consolidated balance sheet,,,
Saudi Arabian Oil Company (Aramco),SA,2222,2025,,2025-12-31,fy,financial,key_management_compensation,consolidated,"{""compensation_type"":""Short-term employee benefits""}",110000000,SAR,SAR,https://www.aramco.com/-/media/publications/corporate-reports/reports-and-presentations/2025/fy/saudi-aramco-fy-2025-full-financials-english.pdf,67,key management compensation,,,
Saudi Arabian Oil Company (Aramco),SA,2222,2025,,2025-12-31,fy,financial,key_management_compensation,consolidated,"{""compensation_type"":""Post-employment benefits""}",55000000,SAR,SAR,https://www.aramco.com/-/media/publications/corporate-reports/reports-and-presentations/2025/fy/saudi-aramco-fy-2025-full-financials-english.pdf,67,key management compensation,,,
Saudi Arabian Oil Company (Aramco),SA,2222,2025,,2025-12-31,fy,financial,key_management_compensation,consolidated,"{""compensation_type"":""Share-based compensation""}",27000000,SAR,SAR,https://www.aramco.com/-/media/publications/corporate-reports/reports-and-presentations/2025/fy/saudi-aramco-fy-2025-full-financials-english.pdf,67,key management compensation,,,
Saudi Arabian Oil Company (Aramco),SA,2222,2025,,2025-12-31,fy,financial,key_management_compensation,consolidated,"{""compensation_type"":""Other long-term benefits""}",5000000,SAR,SAR,https://www.aramco.com/-/media/publications/corporate-reports/reports-and-presentations/2025/fy/saudi-aramco-fy-2025-full-financials-english.pdf,67,key management compensation,,,
Saudi Arabian Oil Company (Aramco),SA,2222,2025,,2025-12-31,instant,financial,lease_commitments_not_commenced,consolidated,{},25357000000,SAR,SAR,https://www.aramco.com/-/media/publications/corporate-reports/reports-and-presentations/2025/fy/saudi-aramco-fy-2025-full-financials-english.pdf,69,Note 32(a) - leases contracted but not commenced,,,
Saudi Arabian Oil Company (Aramco),SA,2222,2025,,2025-12-31,fy,financial,lease_interest_expense,consolidated,{},3309000000,SAR,SAR,https://www.aramco.com/-/media/publications/corporate-reports/reports-and-presentations/2025/fy/saudi-aramco-fy-2025-full-financials-english.pdf,54,Note 20 - finance costs - lease liabilities,,,
Saudi Arabian Oil Company (Aramco),SA,2222,2025,,2025-12-31,instant,financial,lease_liabilities_current,consolidated,{},11986000000,SAR,SAR,https://www.aramco.com/-/media/publications/corporate-reports/reports-and-presentations/2025/fy/saudi-aramco-fy-2025-full-financials-english.pdf,54,borrowings,,,
Saudi Arabian Oil Company (Aramco),SA,2222,2025,,2025-12-31,instant,financial,lease_liabilities_noncurrent,consolidated,{},52308000000,SAR,SAR,https://www.aramco.com/-/media/publications/corporate-reports/reports-and-presentations/2025/fy/saudi-aramco-fy-2025-full-financials-english.pdf,54,borrowings,,,
Saudi Arabian Oil Company (Aramco),SA,2222,2025,,2025-12-31,instant,financial,lease_maturity_by_band,consolidated,"{""maturity_band"":""No later than one year"",""measurement"":""Undiscounted contractual cash flow""}",13491000000,SAR,SAR,https://www.aramco.com/-/media/publications/corporate-reports/reports-and-presentations/2025/fy/saudi-aramco-fy-2025-full-financials-english.pdf,60,Note 15 - lease liability contractual maturities,,,
Saudi Arabian Oil Company (Aramco),SA,2222,2025,,2025-12-31,instant,financial,lease_maturity_by_band,consolidated,"{""maturity_band"":""One to five years"",""measurement"":""Undiscounted contractual cash flow""}",34089000000,SAR,SAR,https://www.aramco.com/-/media/publications/corporate-reports/reports-and-presentations/2025/fy/saudi-aramco-fy-2025-full-financials-english.pdf,60,Note 15 - lease liability contractual maturities,,,
Saudi Arabian Oil Company (Aramco),SA,2222,2025,,2025-12-31,instant,financial,lease_maturity_by_band,consolidated,"{""maturity_band"":""More than five years"",""measurement"":""Undiscounted contractual cash flow""}",41463000000,SAR,SAR,https://www.aramco.com/-/media/publications/corporate-reports/reports-and-presentations/2025/fy/saudi-aramco-fy-2025-full-financials-english.pdf,60,Note 15 - lease liability contractual maturities,,,
Saudi Arabian Oil Company (Aramco),SA,2222,2025,,2025-12-31,fy,financial,lease_payments,consolidated,{},-13498000000,SAR,SAR,https://www.aramco.com/-/media/publications/corporate-reports/reports-and-presentations/2025/fy/saudi-aramco-ara-2025-english.pdf,181,consolidated statement of cash flows,,,
Saudi Arabian Oil Company (Aramco),SA,2222,2025,,2025-12-31,instant,financial,liabilities_held_for_sale,consolidated,{},6444000000,SAR,SAR,https://www.aramco.com/-/media/publications/corporate-reports/reports-and-presentations/2025/fy/saudi-aramco-ara-2025-english.pdf,180,consolidated balance sheet,,,
Saudi Arabian Oil Company (Aramco),SA,2222,2025,,2025-12-31,instant,ratio,liabilities_to_assets,consolidated,{},0.3253259058513364608591657249,,ratio,https://www.aramco.com/-/media/publications/corporate-reports/reports-and-presentations/2025/fy/saudi-aramco-fy-2025-full-financials-english.pdf,,,,,total_liabilities / total_assets
Saudi Arabian Oil Company (Aramco),SA,2222,2025,,2025-12-31,instant,ratio,الالتزامات إلى حقوق الملكية,consolidated,{},0.4821971210586475108959287792,,ratio,https://www.aramco.com/-/media/publications/corporate-reports/reports-and-presentations/2025/fy/saudi-aramco-fy-2025-full-financials-english.pdf,,,,,total_liabilities / total_equity
Saudi Arabian Oil Company (Aramco),SA,2222,2025,,2025-12-31,fy,operational,lifting_cost_per_boe,consolidated,{},3.51,USD,USD/boe,https://www.aramco.com/-/media/publications/corporate-reports/reports-and-presentations/2025/fy/saudi-aramco-ara-2025-english.pdf,44,upstream performance,,,
Saudi Arabian Oil Company (Aramco),SA,2222,2025,,2025-12-31,fy,operational,liquid_chemicals_traded,consolidated,{},6.3,,million_tonnes,https://www.aramco.com/-/media/publications/corporate-reports/reports-and-presentations/2025/fy/saudi-aramco-ara-2025-english.pdf,50,downstream volumes,,,
Saudi Arabian Oil Company (Aramco),SA,2222,2025,,2025-12-31,instant,financial,long_term_debt,consolidated,{},308466000000,SAR,SAR,https://www.aramco.com/-/media/publications/corporate-reports/reports-and-presentations/2025/fy/saudi-aramco-ara-2025-english.pdf,180,consolidated balance sheet,,,
Saudi Arabian Oil Company (Aramco),SA,2222,2025,,2025-12-31,instant,ratio,long_term_debt_to_capital,consolidated,{},0.1479197127020213766345491260,,ratio,https://www.aramco.com/-/media/publications/corporate-reports/reports-and-presentations/2025/fy/saudi-aramco-ara-2025-english.pdf,,,,,long_term_debt / (total_debt + total_equity)
Saudi Arabian Oil Company (Aramco),SA,2222,2025,,2025-12-31,instant,financial,long_term_investments,consolidated,{},38795000000,SAR,SAR,https://www.aramco.com/-/media/publications/corporate-reports/reports-and-presentations/2025/fy/saudi-aramco-ara-2025-english.pdf,179,consolidated balance sheet,,,
Saudi Arabian Oil Company (Aramco),SA,2222,2025,,2025-12-31,fy,financial,low_value_lease_expense,consolidated,{},334000000,SAR,SAR,https://www.aramco.com/-/media/publications/corporate-reports/reports-and-presentations/2025/fy/saudi-aramco-fy-2025-full-financials-english.pdf,60,Note 15 - low-value lease expense,,,
Saudi Arabian Oil Company (Aramco),SA,2222,2025,,2025-12-31,instant,operational,الطاقة الإنتاجية القصوى المستدامة,consolidated,{},12.0,,mmbpd,https://www.aramco.com/-/media/publications/corporate-reports/reports-and-presentations/2025/fy/saudi-aramco-ara-2025-english.pdf,29,operational highlights,,,
Saudi Arabian Oil Company (Aramco),SA,2222,2025,,2025-12-31,fy,operational,methane_intensity,consolidated,{},0.04,,percent,https://www.aramco.com/-/media/publications/corporate-reports/reports-and-presentations/2025/fy/saudi-aramco-ara-2025-english.pdf,87,sustainability performance,,,
Saudi Arabian Oil Company (Aramco),SA,2222,2025,,2025-12-31,fy,financial,minority_interest_income,consolidated,{},2168000000,SAR,SAR,https://www.aramco.com/-/media/publications/corporate-reports/reports-and-presentations/2025/fy/saudi-aramco-fy-2025-full-financials-english.pdf,12,consolidated statement of income,,,
Saudi Arabian Oil Company (Aramco),SA,2222,2025,,2025-12-31,fy,operational,natural_gas_revenue,consolidated,{},65106000000,SAR,SAR,https://www.aramco.com/-/media/publications/corporate-reports/reports-and-presentations/2025/fy/saudi-aramco-fy-2025-full-financials-english.pdf,64,natural gas and NGL revenue,,,
Saudi Arabian Oil Company (Aramco),SA,2222,2025,,2025-12-31,instant,operational,صافي الطاقة الإنتاجية للكيماويات,consolidated,{},59.3,,million_tonnes_per_year,https://www.aramco.com/-/media/publications/corporate-reports/reports-and-presentations/2025/fy/saudi-aramco-ara-2025-english.pdf,29,operational highlights,,,
Saudi Arabian Oil Company (Aramco),SA,2222,2025,,2025-12-31,instant,calculated,net_current_asset_value,consolidated,{},-233943000000,SAR,SAR,https://www.aramco.com/-/media/publications/corporate-reports/reports-and-presentations/2025/fy/saudi-aramco-ara-2025-english.pdf,,,,,current_assets - total_liabilities
Saudi Arabian Oil Company (Aramco),SA,2222,2025,,2025-12-31,instant,financial,net_debt,consolidated,{},68511000000,SAR,SAR,https://www.aramco.com/-/media/publications/corporate-reports/reports-and-presentations/2025/fy/saudi-aramco-ara-2025-english.pdf,32,gearing,,,
Saudi Arabian Oil Company (Aramco),SA,2222,2025,,2025-12-31,fy,ratio,net_debt_to_ebitda,consolidated,{},0.08631252716518321144433735850,,ratio,https://www.aramco.com/-/media/publications/corporate-reports/reports-and-presentations/2025/fy/saudi-aramco-fy-2025-full-financials-english.pdf,,,,,net_debt / ebitda
Saudi Arabian Oil Company (Aramco),SA,2222,2025,,2025-12-31,instant,ratio,net_debt_to_equity,consolidated,{},0.06999763030973245732234292671,,ratio,https://www.aramco.com/-/media/publications/corporate-reports/reports-and-presentations/2025/fy/saudi-aramco-ara-2025-english.pdf,,,,,(current_debt + long_term_debt - cash) / total_equity
Saudi Arabian Oil Company (Aramco),SA,2222,2025,,2025-12-31,fy,financial,صافي الربح,consolidated,{},350210000000,SAR,SAR,https://www.aramco.com/-/media/publications/corporate-reports/reports-and-presentations/2025/fy/saudi-aramco-fy-2025-full-financials-english.pdf,,,,,
Saudi Arabian Oil Company (Aramco),SA,2222,2025,,2025-12-31,fy,calculated,net_income_cagr_3y,consolidated,{},-0.1661345054630193752272585568,,ratio,https://www.aramco.com/-/media/publications/corporate-reports/reports-and-presentations/2025/fy/saudi-aramco-fy-2025-full-financials-english.pdf,,,,,(net_income / prior_3y(net_income)) ^ (1/3) - 1
Saudi Arabian Oil Company (Aramco),SA,2222,2025,,2025-12-31,fy,calculated,net_income_cagr_5y,consolidated,{},0.137664205756031832620937076,,ratio,https://www.aramco.com/-/media/publications/corporate-reports/reports-and-presentations/2025/fy/saudi-aramco-fy-2025-full-financials-english.pdf,,,,,(net_income / prior_5y(net_income)) ^ (1/5) - 1
Saudi Arabian Oil Company (Aramco),SA,2222,2025,,2025-12-31,fy,calculated,net_income_growth,consolidated,{},-0.1210073740907881592883927092,,ratio,https://www.aramco.com/-/media/publications/corporate-reports/reports-and-presentations/2025/fy/saudi-aramco-fy-2025-full-financials-english.pdf,,,,,net_income / prior_fy(net_income) - 1
Saudi Arabian Oil Company (Aramco),SA,2222,2025,,2025-12-31,fy,financial,net_income_noncontrolling,consolidated,{},2168000000,SAR,SAR,https://www.aramco.com/-/media/publications/corporate-reports/reports-and-presentations/2025/fy/saudi-aramco-ara-2025-english.pdf,177,consolidated statement of income,,,
Saudi Arabian Oil Company (Aramco),SA,2222,2025,,2025-12-31,fy,financial,صافي الربح العائد لمساهمي الشركة,consolidated,{},348042000000,SAR,SAR,https://www.aramco.com/-/media/publications/corporate-reports/reports-and-presentations/2025/fy/saudi-aramco-ara-2025-english.pdf,244,earnings per share,,,
Saudi Arabian Oil Company (Aramco),SA,2222,2025,,2025-12-31,fy,financial,net_interest_employee_benefits,consolidated,"{""plan_type"":""Pension benefits""}",-396000000,SAR,SAR,https://www.aramco.com/-/media/publications/corporate-reports/reports-and-presentations/2025/fy/saudi-aramco-fy-2025-full-financials-english.pdf,63,Note 21 - net defined benefit cost,,,
Saudi Arabian Oil Company (Aramco),SA,2222,2025,,2025-12-31,fy,financial,net_interest_employee_benefits,consolidated,"{""plan_type"":""Other benefits""}",581000000,SAR,SAR,https://www.aramco.com/-/media/publications/corporate-reports/reports-and-presentations/2025/fy/saudi-aramco-fy-2025-full-financials-english.pdf,63,Note 21 - net defined benefit cost,,,
Saudi Arabian Oil Company (Aramco),SA,2222,2025,,2025-12-31,fy,ratio,هامش صافي الربح,consolidated,{},0.2245883199452076581019429990,,ratio,https://www.aramco.com/-/media/publications/corporate-reports/reports-and-presentations/2025/fy/saudi-aramco-fy-2025-full-financials-english.pdf,,,,,net_income / revenue
Saudi Arabian Oil Company (Aramco),SA,2222,2025,,2025-12-31,instant,operational,صافي طاقة التكرير,consolidated,{},4.2,,mmbpd,https://www.aramco.com/-/media/publications/corporate-reports/reports-and-presentations/2025/fy/saudi-aramco-ara-2025-english.pdf,29,operational highlights,,,
Saudi Arabian Oil Company (Aramco),SA,2222,2025,,2025-12-31,instant,financial,noncontrolling_interests,consolidated,{},229748000000,SAR,SAR,https://www.aramco.com/-/media/publications/corporate-reports/reports-and-presentations/2025/fy/saudi-aramco-ara-2025-english.pdf,179,consolidated balance sheet,,,
Saudi Arabian Oil Company (Aramco),SA,2222,2025,,2025-12-31,instant,financial,noncurrent_assets,consolidated,{},1955687000000,SAR,SAR,https://www.aramco.com/-/media/publications/corporate-reports/reports-and-presentations/2025/fy/saudi-aramco-ara-2025-english.pdf,179,consolidated balance sheet,,,
Saudi Arabian Oil Company (Aramco),SA,2222,2025,,2025-12-31,instant,financial,noncurrent_liabilities,consolidated,{},531871000000,SAR,SAR,https://www.aramco.com/-/media/publications/corporate-reports/reports-and-presentations/2025/fy/saudi-aramco-ara-2025-english.pdf,180,consolidated balance sheet,,,
Saudi Arabian Oil Company (Aramco),SA,2222,2025,,2025-12-31,fy,financial,التدفق النقدي التشغيلي,consolidated,{},510798000000,SAR,SAR,https://www.aramco.com/-/media/publications/corporate-reports/reports-and-presentations/2025/fy/saudi-aramco-fy-2025-full-financials-english.pdf,,,,,
Saudi Arabian Oil Company (Aramco),SA,2222,2025,,2025-12-31,fy,calculated,operating_cash_flow_growth,consolidated,{},0.003753281665120812438100329,,ratio,https://www.aramco.com/-/media/publications/corporate-reports/reports-and-presentations/2025/fy/saudi-aramco-fy-2025-full-financials-english.pdf,,,,,operating_cash_flow / prior_fy(operating_cash_flow) - 1
Saudi Arabian Oil Company (Aramco),SA,2222,2025,,2025-12-31,fy,financial,operating_cash_flow_per_share,consolidated,{},2.111765240902588865645231973,SAR,SAR/share,https://www.aramco.com/-/media/publications/corporate-reports/reports-and-presentations/2025/fy/saudi-aramco-fy-2025-full-financials-english.pdf,,,,,operating_cash_flow / weighted_average_shares
Saudi Arabian Oil Company (Aramco),SA,2222,2025,,2025-12-31,fy,financial,التكاليف التشغيلية,consolidated,{},-964382000000,SAR,SAR,https://www.aramco.com/-/media/publications/corporate-reports/reports-and-presentations/2025/fy/saudi-aramco-ara-2025-english.pdf,39,summarized consolidated statement of income,,,
Saudi Arabian Oil Company (Aramco),SA,2222,2025,,2025-12-31,fy,financial,الدخل التشغيلي,consolidated,{},706822000000,SAR,SAR,https://www.aramco.com/-/media/publications/corporate-reports/reports-and-presentations/2025/fy/saudi-aramco-ara-2025-english.pdf,39,summarized consolidated statement of income,,,
Saudi Arabian Oil Company (Aramco),SA,2222,2025,,2025-12-31,fy,calculated,operating_income_growth,consolidated,{},-0.0875300952073583992254316605,,ratio,https://www.aramco.com/-/media/publications/corporate-reports/reports-and-presentations/2025/fy/saudi-aramco-ara-2025-english.pdf,,,,,operating_income / prior_fy(operating_income) - 1
Saudi Arabian Oil Company (Aramco),SA,2222,2025,,2025-12-31,fy,ratio,operating_margin,consolidated,{},0.4532822177559509074981626866,,ratio,https://www.aramco.com/-/media/publications/corporate-reports/reports-and-presentations/2025/fy/saudi-aramco-ara-2025-english.pdf,,,,,operating_income / revenue
Saudi Arabian Oil Company (Aramco),SA,2222,2025,,2025-12-31,instant,financial,other_commitments_by_type,consolidated,"{""commitment_type"":""Chemical Value Parks feedstock agreement""}",188000000,SAR,SAR,https://www.aramco.com/-/media/publications/corporate-reports/reports-and-presentations/2025/fy/saudi-aramco-fy-2025-full-financials-english.pdf,70,Note 32(d) - other commitments,,,
Saudi Arabian Oil Company (Aramco),SA,2222,2025,,2025-12-31,instant,financial,other_commitments_by_type,consolidated,"{""commitment_type"":""Private equity investments""}",667000000,SAR,SAR,https://www.aramco.com/-/media/publications/corporate-reports/reports-and-presentations/2025/fy/saudi-aramco-fy-2025-full-financials-english.pdf,70,Note 32(d) - other commitments,,,
Saudi Arabian Oil Company (Aramco),SA,2222,2025,,2025-12-31,instant,financial,other_commitments_by_type,consolidated,"{""commitment_type"":""SME loans and unlisted equity investments""}",23000000,SAR,SAR,https://www.aramco.com/-/media/publications/corporate-reports/reports-and-presentations/2025/fy/saudi-aramco-fy-2025-full-financials-english.pdf,70,Note 32(d) - other commitments,,,
Saudi Arabian Oil Company (Aramco),SA,2222,2025,,2025-12-31,instant,financial,other_commitments_by_type,consolidated,"{""commitment_type"":""Capital contributions to affiliates""}",5114000000,SAR,SAR,https://www.aramco.com/-/media/publications/corporate-reports/reports-and-presentations/2025/fy/saudi-aramco-fy-2025-full-financials-english.pdf,70,Note 32(d) - other commitments,,,
Saudi Arabian Oil Company (Aramco),SA,2222,2025,,2025-12-31,instant,financial,other_commitments_by_type,consolidated,"{""commitment_type"":""Social responsibility programs for affiliates""}",348000000,SAR,SAR,https://www.aramco.com/-/media/publications/corporate-reports/reports-and-presentations/2025/fy/saudi-aramco-fy-2025-full-financials-english.pdf,70,Note 32(d) - other commitments,,,
Saudi Arabian Oil Company (Aramco),SA,2222,2025,,2025-12-31,instant,financial,other_current_assets,consolidated,{},33839000000,SAR,SAR,https://www.aramco.com/-/media/publications/corporate-reports/reports-and-presentations/2025/fy/saudi-aramco-ara-2025-english.pdf,179,consolidated balance sheet,,,
Saudi Arabian Oil Company (Aramco),SA,2222,2025,,2025-12-31,instant,financial,other_current_liabilities,consolidated,"{""reported_label"":""Other""}",8484000000,SAR,SAR,https://www.aramco.com/-/media/publications/corporate-reports/reports-and-presentations/2025/fy/saudi-aramco-fy-2025-full-financials-english.pdf,66,Note 23 - trade payables and other liabilities,,,
Saudi Arabian Oil Company (Aramco),SA,2222,2025,,2025-12-31,fy,financial,دخل آخر مرتبط بالمبيعات,consolidated,{},111862000000,SAR,SAR,https://www.aramco.com/-/media/publications/corporate-reports/reports-and-presentations/2025/fy/saudi-aramco-ara-2025-english.pdf,177,consolidated statement of income,,,
Saudi Arabian Oil Company (Aramco),SA,2222,2025,,2025-12-31,instant,financial,other_noncurrent_assets,consolidated,{},50744000000,SAR,SAR,https://www.aramco.com/-/media/publications/corporate-reports/reports-and-presentations/2025/fy/saudi-aramco-ara-2025-english.pdf,179,consolidated balance sheet,,,
Saudi Arabian Oil Company (Aramco),SA,2222,2025,,2025-12-31,instant,financial,other_noncurrent_liabilities,consolidated,{},3266000000,SAR,SAR,https://www.aramco.com/-/media/publications/corporate-reports/reports-and-presentations/2025/fy/saudi-aramco-fy-2025-full-financials-english.pdf,65,Note 22 - provisions and other liabilities,,,
Saudi Arabian Oil Company (Aramco),SA,2222,2025,,2025-12-31,fy,financial,other_operating_changes,consolidated,"{""reported_label"":""Other""}",1480000000,SAR,SAR,https://www.aramco.com/-/media/publications/corporate-reports/reports-and-presentations/2025/fy/saudi-aramco-fy-2025-full-financials-english.pdf,18,Consolidated statement of cash flows - operating reconciliation,,,
Saudi Arabian Oil Company (Aramco),SA,2222,2025,,2025-12-31,instant,financial,other_reserve_components,consolidated,"{""component"":""Currency translation differences""}",-4858000000,SAR,SAR,https://www.aramco.com/-/media/publications/corporate-reports/reports-and-presentations/2025/fy/saudi-aramco-ara-2025-english.pdf,214,Note 18 - other reserves,,,
Saudi Arabian Oil Company (Aramco),SA,2222,2025,,2025-12-31,instant,financial,other_reserve_components,consolidated,"{""component"":""Investments in securities at FVOCI""}",5062000000,SAR,SAR,https://www.aramco.com/-/media/publications/corporate-reports/reports-and-presentations/2025/fy/saudi-aramco-ara-2025-english.pdf,214,Note 18 - other reserves,,,
Saudi Arabian Oil Company (Aramco),SA,2222,2025,,2025-12-31,instant,financial,other_reserve_components,consolidated,"{""component"":""Post-employment benefits""}",0,SAR,SAR,https://www.aramco.com/-/media/publications/corporate-reports/reports-and-presentations/2025/fy/saudi-aramco-ara-2025-english.pdf,214,Note 18 - other reserves,,,
Saudi Arabian Oil Company (Aramco),SA,2222,2025,,2025-12-31,instant,financial,other_reserve_components,consolidated,"{""component"":""Share-based compensation reserve and other""}",751000000,SAR,SAR,https://www.aramco.com/-/media/publications/corporate-reports/reports-and-presentations/2025/fy/saudi-aramco-ara-2025-english.pdf,214,Note 18 - other reserves,,,
Saudi Arabian Oil Company (Aramco),SA,2222,2025,,2025-12-31,instant,financial,other_reserve_components,consolidated,"{""component"":""Cash flow hedges and other""}",-999000000,SAR,SAR,https://www.aramco.com/-/media/publications/corporate-reports/reports-and-presentations/2025/fy/saudi-aramco-ara-2025-english.pdf,214,Note 18 - other reserves,,,
Saudi Arabian Oil Company (Aramco),SA,2222,2025,,2025-12-31,instant,financial,other_reserve_components,consolidated,"{""component"":""Share of OCI of joint ventures and associates - foreign currency translation""}",1144000000,SAR,SAR,https://www.aramco.com/-/media/publications/corporate-reports/reports-and-presentations/2025/fy/saudi-aramco-ara-2025-english.pdf,214,Note 18 - other reserves,,,
Saudi Arabian Oil Company (Aramco),SA,2222,2025,,2025-12-31,instant,financial,other_reserve_components,consolidated,"{""component"":""Share of OCI of joint ventures and associates - cash flow hedges and other""}",372000000,SAR,SAR,https://www.aramco.com/-/media/publications/corporate-reports/reports-and-presentations/2025/fy/saudi-aramco-ara-2025-english.pdf,214,Note 18 - other reserves,,,
Saudi Arabian Oil Company (Aramco),SA,2222,2025,,2025-12-31,instant,financial,other_reserves,consolidated,{},1472000000,SAR,SAR,https://www.aramco.com/-/media/publications/corporate-reports/reports-and-presentations/2025/fy/saudi-aramco-ara-2025-english.pdf,179,consolidated balance sheet,,,
Saudi Arabian Oil Company (Aramco),SA,2222,2025,,2025-12-31,fy,calculated,payout_ratio,consolidated,{},0.9150138488335570086519516861,,ratio,https://www.aramco.com/-/media/publications/corporate-reports/reports-and-presentations/2025/fy/saudi-aramco-ara-2025-english.pdf,,,,,abs(dividends_paid) / net_income
Saudi Arabian Oil Company (Aramco),SA,2222,2025,,2025-12-31,fy,financial,التوزيعات المرتبطة بالأداء,consolidated,{},3288000000,SAR,SAR,https://www.aramco.com/-/media/publications/corporate-reports/reports-and-presentations/2025/fy/saudi-aramco-ara-2025-english.pdf,243,dividends,,,
Saudi Arabian Oil Company (Aramco),SA,2222,2025,,2025-12-31,fy,calculated,piotroski_f_score,consolidated,{},4,,score,https://www.aramco.com/-/media/publications/corporate-reports/reports-and-presentations/2025/fy/saudi-aramco-ara-2025-english.pdf,,,,,"sum of Piotroski signals passed [accruals_ok, cfo_positive, leverage_falling, liquidity_rising, roa_positive, roa_rising, turnover_rising]"
Saudi Arabian Oil Company (Aramco),SA,2222,2025,,2025-12-31,instant,financial,plan_assets_by_class,consolidated,"{""asset_class"":""Cash""}",3297000000,SAR,SAR,https://www.aramco.com/-/media/publications/corporate-reports/reports-and-presentations/2025/fy/saudi-aramco-fy-2025-full-financials-english.pdf,62,plan assets by class,,,
Saudi Arabian Oil Company (Aramco),SA,2222,2025,,2025-12-31,instant,financial,plan_assets_by_class,consolidated,"{""asset_class"":""Equity instruments""}",29468000000,SAR,SAR,https://www.aramco.com/-/media/publications/corporate-reports/reports-and-presentations/2025/fy/saudi-aramco-fy-2025-full-financials-english.pdf,62,plan assets by class,,,
Saudi Arabian Oil Company (Aramco),SA,2222,2025,,2025-12-31,instant,financial,plan_assets_by_class,consolidated,"{""asset_class"":""Investment funds""}",70803000000,SAR,SAR,https://www.aramco.com/-/media/publications/corporate-reports/reports-and-presentations/2025/fy/saudi-aramco-fy-2025-full-financials-english.pdf,62,plan assets by class,,,
Saudi Arabian Oil Company (Aramco),SA,2222,2025,,2025-12-31,instant,financial,plan_assets_by_class,consolidated,"{""asset_class"":""Bonds""}",81191000000,SAR,SAR,https://www.aramco.com/-/media/publications/corporate-reports/reports-and-presentations/2025/fy/saudi-aramco-fy-2025-full-financials-english.pdf,62,plan assets by class,,,
Saudi Arabian Oil Company (Aramco),SA,2222,2025,,2025-12-31,fy,financial,ppe_additions_by_class,consolidated,"{""asset_class"":""Land and land improvements""}",205000000,SAR,SAR,https://www.aramco.com/-/media/publications/corporate-reports/reports-and-presentations/2025/fy/saudi-aramco-fy-2025-full-financials-english.pdf,35,PPE additions,,,
Saudi Arabian Oil Company (Aramco),SA,2222,2025,,2025-12-31,fy,financial,ppe_additions_by_class,consolidated,"{""asset_class"":""Buildings""}",958000000,SAR,SAR,https://www.aramco.com/-/media/publications/corporate-reports/reports-and-presentations/2025/fy/saudi-aramco-fy-2025-full-financials-english.pdf,35,PPE additions,,,
Saudi Arabian Oil Company (Aramco),SA,2222,2025,,2025-12-31,fy,financial,ppe_additions_by_class,consolidated,"{""asset_class"":""Oil and gas properties""}",403000000,SAR,SAR,https://www.aramco.com/-/media/publications/corporate-reports/reports-and-presentations/2025/fy/saudi-aramco-fy-2025-full-financials-english.pdf,35,PPE additions,,,
Saudi Arabian Oil Company (Aramco),SA,2222,2025,,2025-12-31,fy,financial,ppe_additions_by_class,consolidated,"{""asset_class"":""Plant machinery and equipment""}",20504000000,SAR,SAR,https://www.aramco.com/-/media/publications/corporate-reports/reports-and-presentations/2025/fy/saudi-aramco-fy-2025-full-financials-english.pdf,35,PPE additions,,,
Saudi Arabian Oil Company (Aramco),SA,2222,2025,,2025-12-31,fy,financial,ppe_additions_by_class,consolidated,"{""asset_class"":""Depots storage tanks and pipelines""}",142000000,SAR,SAR,https://www.aramco.com/-/media/publications/corporate-reports/reports-and-presentations/2025/fy/saudi-aramco-fy-2025-full-financials-english.pdf,35,PPE additions,,,
Saudi Arabian Oil Company (Aramco),SA,2222,2025,,2025-12-31,fy,financial,ppe_additions_by_class,consolidated,"{""asset_class"":""Fixtures IT and office equipment""}",794000000,SAR,SAR,https://www.aramco.com/-/media/publications/corporate-reports/reports-and-presentations/2025/fy/saudi-aramco-fy-2025-full-financials-english.pdf,35,PPE additions,,,
Saudi Arabian Oil Company (Aramco),SA,2222,2025,,2025-12-31,fy,financial,ppe_additions_by_class,consolidated,"{""asset_class"":""Construction in progress""}",209070000000,SAR,SAR,https://www.aramco.com/-/media/publications/corporate-reports/reports-and-presentations/2025/fy/saudi-aramco-fy-2025-full-financials-english.pdf,35,PPE additions,,,
Saudi Arabian Oil Company (Aramco),SA,2222,2025,,2025-12-31,fy,financial,ppe_disposals_by_class,consolidated,"{""asset_class"":""Land and land improvements""}",-554000000,SAR,SAR,https://www.aramco.com/-/media/publications/corporate-reports/reports-and-presentations/2025/fy/saudi-aramco-fy-2025-full-financials-english.pdf,37,Note 5 - PPE cost retirements and sales,,,
Saudi Arabian Oil Company (Aramco),SA,2222,2025,,2025-12-31,fy,financial,ppe_disposals_by_class,consolidated,"{""asset_class"":""Buildings""}",-1397000000,SAR,SAR,https://www.aramco.com/-/media/publications/corporate-reports/reports-and-presentations/2025/fy/saudi-aramco-fy-2025-full-financials-english.pdf,37,Note 5 - PPE cost retirements and sales,,,
Saudi Arabian Oil Company (Aramco),SA,2222,2025,,2025-12-31,fy,financial,ppe_disposals_by_class,consolidated,"{""asset_class"":""Oil and gas properties""}",-158000000,SAR,SAR,https://www.aramco.com/-/media/publications/corporate-reports/reports-and-presentations/2025/fy/saudi-aramco-fy-2025-full-financials-english.pdf,37,Note 5 - PPE cost retirements and sales,,,
Saudi Arabian Oil Company (Aramco),SA,2222,2025,,2025-12-31,fy,financial,ppe_disposals_by_class,consolidated,"{""asset_class"":""Plant machinery and equipment""}",-23351000000,SAR,SAR,https://www.aramco.com/-/media/publications/corporate-reports/reports-and-presentations/2025/fy/saudi-aramco-fy-2025-full-financials-english.pdf,37,Note 5 - PPE cost retirements and sales,,,
Saudi Arabian Oil Company (Aramco),SA,2222,2025,,2025-12-31,fy,financial,ppe_disposals_by_class,consolidated,"{""asset_class"":""Depots storage tanks and pipelines""}",-596000000,SAR,SAR,https://www.aramco.com/-/media/publications/corporate-reports/reports-and-presentations/2025/fy/saudi-aramco-fy-2025-full-financials-english.pdf,37,Note 5 - PPE cost retirements and sales,,,
Saudi Arabian Oil Company (Aramco),SA,2222,2025,,2025-12-31,fy,financial,ppe_disposals_by_class,consolidated,"{""asset_class"":""Fixtures IT and office equipment""}",-717000000,SAR,SAR,https://www.aramco.com/-/media/publications/corporate-reports/reports-and-presentations/2025/fy/saudi-aramco-fy-2025-full-financials-english.pdf,37,Note 5 - PPE cost retirements and sales,,,
Saudi Arabian Oil Company (Aramco),SA,2222,2025,,2025-12-31,fy,financial,ppe_disposals_by_class,consolidated,"{""asset_class"":""Construction in progress""}",-4153000000,SAR,SAR,https://www.aramco.com/-/media/publications/corporate-reports/reports-and-presentations/2025/fy/saudi-aramco-fy-2025-full-financials-english.pdf,37,Note 5 - PPE cost retirements and sales,,,
Saudi Arabian Oil Company (Aramco),SA,2222,2025,,2025-12-31,instant,ratio,ppe_to_assets,consolidated,{},0.6233426490342340252448702254,,ratio,https://www.aramco.com/-/media/publications/corporate-reports/reports-and-presentations/2025/fy/saudi-aramco-ara-2025-english.pdf,,,,,property_plant_equipment / total_assets
Saudi Arabian Oil Company (Aramco),SA,2222,2025,,2025-12-31,fy,ratio,pretax_margin,consolidated,{},0.4507414024633467193213547766,,ratio,https://www.aramco.com/-/media/publications/corporate-reports/reports-and-presentations/2025/fy/saudi-aramco-ara-2025-english.pdf,,,,,income_before_income_taxes_and_zakat / revenue
Saudi Arabian Oil Company (Aramco),SA,2222,2025,,2025-12-31,fy,financial,proceeds_asset_sales,consolidated,{},6779000000,SAR,SAR,https://www.aramco.com/-/media/publications/corporate-reports/reports-and-presentations/2025/fy/saudi-aramco-ara-2025-english.pdf,181,consolidated statement of cash flows,,,
Saudi Arabian Oil Company (Aramco),SA,2222,2025,,2025-12-31,fy,financial,proceeds_noncontrolling_sale,consolidated,{},41802000000,SAR,SAR,https://www.aramco.com/-/media/publications/corporate-reports/reports-and-presentations/2025/fy/saudi-aramco-ara-2025-english.pdf,181,consolidated statement of cash flows,,,
Saudi Arabian Oil Company (Aramco),SA,2222,2025,,2025-12-31,fy,financial,producing_manufacturing_expense,consolidated,{},-132132000000,SAR,SAR,https://www.aramco.com/-/media/publications/corporate-reports/reports-and-presentations/2025/fy/saudi-aramco-ara-2025-english.pdf,177,consolidated statement of income,,,
Saudi Arabian Oil Company (Aramco),SA,2222,2025,,2025-12-31,instant,financial,property_plant_equipment,consolidated,{},1590748000000,SAR,SAR,https://www.aramco.com/-/media/publications/corporate-reports/reports-and-presentations/2025/fy/saudi-aramco-ara-2025-english.pdf,179,consolidated balance sheet,,,
Saudi Arabian Oil Company (Aramco),SA,2222,2025,,2025-12-31,instant,financial,property_plant_equipment_by_class,consolidated,"{""asset_class"":""Land and land improvements""}",28864000000,SAR,SAR,https://www.aramco.com/-/media/publications/corporate-reports/reports-and-presentations/2025/fy/saudi-aramco-fy-2025-full-financials-english.pdf,35,PPE net carrying amount,,,
Saudi Arabian Oil Company (Aramco),SA,2222,2025,,2025-12-31,instant,financial,property_plant_equipment_by_class,consolidated,"{""asset_class"":""Buildings""}",48526000000,SAR,SAR,https://www.aramco.com/-/media/publications/corporate-reports/reports-and-presentations/2025/fy/saudi-aramco-fy-2025-full-financials-english.pdf,35,PPE net carrying amount,,,
Saudi Arabian Oil Company (Aramco),SA,2222,2025,,2025-12-31,instant,financial,property_plant_equipment_by_class,consolidated,"{""asset_class"":""Oil and gas properties""}",494739000000,SAR,SAR,https://www.aramco.com/-/media/publications/corporate-reports/reports-and-presentations/2025/fy/saudi-aramco-fy-2025-full-financials-english.pdf,35,PPE net carrying amount,,,
Saudi Arabian Oil Company (Aramco),SA,2222,2025,,2025-12-31,instant,financial,property_plant_equipment_by_class,consolidated,"{""asset_class"":""Plant machinery and equipment""}",532027000000,SAR,SAR,https://www.aramco.com/-/media/publications/corporate-reports/reports-and-presentations/2025/fy/saudi-aramco-fy-2025-full-financials-english.pdf,35,PPE net carrying amount,,,
Saudi Arabian Oil Company (Aramco),SA,2222,2025,,2025-12-31,instant,financial,property_plant_equipment_by_class,consolidated,"{""asset_class"":""Depots storage tanks and pipelines""}",74639000000,SAR,SAR,https://www.aramco.com/-/media/publications/corporate-reports/reports-and-presentations/2025/fy/saudi-aramco-fy-2025-full-financials-english.pdf,35,PPE net carrying amount,,,
Saudi Arabian Oil Company (Aramco),SA,2222,2025,,2025-12-31,instant,financial,property_plant_equipment_by_class,consolidated,"{""asset_class"":""Fixtures IT and office equipment""}",6983000000,SAR,SAR,https://www.aramco.com/-/media/publications/corporate-reports/reports-and-presentations/2025/fy/saudi-aramco-fy-2025-full-financials-english.pdf,35,PPE net carrying amount,,,
Saudi Arabian Oil Company (Aramco),SA,2222,2025,,2025-12-31,instant,financial,property_plant_equipment_by_class,consolidated,"{""asset_class"":""Construction in progress""}",404970000000,SAR,SAR,https://www.aramco.com/-/media/publications/corporate-reports/reports-and-presentations/2025/fy/saudi-aramco-fy-2025-full-financials-english.pdf,35,PPE net carrying amount,,,
Saudi Arabian Oil Company (Aramco),SA,2222,2025,,2025-12-31,fy,financial,provision_additions,consolidated,"{""provision_class"":""Asset retirement""}",428000000,SAR,SAR,https://www.aramco.com/-/media/publications/corporate-reports/reports-and-presentations/2025/fy/saudi-aramco-fy-2025-full-financials-english.pdf,63,movement in provisions,,,
Saudi Arabian Oil Company (Aramco),SA,2222,2025,,2025-12-31,fy,financial,provision_additions,consolidated,"{""provision_class"":""Environmental""}",19000000,SAR,SAR,https://www.aramco.com/-/media/publications/corporate-reports/reports-and-presentations/2025/fy/saudi-aramco-fy-2025-full-financials-english.pdf,63,movement in provisions,,,
Saudi Arabian Oil Company (Aramco),SA,2222,2025,,2025-12-31,fy,financial,provision_utilization,consolidated,"{""provision_class"":""Asset retirement""}",293000000,SAR,SAR,https://www.aramco.com/-/media/publications/corporate-reports/reports-and-presentations/2025/fy/saudi-aramco-fy-2025-full-financials-english.pdf,63,amounts charged against provisions,,,
Saudi Arabian Oil Company (Aramco),SA,2222,2025,,2025-12-31,fy,financial,provision_utilization,consolidated,"{""provision_class"":""Environmental""}",199000000,SAR,SAR,https://www.aramco.com/-/media/publications/corporate-reports/reports-and-presentations/2025/fy/saudi-aramco-fy-2025-full-financials-english.pdf,63,amounts charged against provisions,,,
Saudi Arabian Oil Company (Aramco),SA,2222,2025,,2025-12-31,instant,financial,provisions,consolidated,{},36790000000,SAR,SAR,https://www.aramco.com/-/media/publications/corporate-reports/reports-and-presentations/2025/fy/saudi-aramco-ara-2025-english.pdf,180,consolidated balance sheet,,,
Saudi Arabian Oil Company (Aramco),SA,2222,2025,,2025-12-31,instant,financial,provisions_by_class,consolidated,"{""provision_class"":""Asset retirement""}",14605000000,SAR,SAR,https://www.aramco.com/-/media/publications/corporate-reports/reports-and-presentations/2025/fy/saudi-aramco-fy-2025-full-financials-english.pdf,63,provisions and other liabilities,,,
Saudi Arabian Oil Company (Aramco),SA,2222,2025,,2025-12-31,instant,financial,provisions_by_class,consolidated,"{""provision_class"":""Environmental""}",523000000,SAR,SAR,https://www.aramco.com/-/media/publications/corporate-reports/reports-and-presentations/2025/fy/saudi-aramco-fy-2025-full-financials-english.pdf,63,provisions and other liabilities,,,
Saudi Arabian Oil Company (Aramco),SA,2222,2025,,2025-12-31,instant,financial,purchase_commitment_units,consolidated,"{""asset_type"":""Offshore rigs"",""counterparty"":""International Maritime Industries Company""}",18,,rigs,https://www.aramco.com/-/media/publications/corporate-reports/reports-and-presentations/2025/fy/saudi-aramco-fy-2025-full-financials-english.pdf,69,Note 32(b) - undelivered offshore rigs,,,
Saudi Arabian Oil Company (Aramco),SA,2222,2025,,2025-12-31,instant,financial,purchase_commitment_units,consolidated,"{""asset_type"":""Onshore rigs"",""counterparty"":""Arabian Rig Manufacturing Company""}",36,,rigs,https://www.aramco.com/-/media/publications/corporate-reports/reports-and-presentations/2025/fy/saudi-aramco-fy-2025-full-financials-english.pdf,69,Note 32(c) - undelivered onshore rigs,,,
Saudi Arabian Oil Company (Aramco),SA,2222,2025,,2025-12-31,instant,financial,purchase_commitments,consolidated,"{""asset_type"":""Offshore rigs"",""counterparty"":""International Maritime Industries Company""}",22275000000,SAR,SAR,https://www.aramco.com/-/media/publications/corporate-reports/reports-and-presentations/2025/fy/saudi-aramco-fy-2025-full-financials-english.pdf,69,Note 32(b) - remaining guaranteed rig purchase commitment,,,
Saudi Arabian Oil Company (Aramco),SA,2222,2025,,2025-12-31,instant,financial,purchase_commitments,consolidated,"{""asset_type"":""Onshore rigs"",""counterparty"":""Arabian Rig Manufacturing Company""}",6789000000,SAR,SAR,https://www.aramco.com/-/media/publications/corporate-reports/reports-and-presentations/2025/fy/saudi-aramco-fy-2025-full-financials-english.pdf,69,Note 32(c) - remaining guaranteed rig purchase commitment,,,
Saudi Arabian Oil Company (Aramco),SA,2222,2025,,2025-12-31,fy,financial,purchases,consolidated,{},-456233000000,SAR,SAR,https://www.aramco.com/-/media/publications/corporate-reports/reports-and-presentations/2025/fy/saudi-aramco-ara-2025-english.pdf,177,consolidated statement of income,,,
Saudi Arabian Oil Company (Aramco),SA,2222,2025,,2025-12-31,instant,ratio,quick_ratio,consolidated,{},1.418426071480045181984856661,,ratio,https://www.aramco.com/-/media/publications/corporate-reports/reports-and-presentations/2025/fy/saudi-aramco-ara-2025-english.pdf,,,,,(cash + short_term_investments + accounts_receivable) / current_liabilities
Saudi Arabian Oil Company (Aramco),SA,2222,2025,,2025-12-31,instant,ratio,receivables_to_revenue,consolidated,{},0.1060985979983864989206986024,,ratio,https://www.aramco.com/-/media/publications/corporate-reports/reports-and-presentations/2025/fy/saudi-aramco-ara-2025-english.pdf,,,,,accounts_receivable / revenue
Saudi Arabian Oil Company (Aramco),SA,2222,2025,,2025-12-31,fy,ratio,receivables_turnover,consolidated,{},9.356201699227187635002160035,,ratio,https://www.aramco.com/-/media/publications/corporate-reports/reports-and-presentations/2025/fy/saudi-aramco-fy-2025-full-financials-english.pdf,,,,,revenue / average(accounts_receivable)
Saudi Arabian Oil Company (Aramco),SA,2222,2025,,2025-12-31,instant,financial,related_party_loans,consolidated,"{""counterparty_type"":""Joint ventures"",""direction"":""Borrowings""}",926000000,SAR,SAR,https://www.aramco.com/-/media/publications/corporate-reports/reports-and-presentations/2025/fy/saudi-aramco-fy-2025-full-financials-english.pdf,66,related party balances,,,
Saudi Arabian Oil Company (Aramco),SA,2222,2025,,2025-12-31,instant,financial,related_party_loans,consolidated,"{""counterparty_type"":""Government-related entities"",""direction"":""Borrowings""}",28523000000,SAR,SAR,https://www.aramco.com/-/media/publications/corporate-reports/reports-and-presentations/2025/fy/saudi-aramco-fy-2025-full-financials-english.pdf,66,related party balances,,,
Saudi Arabian Oil Company (Aramco),SA,2222,2025,,2025-12-31,instant,financial,related_party_payables,consolidated,"{""counterparty_type"":""Joint ventures""}",4245000000,SAR,SAR,https://www.aramco.com/-/media/publications/corporate-reports/reports-and-presentations/2025/fy/saudi-aramco-fy-2025-full-financials-english.pdf,66,related party balances,,,
Saudi Arabian Oil Company (Aramco),SA,2222,2025,,2025-12-31,instant,financial,related_party_payables,consolidated,"{""counterparty_type"":""Associates""}",4823000000,SAR,SAR,https://www.aramco.com/-/media/publications/corporate-reports/reports-and-presentations/2025/fy/saudi-aramco-fy-2025-full-financials-english.pdf,66,related party balances,,,
Saudi Arabian Oil Company (Aramco),SA,2222,2025,,2025-12-31,instant,financial,related_party_payables,consolidated,"{""counterparty_type"":""Government-related entities""}",1140000000,SAR,SAR,https://www.aramco.com/-/media/publications/corporate-reports/reports-and-presentations/2025/fy/saudi-aramco-fy-2025-full-financials-english.pdf,66,related party balances,,,
Saudi Arabian Oil Company (Aramco),SA,2222,2025,,2025-12-31,fy,financial,related_party_purchases,consolidated,"{""counterparty_type"":""Joint ventures""}",27334000000,SAR,SAR,https://www.aramco.com/-/media/publications/corporate-reports/reports-and-presentations/2025/fy/saudi-aramco-fy-2025-full-financials-english.pdf,66,related party transactions - purchases,,,
Saudi Arabian Oil Company (Aramco),SA,2222,2025,,2025-12-31,fy,financial,related_party_purchases,consolidated,"{""counterparty_type"":""Associates""}",59415000000,SAR,SAR,https://www.aramco.com/-/media/publications/corporate-reports/reports-and-presentations/2025/fy/saudi-aramco-fy-2025-full-financials-english.pdf,66,related party transactions - purchases,,,
Saudi Arabian Oil Company (Aramco),SA,2222,2025,,2025-12-31,fy,financial,related_party_purchases,consolidated,"{""counterparty_type"":""Government-related entities""}",12548000000,SAR,SAR,https://www.aramco.com/-/media/publications/corporate-reports/reports-and-presentations/2025/fy/saudi-aramco-fy-2025-full-financials-english.pdf,66,related party transactions - purchases,,,
Saudi Arabian Oil Company (Aramco),SA,2222,2025,,2025-12-31,instant,financial,related_party_receivables,consolidated,"{""balance_type"":""Trade receivables"",""counterparty_type"":""Joint ventures""}",7024000000,SAR,SAR,https://www.aramco.com/-/media/publications/corporate-reports/reports-and-presentations/2025/fy/saudi-aramco-fy-2025-full-financials-english.pdf,66,related party balances,,,
Saudi Arabian Oil Company (Aramco),SA,2222,2025,,2025-12-31,instant,financial,related_party_receivables,consolidated,"{""balance_type"":""Trade receivables"",""counterparty_type"":""Associates""}",20201000000,SAR,SAR,https://www.aramco.com/-/media/publications/corporate-reports/reports-and-presentations/2025/fy/saudi-aramco-fy-2025-full-financials-english.pdf,66,related party balances,,,
Saudi Arabian Oil Company (Aramco),SA,2222,2025,,2025-12-31,instant,financial,related_party_receivables,consolidated,"{""balance_type"":""Trade receivables"",""counterparty_type"":""Government-related entities""}",4864000000,SAR,SAR,https://www.aramco.com/-/media/publications/corporate-reports/reports-and-presentations/2025/fy/saudi-aramco-fy-2025-full-financials-english.pdf,66,related party balances,,,
Saudi Arabian Oil Company (Aramco),SA,2222,2025,,2025-12-31,fy,financial,related_party_revenue,consolidated,"{""counterparty_type"":""Joint ventures""}",30957000000,SAR,SAR,https://www.aramco.com/-/media/publications/corporate-reports/reports-and-presentations/2025/fy/saudi-aramco-fy-2025-full-financials-english.pdf,66,related party transactions - revenue from sales and other revenue,,,
Saudi Arabian Oil Company (Aramco),SA,2222,2025,,2025-12-31,fy,financial,related_party_revenue,consolidated,"{""counterparty_type"":""Associates""}",81656000000,SAR,SAR,https://www.aramco.com/-/media/publications/corporate-reports/reports-and-presentations/2025/fy/saudi-aramco-fy-2025-full-financials-english.pdf,66,related party transactions - revenue from sales and other revenue,,,
Saudi Arabian Oil Company (Aramco),SA,2222,2025,,2025-12-31,fy,financial,related_party_revenue,consolidated,"{""counterparty_type"":""Government-related entities""}",44573000000,SAR,SAR,https://www.aramco.com/-/media/publications/corporate-reports/reports-and-presentations/2025/fy/saudi-aramco-fy-2025-full-financials-english.pdf,66,related party transactions - revenue from sales and other revenue,,,
Saudi Arabian Oil Company (Aramco),SA,2222,2025,,2025-12-31,fy,financial,research_and_development_expense,consolidated,{},-5443000000,SAR,SAR,https://www.aramco.com/-/media/publications/corporate-reports/reports-and-presentations/2025/fy/saudi-aramco-ara-2025-english.pdf,177,consolidated statement of income,,,
Saudi Arabian Oil Company (Aramco),SA,2222,2025,,2025-12-31,fy,calculated,research_development_to_revenue,consolidated,{},-0.003490574870682634085402689083,,ratio,https://www.aramco.com/-/media/publications/corporate-reports/reports-and-presentations/2025/fy/saudi-aramco-ara-2025-english.pdf,,,,,research_and_development_expense / revenue
Saudi Arabian Oil Company (Aramco),SA,2222,2025,,2025-12-31,fy,operational,reserve_life_index,consolidated,{},52.53745046719437900287234483,,years,https://www.aramco.com/-/media/publications/corporate-reports/reports-and-presentations/2025/fy/saudi-aramco-ara-2025-english.pdf,,,,,total_hydrocarbon_reserves * 1000 / (total_hydrocarbon_production * 365)
Saudi Arabian Oil Company (Aramco),SA,2222,2025,,2025-12-31,instant,financial,retained_earnings,consolidated,{},1376057000000,SAR,SAR,https://www.aramco.com/-/media/publications/corporate-reports/reports-and-presentations/2025/fy/saudi-aramco-ara-2025-english.pdf,179,consolidated balance sheet,,,
Saudi Arabian Oil Company (Aramco),SA,2222,2025,,2025-12-31,instant,financial,retained_earnings_per_share,consolidated,{},5.686185950413223140495867769,SAR,SAR/share,https://www.aramco.com/-/media/publications/corporate-reports/reports-and-presentations/2025/fy/saudi-aramco-ara-2025-english.pdf,,,,,retained_earnings / shares_outstanding
Saudi Arabian Oil Company (Aramco),SA,2222,2025,,2025-12-31,fy,ratio,return_on_assets,consolidated,{},0.1407711320497612948323355965,,ratio,https://www.aramco.com/-/media/publications/corporate-reports/reports-and-presentations/2025/fy/saudi-aramco-fy-2025-full-financials-english.pdf,,,,,net_income / average(total_assets)
Saudi Arabian Oil Company (Aramco),SA,2222,2025,,2025-12-31,fy,ratio,return_on_equity,consolidated,{},0.2076488119678669377922201513,,ratio,https://www.aramco.com/-/media/publications/corporate-reports/reports-and-presentations/2025/fy/saudi-aramco-fy-2025-full-financials-english.pdf,,,,,net_income / average(total_equity)
Saudi Arabian Oil Company (Aramco),SA,2222,2025,,2025-12-31,fy,calculated,return_on_tangible_equity,consolidated,{},0.2183167647152331752213183787,,ratio,https://www.aramco.com/-/media/publications/corporate-reports/reports-and-presentations/2025/fy/saudi-aramco-fy-2025-full-financials-english.pdf,,,,,net_income / average(total_equity - intangible_assets)
Saudi Arabian Oil Company (Aramco),SA,2222,2025,,2025-12-31,fy,financial,الإيرادات,consolidated,{},1559342000000,SAR,SAR,https://www.aramco.com/-/media/publications/corporate-reports/reports-and-presentations/2025/fy/saudi-aramco-fy-2025-full-financials-english.pdf,,,,,
Saudi Arabian Oil Company (Aramco),SA,2222,2025,,2025-12-31,fy,financial,الإيرادات والدخل الآخر المرتبط بالمبيعات,consolidated,{},1671204000000,SAR,SAR,https://www.aramco.com/-/media/publications/corporate-reports/reports-and-presentations/2025/fy/saudi-aramco-ara-2025-english.pdf,39,summarized consolidated statement of income,,,
Saudi Arabian Oil Company (Aramco),SA,2222,2025,,2025-12-31,fy,financial,revenue_by_geography,consolidated,"{""basis"":""location of selling entity"",""geography"":""In-Kingdom""}",893705000000,SAR,SAR,https://www.aramco.com/-/media/publications/corporate-reports/reports-and-presentations/2025/fy/saudi-aramco-fy-2025-full-financials-english.pdf,37,Note 4 - external revenue by geographical area,,,
Saudi Arabian Oil Company (Aramco),SA,2222,2025,,2025-12-31,fy,financial,revenue_by_geography,consolidated,"{""basis"":""location of selling entity"",""geography"":""Out-of-Kingdom""}",665637000000,SAR,SAR,https://www.aramco.com/-/media/publications/corporate-reports/reports-and-presentations/2025/fy/saudi-aramco-fy-2025-full-financials-english.pdf,37,Note 4 - external revenue by geographical area,,,
Saudi Arabian Oil Company (Aramco),SA,2222,2025,,2025-12-31,fy,financial,revenue_by_product,consolidated,"{""product"":""Crude oil""}",705990000000,SAR,SAR,https://www.aramco.com/-/media/publications/corporate-reports/reports-and-presentations/2025/fy/saudi-aramco-fy-2025-full-financials-english.pdf,64,revenue by product type,,,
Saudi Arabian Oil Company (Aramco),SA,2222,2025,,2025-12-31,fy,financial,revenue_by_product,consolidated,"{""product"":""Refined and chemical products""}",777076000000,SAR,SAR,https://www.aramco.com/-/media/publications/corporate-reports/reports-and-presentations/2025/fy/saudi-aramco-fy-2025-full-financials-english.pdf,64,revenue by product type,,,
Saudi Arabian Oil Company (Aramco),SA,2222,2025,,2025-12-31,fy,financial,revenue_by_product,consolidated,"{""product"":""Natural gas and NGLs""}",65106000000,SAR,SAR,https://www.aramco.com/-/media/publications/corporate-reports/reports-and-presentations/2025/fy/saudi-aramco-fy-2025-full-financials-english.pdf,64,revenue by product type,,,
Saudi Arabian Oil Company (Aramco),SA,2222,2025,,2025-12-31,fy,calculated,revenue_cagr_3y,consolidated,{},-0.0806774481580467185682071787,,ratio,https://www.aramco.com/-/media/publications/corporate-reports/reports-and-presentations/2025/fy/saudi-aramco-fy-2025-full-financials-english.pdf,,,,,(revenue / prior_3y(revenue)) ^ (1/3) - 1
Saudi Arabian Oil Company (Aramco),SA,2222,2025,,2025-12-31,fy,calculated,revenue_cagr_5y,consolidated,{},0.152135887534196249221289344,,ratio,https://www.aramco.com/-/media/publications/corporate-reports/reports-and-presentations/2025/fy/saudi-aramco-fy-2025-full-financials-english.pdf,,,,,(revenue / prior_5y(revenue)) ^ (1/5) - 1
Saudi Arabian Oil Company (Aramco),SA,2222,2025,,2025-12-31,fy,calculated,revenue_growth,consolidated,{},-0.0476131726703552619283344093,,ratio,https://www.aramco.com/-/media/publications/corporate-reports/reports-and-presentations/2025/fy/saudi-aramco-fy-2025-full-financials-english.pdf,,,,,revenue / prior_fy(revenue) - 1
Saudi Arabian Oil Company (Aramco),SA,2222,2025,,2025-12-31,fy,financial,revenue_per_share,consolidated,{},6.446705418344482020158589726,SAR,SAR/share,https://www.aramco.com/-/media/publications/corporate-reports/reports-and-presentations/2025/fy/saudi-aramco-fy-2025-full-financials-english.pdf,,,,,revenue / weighted_average_shares
Saudi Arabian Oil Company (Aramco),SA,2222,2025,,2025-12-31,instant,financial,right_of_use_assets,consolidated,{},72823000000,SAR,SAR,https://www.aramco.com/-/media/publications/corporate-reports/reports-and-presentations/2025/fy/saudi-aramco-fy-2025-full-financials-english.pdf,36,right-of-use assets,,,
Saudi Arabian Oil Company (Aramco),SA,2222,2025,,2025-12-31,fy,ratio,العائد على متوسط رأس المال المستخدم,consolidated,{},19.8,,percent,https://www.aramco.com/-/media/publications/corporate-reports/reports-and-presentations/2025/fy/saudi-aramco-ara-2025-english.pdf,39,key financial metrics,,,
Saudi Arabian Oil Company (Aramco),SA,2222,2025,,2025-12-31,fy,financial,royalties_and_other_taxes,consolidated,{},-151421000000,SAR,SAR,https://www.aramco.com/-/media/publications/corporate-reports/reports-and-presentations/2025/fy/saudi-aramco-ara-2025-english.pdf,177,consolidated statement of income,,,
Saudi Arabian Oil Company (Aramco),SA,2222,2025,,2025-12-31,instant,financial,royalties_payable,consolidated,{},10634000000,SAR,SAR,https://www.aramco.com/-/media/publications/corporate-reports/reports-and-presentations/2025/fy/saudi-aramco-ara-2025-english.pdf,180,consolidated balance sheet,,,
Saudi Arabian Oil Company (Aramco),SA,2222,2025,,2025-12-31,fy,financial,royalties_payable_change,consolidated,{},-1654000000,SAR,SAR,https://www.aramco.com/-/media/publications/corporate-reports/reports-and-presentations/2025/fy/saudi-aramco-ara-2025-english.pdf,181,consolidated statement of cash flows,,,
Saudi Arabian Oil Company (Aramco),SA,2222,2025,,2025-12-31,fy,operational,scope_1_emissions,consolidated,{},58.0,,million_tonnes_co2e,https://www.aramco.com/-/media/publications/corporate-reports/reports-and-presentations/2025/fy/saudi-aramco-ara-2025-english.pdf,87,sustainability performance,,,
Saudi Arabian Oil Company (Aramco),SA,2222,2025,,2025-12-31,fy,operational,scope_2_emissions,consolidated,{},14.0,,million_tonnes_co2e,https://www.aramco.com/-/media/publications/corporate-reports/reports-and-presentations/2025/fy/saudi-aramco-ara-2025-english.pdf,87,sustainability performance,,,
Saudi Arabian Oil Company (Aramco),SA,2222,2025,,2025-12-31,instant,financial,secured_borrowings,consolidated,"{""financing_type"":""Lease liabilities"",""security_basis"":""Right-of-use assets""}",64294000000,SAR,SAR,https://www.aramco.com/-/media/publications/corporate-reports/reports-and-presentations/2025/fy/saudi-aramco-fy-2025-full-financials-english.pdf,60,Note 15 - lease liabilities carrying amount,,,
Saudi Arabian Oil Company (Aramco),SA,2222,2025,,2025-12-31,fy,financial,selling_general_administrative_expense,consolidated,{},-83496000000,SAR,SAR,https://www.aramco.com/-/media/publications/corporate-reports/reports-and-presentations/2025/fy/saudi-aramco-ara-2025-english.pdf,177,consolidated statement of income,,,
Saudi Arabian Oil Company (Aramco),SA,2222,2025,,2025-12-31,fy,calculated,selling_general_administrative_to_revenue,consolidated,{},-0.05354566220880345684269390551,,ratio,https://www.aramco.com/-/media/publications/corporate-reports/reports-and-presentations/2025/fy/saudi-aramco-ara-2025-english.pdf,,,,,selling_general_administrative_expense / revenue
Saudi Arabian Oil Company (Aramco),SA,2222,2025,,2025-12-31,fy,financial,service_cost_employee_benefits,consolidated,"{""cost_type"":""Current service cost"",""plan_type"":""Pension benefits""}",3623000000,SAR,SAR,https://www.aramco.com/-/media/publications/corporate-reports/reports-and-presentations/2025/fy/saudi-aramco-fy-2025-full-financials-english.pdf,63,Note 21 - net defined benefit cost,,,
Saudi Arabian Oil Company (Aramco),SA,2222,2025,,2025-12-31,fy,financial,service_cost_employee_benefits,consolidated,"{""cost_type"":""Current service cost"",""plan_type"":""Other benefits""}",2910000000,SAR,SAR,https://www.aramco.com/-/media/publications/corporate-reports/reports-and-presentations/2025/fy/saudi-aramco-fy-2025-full-financials-english.pdf,63,Note 21 - net defined benefit cost,,,
Saudi Arabian Oil Company (Aramco),SA,2222,2025,,2025-12-31,fy,financial,share_based_compensation,consolidated,{},687000000,SAR,SAR,https://www.aramco.com/-/media/publications/corporate-reports/reports-and-presentations/2025/fy/saudi-aramco-fy-2025-full-financials-english.pdf,66,employee benefits expense,,,
Saudi Arabian Oil Company (Aramco),SA,2222,2025,,2025-12-31,fy,calculated,share_based_compensation_to_revenue,consolidated,{},0.0004405704457392925990578077163,,ratio,https://www.aramco.com/-/media/publications/corporate-reports/reports-and-presentations/2025/fy/saudi-aramco-fy-2025-full-financials-english.pdf,,,,,share_based_compensation / revenue
Saudi Arabian Oil Company (Aramco),SA,2222,2025,,2025-12-31,instant,financial,share_capital,consolidated,{},90000000000,SAR,SAR,https://www.aramco.com/-/media/publications/corporate-reports/reports-and-presentations/2025/fy/saudi-aramco-ara-2025-english.pdf,179,consolidated balance sheet,,,
Saudi Arabian Oil Company (Aramco),SA,2222,2025,,2025-12-31,fy,financial,share_of_profit_associates,consolidated,{},-8375000000,SAR,SAR,https://www.aramco.com/-/media/publications/corporate-reports/reports-and-presentations/2025/fy/saudi-aramco-ara-2025-english.pdf,177,consolidated statement of income,,,
Saudi Arabian Oil Company (Aramco),SA,2222,2025,,2025-12-31,fy,financial,shares_issued,consolidated,{},850000000,SAR,SAR,https://www.aramco.com/-/media/publications/corporate-reports/reports-and-presentations/2025/fy/saudi-aramco-fy-2025-full-financials-english.pdf,16,proceeds from issuance of treasury shares,,,
Saudi Arabian Oil Company (Aramco),SA,2222,2025,,2025-12-31,instant,financial,shares_outstanding,consolidated,{},242000000000,,shares,https://www.aramco.com/-/media/publications/corporate-reports/reports-and-presentations/2025/fy/saudi-aramco-ara-2025-english.pdf,102,ownership structure,,,
Saudi Arabian Oil Company (Aramco),SA,2222,2025,,2025-12-31,fy,financial,short_term_borrowings_net,consolidated,{},6573000000,SAR,SAR,https://www.aramco.com/-/media/publications/corporate-reports/reports-and-presentations/2025/fy/saudi-aramco-ara-2025-english.pdf,181,consolidated statement of cash flows,,,
Saudi Arabian Oil Company (Aramco),SA,2222,2025,,2025-12-31,instant,financial,short_term_investments,consolidated,{},14643000000,SAR,SAR,https://www.aramco.com/-/media/publications/corporate-reports/reports-and-presentations/2025/fy/saudi-aramco-ara-2025-english.pdf,179,consolidated balance sheet,,,
Saudi Arabian Oil Company (Aramco),SA,2222,2025,,2025-12-31,fy,financial,short_term_lease_expense,consolidated,{},1191000000,SAR,SAR,https://www.aramco.com/-/media/publications/corporate-reports/reports-and-presentations/2025/fy/saudi-aramco-fy-2025-full-financials-english.pdf,60,Note 15 - short-term lease expense,,,
Saudi Arabian Oil Company (Aramco),SA,2222,2025,,2025-12-31,fy,operational,sox_emissions,consolidated,{},164.8,,kilotonnes,https://www.aramco.com/-/media/publications/corporate-reports/reports-and-presentations/2025/fy/saudi-aramco-ara-2025-english.pdf,87,sustainability performance,,,
Saudi Arabian Oil Company (Aramco),SA,2222,2025,,2025-12-31,instant,financial,statutory_reserve,consolidated,{},6000000000,SAR,SAR,https://www.aramco.com/-/media/publications/corporate-reports/reports-and-presentations/2025/fy/saudi-aramco-ara-2025-english.pdf,179,consolidated balance sheet,,,
Saudi Arabian Oil Company (Aramco),SA,2222,2025,,2025-12-31,fy,operational,موثوقية الإمداد,consolidated,{},99.9,,percent,https://www.aramco.com/-/media/publications/corporate-reports/reports-and-presentations/2025/fy/saudi-aramco-ara-2025-english.pdf,29,operational highlights,,,
Saudi Arabian Oil Company (Aramco),SA,2222,2025,,2025-12-31,instant,financial,tangible_book_value,consolidated,{},1556919000000,SAR,SAR,https://www.aramco.com/-/media/publications/corporate-reports/reports-and-presentations/2025/fy/saudi-aramco-fy-2025-full-financials-english.pdf,,,,,total_equity - intangible_assets
Saudi Arabian Oil Company (Aramco),SA,2222,2025,,2025-12-31,instant,financial,tangible_book_value_per_share,consolidated,{},6.433549586776859504132231405,SAR,SAR/share,https://www.aramco.com/-/media/publications/corporate-reports/reports-and-presentations/2025/fy/saudi-aramco-fy-2025-full-financials-english.pdf,,,,,(total_equity - intangible_assets) / shares_outstanding
Saudi Arabian Oil Company (Aramco),SA,2222,2025,,2025-12-31,instant,financial,tax_payable,consolidated,{},68412000000,SAR,SAR,https://www.aramco.com/-/media/publications/corporate-reports/reports-and-presentations/2025/fy/saudi-aramco-ara-2025-english.pdf,180,consolidated balance sheet,,,
Saudi Arabian Oil Company (Aramco),SA,2222,2025,,2025-12-31,fy,financial,tax_reconciliation_by_component,consolidated,"{""reconciliation_component"":""Income taxes at statutory rates""}",341996000000,SAR,SAR,https://www.aramco.com/-/media/publications/corporate-reports/reports-and-presentations/2025/fy/saudi-aramco-fy-2025-full-financials-english.pdf,45,Note 8 - income tax expense reconciliation,,,
Saudi Arabian Oil Company (Aramco),SA,2222,2025,,2025-12-31,fy,financial,tax_reconciliation_by_component,consolidated,"{""reconciliation_component"":""Tax effect of loss not subject at statutory rates and other""}",9723000000,SAR,SAR,https://www.aramco.com/-/media/publications/corporate-reports/reports-and-presentations/2025/fy/saudi-aramco-fy-2025-full-financials-english.pdf,45,Note 8 - income tax expense reconciliation,,,
Saudi Arabian Oil Company (Aramco),SA,2222,2025,,2025-12-31,fy,financial,taxes_paid,consolidated,{},-342422000000,SAR,SAR,https://www.aramco.com/-/media/publications/corporate-reports/reports-and-presentations/2025/fy/saudi-aramco-ara-2025-english.pdf,181,consolidated statement of cash flows,,,
Saudi Arabian Oil Company (Aramco),SA,2222,2025,,2025-12-31,instant,financial,إجمالي الأصول,consolidated,{},2551964000000,SAR,SAR,https://www.aramco.com/-/media/publications/corporate-reports/reports-and-presentations/2025/fy/saudi-aramco-fy-2025-full-financials-english.pdf,,,,,
Saudi Arabian Oil Company (Aramco),SA,2222,2025,,2025-12-31,instant,ratio,total_debt_to_capital,consolidated,{},0.1743664526189949845614260552,,ratio,https://www.aramco.com/-/media/publications/corporate-reports/reports-and-presentations/2025/fy/saudi-aramco-ara-2025-english.pdf,,,,,total_debt / (total_debt + total_equity)
Saudi Arabian Oil Company (Aramco),SA,2222,2025,,2025-12-31,instant,financial,حقوق الملكية,consolidated,{},1721744000000,SAR,SAR,https://www.aramco.com/-/media/publications/corporate-reports/reports-and-presentations/2025/fy/saudi-aramco-fy-2025-full-financials-english.pdf,,,,,
Saudi Arabian Oil Company (Aramco),SA,2222,2025,,2025-12-31,fy,operational,إجمالي إنتاج الغاز,consolidated,{},11.365,,bscfd,https://www.aramco.com/-/media/publications/corporate-reports/reports-and-presentations/2025/fy/saudi-aramco-ara-2025-english.pdf,52,Upstream hydrocarbon production,,,
Saudi Arabian Oil Company (Aramco),SA,2222,2025,,2025-12-31,fy,operational,إجمالي إنتاج الهيدروكربونات,consolidated,{},12.891,,mmboed,https://www.aramco.com/-/media/publications/corporate-reports/reports-and-presentations/2025/fy/saudi-aramco-ara-2025-english.pdf,52,Upstream hydrocarbon production,,,
Saudi Arabian Oil Company (Aramco),SA,2222,2025,,2025-12-31,instant,operational,إجمالي احتياطيات الهيدروكربونات,consolidated,{},247.2,,billion_boe,https://www.aramco.com/-/media/publications/corporate-reports/reports-and-presentations/2025/fy/saudi-aramco-ara-2025-english.pdf,15,business model,,,
Saudi Arabian Oil Company (Aramco),SA,2222,2025,,2025-12-31,instant,financial,إجمالي الالتزامات,consolidated,{},830220000000,SAR,SAR,https://www.aramco.com/-/media/publications/corporate-reports/reports-and-presentations/2025/fy/saudi-aramco-fy-2025-full-financials-english.pdf,,,,,
Saudi Arabian Oil Company (Aramco),SA,2222,2025,,2025-12-31,instant,financial,total_liabilities_equity,consolidated,{},2551964000000,SAR,SAR,https://www.aramco.com/-/media/publications/corporate-reports/reports-and-presentations/2025/fy/saudi-aramco-ara-2025-english.pdf,180,consolidated balance sheet,,,
Saudi Arabian Oil Company (Aramco),SA,2222,2025,,2025-12-31,fy,operational,إجمالي إنتاج السوائل,consolidated,{},10.678,,mmbpd,https://www.aramco.com/-/media/publications/corporate-reports/reports-and-presentations/2025/fy/saudi-aramco-ara-2025-english.pdf,52,Upstream hydrocarbon production,,,
Saudi Arabian Oil Company (Aramco),SA,2222,2025,,2025-12-31,instant,financial,trade_payables_other_liabilities,consolidated,{},157708000000,SAR,SAR,https://www.aramco.com/-/media/publications/corporate-reports/reports-and-presentations/2025/fy/saudi-aramco-ara-2025-english.pdf,180,consolidated balance sheet,,,
Saudi Arabian Oil Company (Aramco),SA,2222,2025,,2025-12-31,instant,financial,treasury_shares,consolidated,{},-2514000000,SAR,SAR,https://www.aramco.com/-/media/publications/corporate-reports/reports-and-presentations/2025/fy/saudi-aramco-ara-2025-english.pdf,179,consolidated balance sheet,,,
Saudi Arabian Oil Company (Aramco),SA,2222,2025,,2025-12-31,instant,financial,undrawn_credit_facilities,consolidated,"{""basis"":""reported facility line"",""facility_type"":""Other long-term bank facilities""}",1698000000,SAR,SAR,https://www.aramco.com/-/media/publications/corporate-reports/reports-and-presentations/2025/fy/saudi-aramco-fy-2025-full-financials-english.pdf,58,Note 15 - undrawn bank facilities,,,
Saudi Arabian Oil Company (Aramco),SA,2222,2025,,2025-12-31,instant,financial,undrawn_credit_facilities,consolidated,"{""basis"":""reported facility line"",""facility_type"":""Short-term bank facilities""}",21285000000,SAR,SAR,https://www.aramco.com/-/media/publications/corporate-reports/reports-and-presentations/2025/fy/saudi-aramco-fy-2025-full-financials-english.pdf,58,Note 15 - available for drawdown,,,
Saudi Arabian Oil Company (Aramco),SA,2222,2025,,2025-12-31,instant,financial,undrawn_credit_facilities,consolidated,"{""basis"":""reported facility line"",""facility_type"":""Common revolving credit facilities""}",37500000000,SAR,SAR,https://www.aramco.com/-/media/publications/corporate-reports/reports-and-presentations/2025/fy/saudi-aramco-fy-2025-full-financials-english.pdf,58,Note 15 - undrawn revolving credit facilities,,,
Saudi Arabian Oil Company (Aramco),SA,2222,2025,,2025-12-31,instant,financial,undrawn_credit_facilities,consolidated,"{""basis"":""reported facility line"",""facility_type"":""Other revolving credit facilities""}",7163000000,SAR,SAR,https://www.aramco.com/-/media/publications/corporate-reports/reports-and-presentations/2025/fy/saudi-aramco-fy-2025-full-financials-english.pdf,58,Note 15 - undrawn revolving credit facilities,,,
Saudi Arabian Oil Company (Aramco),SA,2222,2025,,2025-12-31,instant,financial,undrawn_credit_facilities,consolidated,"{""basis"":""reported facility line"",""facility_type"":""Export credit agency facilities""}",3184000000,SAR,SAR,https://www.aramco.com/-/media/publications/corporate-reports/reports-and-presentations/2025/fy/saudi-aramco-fy-2025-full-financials-english.pdf,58,Note 15 - undrawn export credit agency facilities,,,
Saudi Arabian Oil Company (Aramco),SA,2222,2025,,2025-12-31,instant,financial,undrawn_credit_facilities,consolidated,"{""basis"":""reported facility line"",""facility_type"":""Murabaha facilities"",""overlap_note"":""Includes SAR 7.5 billion common revolving subfacility; do not sum facility lines""}",9998000000,SAR,SAR,https://www.aramco.com/-/media/publications/corporate-reports/reports-and-presentations/2025/fy/saudi-aramco-fy-2025-full-financials-english.pdf,59,Note 15 - unused Murabaha facilities,,,
Saudi Arabian Oil Company (Aramco),SA,2222,2025,,2025-12-31,instant,financial,undrawn_credit_facilities,consolidated,"{""basis"":""reported facility line"",""facility_type"":""Saudi Industrial Development Fund""}",906000000,SAR,SAR,https://www.aramco.com/-/media/publications/corporate-reports/reports-and-presentations/2025/fy/saudi-aramco-fy-2025-full-financials-english.pdf,60,Note 15 - undrawn SIDF facilities,,,
Saudi Arabian Oil Company (Aramco),SA,2222,2025,,2025-12-31,instant,financial,undrawn_credit_facilities,consolidated,"{""basis"":""reported facility line"",""facility_type"":""Ijarah and procurement facilities""}",165000000,SAR,SAR,https://www.aramco.com/-/media/publications/corporate-reports/reports-and-presentations/2025/fy/saudi-aramco-fy-2025-full-financials-english.pdf,60,Note 15 - undrawn Ijarah and procurement facilities,,,
Saudi Arabian Oil Company (Aramco),SA,2222,2025,,2025-12-31,instant,financial,undrawn_credit_facilities,consolidated,"{""basis"":""reported facility line"",""facility_type"":""Wakala facilities""}",581000000,SAR,SAR,https://www.aramco.com/-/media/publications/corporate-reports/reports-and-presentations/2025/fy/saudi-aramco-fy-2025-full-financials-english.pdf,60,Note 15 - undrawn Wakala facilities,,,
Saudi Arabian Oil Company (Aramco),SA,2222,2025,,2025-12-31,instant,financial,unrecognized_tax_losses,consolidated,{},68705000000,SAR,SAR,https://www.aramco.com/-/media/publications/corporate-reports/reports-and-presentations/2025/fy/saudi-aramco-fy-2025-full-financials-english.pdf,45,unrecognized deferred tax asset - unused tax losses,,,
Saudi Arabian Oil Company (Aramco),SA,2222,2025,,2025-12-31,fy,operational,upstream_adjusted_ebit,segment,"{""segment"":""Upstream""}",732938000000,SAR,SAR,https://www.aramco.com/-/media/publications/corporate-reports/reports-and-presentations/2025/fy/saudi-aramco-ara-2025-english.pdf,44,upstream results,,,
Saudi Arabian Oil Company (Aramco),SA,2222,2025,,2025-12-31,fy,operational,upstream_capex,segment,"{""segment"":""Upstream""}",141635000000,SAR,SAR,https://www.aramco.com/-/media/publications/corporate-reports/reports-and-presentations/2025/fy/saudi-aramco-ara-2025-english.pdf,44,upstream results,,,
Saudi Arabian Oil Company (Aramco),SA,2222,2025,,2025-12-31,fy,operational,upstream_capex_per_boe,consolidated,{},8.0,USD,USD/boe,https://www.aramco.com/-/media/publications/corporate-reports/reports-and-presentations/2025/fy/saudi-aramco-ara-2025-english.pdf,44,upstream performance,,,
Saudi Arabian Oil Company (Aramco),SA,2222,2025,,2025-12-31,fy,operational,upstream_carbon_intensity,consolidated,{},10.0,,kg_co2e_per_boe,https://www.aramco.com/-/media/publications/corporate-reports/reports-and-presentations/2025/fy/saudi-aramco-ara-2025-english.pdf,87,sustainability performance,,,
Saudi Arabian Oil Company (Aramco),SA,2222,2025,,2025-12-31,fy,operational,upstream_depreciation_amortization,segment,"{""segment"":""Upstream""}",-48925000000,SAR,SAR,https://www.aramco.com/-/media/publications/corporate-reports/reports-and-presentations/2025/fy/saudi-aramco-ara-2025-english.pdf,196,Note 4 - operating segments,,,
Saudi Arabian Oil Company (Aramco),SA,2222,2025,,2025-12-31,fy,operational,upstream_ebit,segment,"{""segment"":""Upstream""}",731850000000,SAR,SAR,https://www.aramco.com/-/media/publications/corporate-reports/reports-and-presentations/2025/fy/saudi-aramco-ara-2025-english.pdf,44,upstream results,,,
Saudi Arabian Oil Company (Aramco),SA,2222,2025,,2025-12-31,fy,operational,upstream_ebitda,segment,"{""segment"":""Upstream""}",780775000000,SAR,SAR,https://www.aramco.com/-/media/publications/corporate-reports/reports-and-presentations/2025/fy/saudi-aramco-ara-2025-english.pdf,,,,,upstream_ebit + abs(upstream_depreciation_amortization)
Saudi Arabian Oil Company (Aramco),SA,2222,2025,,2025-12-31,fy,operational,upstream_revenue,segment,"{""segment"":""Upstream""}",1033726000000,SAR,SAR,https://www.aramco.com/-/media/publications/corporate-reports/reports-and-presentations/2025/fy/saudi-aramco-ara-2025-english.pdf,44,upstream results,,,
Saudi Arabian Oil Company (Aramco),SA,2222,2025,,2025-12-31,fy,operational,water_consumption,consolidated,{},78.5,,million_m3,https://www.aramco.com/-/media/publications/corporate-reports/reports-and-presentations/2025/fy/saudi-aramco-ara-2025-english.pdf,87,sustainability performance,,,
Saudi Arabian Oil Company (Aramco),SA,2222,2025,,2025-12-31,fy,operational,water_withdrawal,consolidated,{},95.9,,million_m3,https://www.aramco.com/-/media/publications/corporate-reports/reports-and-presentations/2025/fy/saudi-aramco-ara-2025-english.pdf,87,sustainability performance,,,
Saudi Arabian Oil Company (Aramco),SA,2222,2025,,2025-12-31,fy,financial,weighted_average_shares_basic,consolidated,{},241882000000,,shares,https://www.aramco.com/-/media/publications/corporate-reports/reports-and-presentations/2025/fy/saudi-aramco-fy-2025-full-financials-english.pdf,74,earnings per share,,,
Saudi Arabian Oil Company (Aramco),SA,2222,2025,,2025-12-31,fy,financial,weighted_average_shares_diluted,consolidated,{},241882000000,,shares,https://www.aramco.com/-/media/publications/corporate-reports/reports-and-presentations/2025/fy/saudi-aramco-fy-2025-full-financials-english.pdf,74,earnings per share; dilution not significant,,,
Saudi Arabian Oil Company (Aramco),SA,2222,2025,,2025-12-31,instant,financial,working_capital,consolidated,{},297928000000,SAR,SAR,https://www.aramco.com/-/media/publications/corporate-reports/reports-and-presentations/2025/fy/saudi-aramco-ara-2025-english.pdf,,,,,current_assets - current_liabilities
Saudi Arabian Oil Company (Aramco),SA,2222,2025,,2025-12-31,fy,financial,working_capital_change,consolidated,{},11678000000,SAR,SAR,https://www.aramco.com/-/media/publications/corporate-reports/reports-and-presentations/2025/fy/saudi-aramco-fy-2025-full-financials-english.pdf,16,change in working capital; sum of disclosed components,,,
Saudi Arabian Oil Company (Aramco),SA,2222,2025,,2025-12-31,fy,financial,zakat_expense,consolidated,{},931000000,SAR,SAR,https://www.aramco.com/-/media/publications/corporate-reports/reports-and-presentations/2025/fy/saudi-aramco-fy-2025-full-financials-english.pdf,43,income taxes and zakat reconciliation,,,
Saudi Arabian Oil Company (Aramco),SA,2222,2024,,2024-12-31,instant,financial,accounts_payable,consolidated,{},78439000000,SAR,SAR,https://www.aramco.com/-/media/publications/corporate-reports/reports-and-presentations/2025/fy/saudi-aramco-fy-2025-full-financials-english.pdf,66,Note 23 - trade payables and other liabilities comparative,,,
Saudi Arabian Oil Company (Aramco),SA,2222,2024,,2024-12-31,fy,financial,accounts_payable_change,consolidated,{},9110000000,SAR,SAR,https://www.aramco.com/-/media/publications/corporate-reports/reports-and-presentations/2025/fy/saudi-aramco-fy-2025-full-financials-english.pdf,16,change in working capital comparative,,,
Saudi Arabian Oil Company (Aramco),SA,2222,2024,,2024-12-31,instant,financial,accounts_receivable,consolidated,{},167884000000,SAR,SAR,https://www.aramco.com/-/media/publications/corporate-reports/reports-and-presentations/2025/fy/saudi-aramco-ara-2025-english.pdf,179,2025 annual report comparative,,,
Saudi Arabian Oil Company (Aramco),SA,2222,2024,,2024-12-31,fy,calculated,accrual_ratio,consolidated,{},-0.04557873932902299443396888139,,ratio,https://www.aramco.com/-/media/publications/corporate-reports/reports-and-presentations/2025/fy/saudi-aramco-ara-2025-english.pdf,,,,,(net_income - operating_cash_flow) / total_assets
Saudi Arabian Oil Company (Aramco),SA,2222,2024,,2024-12-31,instant,financial,accrued_expenses,consolidated,"{""reported_label"":""Accrued materials and services""}",42480000000,SAR,SAR,https://www.aramco.com/-/media/publications/corporate-reports/reports-and-presentations/2025/fy/saudi-aramco-fy-2025-full-financials-english.pdf,66,Note 23 - trade payables and other liabilities comparative,,,
Saudi Arabian Oil Company (Aramco),SA,2222,2024,,2024-12-31,instant,financial,accumulated_depreciation,consolidated,{},-962846000000,SAR,SAR,https://www.aramco.com/-/media/publications/corporate-reports/reports-and-presentations/2025/fy/saudi-aramco-fy-2025-full-financials-english.pdf,36,property plant and equipment accumulated depreciation comparative,,,
Saudi Arabian Oil Company (Aramco),SA,2222,2024,,2024-12-31,instant,financial,accumulated_depreciation_by_class,consolidated,"{""asset_class"":""Land and land improvements""}",-22928000000,SAR,SAR,https://www.aramco.com/-/media/publications/corporate-reports/reports-and-presentations/2025/fy/saudi-aramco-fy-2025-full-financials-english.pdf,38,Note 5 - accumulated depreciation closing balance comparative,,,
Saudi Arabian Oil Company (Aramco),SA,2222,2024,,2024-12-31,instant,financial,accumulated_depreciation_by_class,consolidated,"{""asset_class"":""Buildings""}",-46137000000,SAR,SAR,https://www.aramco.com/-/media/publications/corporate-reports/reports-and-presentations/2025/fy/saudi-aramco-fy-2025-full-financials-english.pdf,38,Note 5 - accumulated depreciation closing balance comparative,,,
Saudi Arabian Oil Company (Aramco),SA,2222,2024,,2024-12-31,instant,financial,accumulated_depreciation_by_class,consolidated,"{""asset_class"":""Oil and gas properties""}",-292224000000,SAR,SAR,https://www.aramco.com/-/media/publications/corporate-reports/reports-and-presentations/2025/fy/saudi-aramco-fy-2025-full-financials-english.pdf,38,Note 5 - accumulated depreciation closing balance comparative,,,
Saudi Arabian Oil Company (Aramco),SA,2222,2024,,2024-12-31,instant,financial,accumulated_depreciation_by_class,consolidated,"{""asset_class"":""Plant machinery and equipment""}",-535055000000,SAR,SAR,https://www.aramco.com/-/media/publications/corporate-reports/reports-and-presentations/2025/fy/saudi-aramco-fy-2025-full-financials-english.pdf,38,Note 5 - accumulated depreciation closing balance comparative,,,
Saudi Arabian Oil Company (Aramco),SA,2222,2024,,2024-12-31,instant,financial,accumulated_depreciation_by_class,consolidated,"{""asset_class"":""Depots storage tanks and pipelines""}",-51700000000,SAR,SAR,https://www.aramco.com/-/media/publications/corporate-reports/reports-and-presentations/2025/fy/saudi-aramco-fy-2025-full-financials-english.pdf,38,Note 5 - accumulated depreciation closing balance comparative,,,
Saudi Arabian Oil Company (Aramco),SA,2222,2024,,2024-12-31,instant,financial,accumulated_depreciation_by_class,consolidated,"{""asset_class"":""Fixtures IT and office equipment""}",-14802000000,SAR,SAR,https://www.aramco.com/-/media/publications/corporate-reports/reports-and-presentations/2025/fy/saudi-aramco-fy-2025-full-financials-english.pdf,38,Note 5 - accumulated depreciation closing balance comparative,,,
Saudi Arabian Oil Company (Aramco),SA,2222,2024,,2024-12-31,fy,financial,actuarial_gain_loss,consolidated,"{""measure"":""Remeasurements recognized in OCI"",""plan_type"":""Pension benefits""}",-2081000000,SAR,SAR,https://www.aramco.com/-/media/publications/corporate-reports/reports-and-presentations/2025/fy/saudi-aramco-fy-2025-full-financials-english.pdf,63,Note 21 - defined benefit remeasurements comparative,,,
Saudi Arabian Oil Company (Aramco),SA,2222,2024,,2024-12-31,fy,financial,actuarial_gain_loss,consolidated,"{""measure"":""Remeasurements recognized in OCI"",""plan_type"":""Other benefits""}",-3555000000,SAR,SAR,https://www.aramco.com/-/media/publications/corporate-reports/reports-and-presentations/2025/fy/saudi-aramco-fy-2025-full-financials-english.pdf,63,Note 21 - defined benefit remeasurements comparative,,,
Saudi Arabian Oil Company (Aramco),SA,2222,2024,,2024-12-31,fy,financial,صافي الربح المعدل,consolidated,{},413621000000,SAR,SAR,https://www.aramco.com/-/media/publications/corporate-reports/reports-and-presentations/2025/fy/saudi-aramco-ara-2025-english.pdf,39,adjusted net income comparative,,,
Saudi Arabian Oil Company (Aramco),SA,2222,2024,,2024-12-31,instant,commercial,advance_payment_long_term_sales_agreement,consolidated,{},5596000000,SAR,SAR,https://www.aramco.com/-/media/publications/corporate-reports/reports-and-presentations/2025/fy/saudi-aramco-fy-2025-full-financials-english.pdf,48,Note 9 - long-term sales agreement advance payment comparative,,,
Saudi Arabian Oil Company (Aramco),SA,2222,2024,,2024-12-31,instant,calculated,asset_growth,consolidated,{},-0.0219173991299224355714827639,,ratio,https://www.aramco.com/-/media/publications/corporate-reports/reports-and-presentations/2025/fy/saudi-aramco-ara-2025-english.pdf,,,,,total_assets / prior_fy(total_assets) - 1
Saudi Arabian Oil Company (Aramco),SA,2222,2024,,2024-12-31,fy,ratio,asset_turnover,consolidated,{},0.6680712506401010288540202425,,ratio,https://www.aramco.com/-/media/publications/corporate-reports/reports-and-presentations/2025/fy/saudi-aramco-ara-2025-english.pdf,,,,,revenue / average(total_assets)
Saudi Arabian Oil Company (Aramco),SA,2222,2024,,2024-12-31,fy,operational,متوسط سعر النفط الخام المحقق,consolidated,{},80.2,USD,USD/bbl,https://www.aramco.com/-/media/publications/corporate-reports/annual-reports/saudi-aramco-ara-2024-english.pdf,36,key financial metrics,,,
Saudi Arabian Oil Company (Aramco),SA,2222,2024,,2024-12-31,fy,financial,التوزيعات الأساسية المدفوعة,consolidated,{},304325000000,SAR,SAR,https://www.aramco.com/-/media/publications/corporate-reports/annual-reports/saudi-aramco-ara-2024-english.pdf,222,dividends,,,
Saudi Arabian Oil Company (Aramco),SA,2222,2024,,2024-12-31,fy,financial,basic_eps,consolidated,{},1.63,SAR,SAR/share,https://www.aramco.com/-/media/publications/corporate-reports/reports-and-presentations/2025/fy/saudi-aramco-fy-2025-full-financials-english.pdf,12,consolidated statement of income comparative,,,
Saudi Arabian Oil Company (Aramco),SA,2222,2024,,2024-12-31,fy,financial,النفقات الرأسمالية,consolidated,{},188890000000,SAR,SAR,https://www.aramco.com/-/media/publications/corporate-reports/reports-and-presentations/2025/fy/saudi-aramco-ara-2025-english.pdf,181,2025 annual report comparative,,,
Saudi Arabian Oil Company (Aramco),SA,2222,2024,,2024-12-31,fy,financial,capex_per_share,consolidated,{},0.7808792280916434471297345118,SAR,SAR/share,https://www.aramco.com/-/media/publications/corporate-reports/reports-and-presentations/2025/fy/saudi-aramco-ara-2025-english.pdf,,,,,capex / weighted_average_shares
Saudi Arabian Oil Company (Aramco),SA,2222,2024,,2024-12-31,fy,ratio,capex_to_cfo,consolidated,{},0.3711818710600367860904560532,,ratio,https://www.aramco.com/-/media/publications/corporate-reports/reports-and-presentations/2025/fy/saudi-aramco-ara-2025-english.pdf,,,,,abs(capex) / operating_cash_flow
Saudi Arabian Oil Company (Aramco),SA,2222,2024,,2024-12-31,fy,ratio,capex_to_revenue,consolidated,{},0.1153668328142874331444653664,,ratio,https://www.aramco.com/-/media/publications/corporate-reports/reports-and-presentations/2025/fy/saudi-aramco-ara-2025-english.pdf,,,,,abs(capex) / revenue
Saudi Arabian Oil Company (Aramco),SA,2222,2024,,2024-12-31,instant,financial,capital_commitments,consolidated,{},223301000000,SAR,SAR,https://www.aramco.com/-/media/publications/corporate-reports/reports-and-presentations/2025/fy/saudi-aramco-fy-2025-full-financials-english.pdf,69,Note 32(a) - capital expenditures contracted but not incurred comparative,,,
Saudi Arabian Oil Company (Aramco),SA,2222,2024,,2024-12-31,instant,financial,النقد وما في حكمه,consolidated,{},216642000000,SAR,SAR,https://www.aramco.com/-/media/publications/corporate-reports/reports-and-presentations/2025/fy/saudi-aramco-ara-2025-english.pdf,179,2025 annual report comparative,,,
Saudi Arabian Oil Company (Aramco),SA,2222,2024,,2024-12-31,fy,ratio,cash_conversion_of_earnings,consolidated,{},1.277258785910416593461204452,,ratio,https://www.aramco.com/-/media/publications/corporate-reports/reports-and-presentations/2025/fy/saudi-aramco-ara-2025-english.pdf,,,,,operating_cash_flow / net_income
Saudi Arabian Oil Company (Aramco),SA,2222,2024,,2024-12-31,instant,financial,cash_per_share,consolidated,{},0.8956071667755297775058496697,SAR,SAR/share,https://www.aramco.com/-/media/publications/corporate-reports/reports-and-presentations/2025/fy/saudi-aramco-ara-2025-english.pdf,,,,,cash / weighted_average_shares
Saudi Arabian Oil Company (Aramco),SA,2222,2024,,2024-12-31,instant,ratio,cash_ratio,consolidated,{},0.7239184262671964125200910236,,ratio,https://www.aramco.com/-/media/publications/corporate-reports/reports-and-presentations/2025/fy/saudi-aramco-ara-2025-english.pdf,,,,,cash / current_liabilities
Saudi Arabian Oil Company (Aramco),SA,2222,2024,,2024-12-31,fy,ratio,cash_return_on_assets,consolidated,{},0.2076428572885830458404143978,,ratio,https://www.aramco.com/-/media/publications/corporate-reports/reports-and-presentations/2025/fy/saudi-aramco-ara-2025-english.pdf,,,,,operating_cash_flow / average(total_assets)
Saudi Arabian Oil Company (Aramco),SA,2222,2024,,2024-12-31,fy,ratio,cash_return_on_equity,consolidated,{},0.3003665100855937838189589508,,ratio,https://www.aramco.com/-/media/publications/corporate-reports/reports-and-presentations/2025/fy/saudi-aramco-ara-2025-english.pdf,,,,,operating_cash_flow / average(total_equity)
Saudi Arabian Oil Company (Aramco),SA,2222,2024,,2024-12-31,fy,ratio,cfo_margin,consolidated,{},0.3108094489766377430145623982,,ratio,https://www.aramco.com/-/media/publications/corporate-reports/reports-and-presentations/2025/fy/saudi-aramco-ara-2025-english.pdf,,,,,operating_cash_flow / revenue
Saudi Arabian Oil Company (Aramco),SA,2222,2024,,2024-12-31,fy,ratio,cfo_to_debt,consolidated,{},1.593811268752544708572144445,,ratio,https://www.aramco.com/-/media/publications/corporate-reports/reports-and-presentations/2025/fy/saudi-aramco-ara-2025-english.pdf,,,,,operating_cash_flow / total_debt
Saudi Arabian Oil Company (Aramco),SA,2222,2024,,2024-12-31,fy,operational,corporate_depreciation_amortization,segment,"{""segment"":""Corporate""}",-4827000000,SAR,SAR,https://www.aramco.com/-/media/publications/corporate-reports/reports-and-presentations/2025/fy/saudi-aramco-ara-2025-english.pdf,196,Note 4 - operating segments comparative,,,
Saudi Arabian Oil Company (Aramco),SA,2222,2024,,2024-12-31,fy,operational,corporate_ebit,segment,"{""segment"":""Corporate""}",-21830000000,SAR,SAR,https://www.aramco.com/-/media/publications/corporate-reports/reports-and-presentations/2025/fy/saudi-aramco-ara-2025-english.pdf,196,Note 4 - operating segments comparative,,,
Saudi Arabian Oil Company (Aramco),SA,2222,2024,,2024-12-31,fy,operational,corporate_ebitda,segment,"{""segment"":""Corporate""}",-17003000000,SAR,SAR,https://www.aramco.com/-/media/publications/corporate-reports/reports-and-presentations/2025/fy/saudi-aramco-ara-2025-english.pdf,,,,,corporate_ebit + abs(corporate_depreciation_amortization)
Saudi Arabian Oil Company (Aramco),SA,2222,2024,,2024-12-31,fy,operational,corporate_revenue,segment,"{""segment"":""Corporate""}",1098000000,SAR,SAR,https://www.aramco.com/-/media/publications/corporate-reports/reports-and-presentations/2025/fy/saudi-aramco-fy-2025-full-financials-english.pdf,65,external revenue by segment comparative,,,
Saudi Arabian Oil Company (Aramco),SA,2222,2024,,2024-12-31,fy,operational,crude_oil_revenue,consolidated,{},803140000000,SAR,SAR,https://www.aramco.com/-/media/publications/corporate-reports/reports-and-presentations/2025/fy/saudi-aramco-fy-2025-full-financials-english.pdf,65,revenue by product type comparative,,,
Saudi Arabian Oil Company (Aramco),SA,2222,2024,,2024-12-31,instant,financial,current_assets,consolidated,{},565396000000,SAR,SAR,https://www.aramco.com/-/media/publications/corporate-reports/reports-and-presentations/2025/fy/saudi-aramco-ara-2025-english.pdf,179,2025 annual report comparative,,,
Saudi Arabian Oil Company (Aramco),SA,2222,2024,,2024-12-31,instant,financial,current_debt,consolidated,{},57557000000,SAR,SAR,https://www.aramco.com/-/media/publications/corporate-reports/reports-and-presentations/2025/fy/saudi-aramco-ara-2025-english.pdf,180,2025 annual report comparative,,,
Saudi Arabian Oil Company (Aramco),SA,2222,2024,,2024-12-31,instant,financial,current_liabilities,consolidated,{},299263000000,SAR,SAR,https://www.aramco.com/-/media/publications/corporate-reports/reports-and-presentations/2025/fy/saudi-aramco-ara-2025-english.pdf,180,2025 annual report comparative,,,
Saudi Arabian Oil Company (Aramco),SA,2222,2024,,2024-12-31,instant,ratio,current_ratio,consolidated,{},1.889294700647925069253466015,,ratio,https://www.aramco.com/-/media/publications/corporate-reports/reports-and-presentations/2025/fy/saudi-aramco-ara-2025-english.pdf,,,,,current_assets / current_liabilities
Saudi Arabian Oil Company (Aramco),SA,2222,2024,,2024-12-31,instant,financial,debt_per_share,consolidated,{},1.319958328854787634253019918,SAR,SAR/share,https://www.aramco.com/-/media/publications/corporate-reports/reports-and-presentations/2025/fy/saudi-aramco-ara-2025-english.pdf,,,,,(current_debt + long_term_debt) / weighted_average_shares
Saudi Arabian Oil Company (Aramco),SA,2222,2024,,2024-12-31,instant,ratio,debt_to_assets,consolidated,{},0.1317404059200455515074495694,,ratio,https://www.aramco.com/-/media/publications/corporate-reports/reports-and-presentations/2025/fy/saudi-aramco-ara-2025-english.pdf,,,,,(current_debt + long_term_debt) / total_assets
Saudi Arabian Oil Company (Aramco),SA,2222,2024,,2024-12-31,instant,ratio,debt_to_equity,consolidated,{},0.1933503092914606489821994665,,ratio,https://www.aramco.com/-/media/publications/corporate-reports/reports-and-presentations/2025/fy/saudi-aramco-ara-2025-english.pdf,,,,,(current_debt + long_term_debt) / total_equity
Saudi Arabian Oil Company (Aramco),SA,2222,2024,,2024-12-31,fy,financial,deferred_tax,consolidated,{},8245000000,SAR,SAR,https://www.aramco.com/-/media/publications/corporate-reports/reports-and-presentations/2025/fy/saudi-aramco-fy-2025-full-financials-english.pdf,43,deferred income tax - Kingdom and Foreign comparative,,,
Saudi Arabian Oil Company (Aramco),SA,2222,2024,,2024-12-31,fy,financial,dividend_cagr_3y,consolidated,{},0.112182564340665951219946016,,ratio,https://www.aramco.com/-/media/publications/corporate-reports/annual-reports/saudi-aramco-ara-2024-english.pdf,,,,,(dividends_per_share / prior_3y(dividends_per_share)) ^ (1/3) - 1
Saudi Arabian Oil Company (Aramco),SA,2222,2024,,2024-12-31,fy,financial,dividend_coverage_ratio,consolidated,{},0.8551333067192081009963126559,,ratio,https://www.aramco.com/-/media/publications/corporate-reports/reports-and-presentations/2025/fy/saudi-aramco-ara-2025-english.pdf,,,,,net_income / abs(dividends_paid)
Saudi Arabian Oil Company (Aramco),SA,2222,2024,,2024-12-31,fy,calculated,dividend_growth,consolidated,{},0.270660041344627652901487425,,ratio,https://www.aramco.com/-/media/publications/corporate-reports/annual-reports/saudi-aramco-ara-2024-english.pdf,,,,,dividends_paid / prior_fy(dividends_paid) - 1
Saudi Arabian Oil Company (Aramco),SA,2222,2024,,2024-12-31,fy,calculated,dividend_per_share_growth,consolidated,{},0.245956786130159140897916936,,ratio,https://www.aramco.com/-/media/publications/corporate-reports/annual-reports/saudi-aramco-ara-2024-english.pdf,,,,,dividends_per_share / prior_fy(dividends_per_share) - 1
Saudi Arabian Oil Company (Aramco),SA,2222,2024,,2024-12-31,fy,financial,التوزيعات المدفوعة,consolidated,{},465918000000,SAR,SAR,https://www.aramco.com/-/media/publications/corporate-reports/annual-reports/saudi-aramco-ara-2024-english.pdf,222,dividends,,,
Saudi Arabian Oil Company (Aramco),SA,2222,2024,,2024-12-31,fy,financial,التوزيعات لكل سهم,consolidated,{},1.926,SAR,SAR/share,https://www.aramco.com/-/media/publications/corporate-reports/annual-reports/saudi-aramco-ara-2024-english.pdf,222,dividends,,,
Saudi Arabian Oil Company (Aramco),SA,2222,2024,,2024-12-31,fy,operational,domestic_revenue,segment,"{""geography"":""In-Kingdom""}",954139000000,SAR,SAR,https://www.aramco.com/-/media/publications/corporate-reports/reports-and-presentations/2025/fy/saudi-aramco-fy-2025-full-financials-english.pdf,35,geographical information comparative,,,
Saudi Arabian Oil Company (Aramco),SA,2222,2024,,2024-12-31,fy,operational,downstream_depreciation_amortization,segment,"{""segment"":""Downstream""}",-38102000000,SAR,SAR,https://www.aramco.com/-/media/publications/corporate-reports/reports-and-presentations/2025/fy/saudi-aramco-ara-2025-english.pdf,196,Note 4 - operating segments comparative,,,
Saudi Arabian Oil Company (Aramco),SA,2222,2024,,2024-12-31,fy,operational,downstream_ebit,segment,"{""segment"":""Downstream""}",-10998000000,SAR,SAR,https://www.aramco.com/-/media/publications/corporate-reports/reports-and-presentations/2025/fy/saudi-aramco-ara-2025-english.pdf,196,Note 4 - operating segments comparative,,,
Saudi Arabian Oil Company (Aramco),SA,2222,2024,,2024-12-31,fy,operational,downstream_ebitda,segment,"{""segment"":""Downstream""}",27104000000,SAR,SAR,https://www.aramco.com/-/media/publications/corporate-reports/reports-and-presentations/2025/fy/saudi-aramco-ara-2025-english.pdf,,,,,downstream_ebit + abs(downstream_depreciation_amortization)
Saudi Arabian Oil Company (Aramco),SA,2222,2024,,2024-12-31,fy,financial,earnings_per_share_normalized,consolidated,{},1.709926662091659983298469578,SAR,SAR/share,https://www.aramco.com/-/media/publications/corporate-reports/reports-and-presentations/2025/fy/saudi-aramco-ara-2025-english.pdf,,,,,adjusted_net_income / weighted_average_shares_diluted
Saudi Arabian Oil Company (Aramco),SA,2222,2024,,2024-12-31,fy,financial,ebit,consolidated,{},772296000000,SAR,SAR,https://www.aramco.com/-/media/publications/corporate-reports/reports-and-presentations/2025/fy/saudi-aramco-fy-2025-full-financials-english.pdf,34,operating segments reconciliation comparative,,,
Saudi Arabian Oil Company (Aramco),SA,2222,2024,,2024-12-31,fy,ratio,ebit_margin,consolidated,{},0.4716890439681450975050983357,,ratio,https://www.aramco.com/-/media/publications/corporate-reports/reports-and-presentations/2025/fy/saudi-aramco-fy-2025-full-financials-english.pdf,,,,,ebit / revenue
Saudi Arabian Oil Company (Aramco),SA,2222,2024,,2024-12-31,fy,financial,ebit_per_share,consolidated,{},3.192704242354088981123963389,SAR,SAR/share,https://www.aramco.com/-/media/publications/corporate-reports/reports-and-presentations/2025/fy/saudi-aramco-fy-2025-full-financials-english.pdf,,,,,ebit / weighted_average_shares
Saudi Arabian Oil Company (Aramco),SA,2222,2024,,2024-12-31,fy,ratio,effective_tax_rate,consolidated,{},0.4905154665541361363665426273,,ratio,https://www.aramco.com/-/media/publications/corporate-reports/annual-reports/saudi-aramco-ara-2024-english.pdf,,,,,abs(income_taxes_and_zakat) / income_before_income_taxes_and_zakat
Saudi Arabian Oil Company (Aramco),SA,2222,2024,,2024-12-31,fy,operational,energy_intensity,consolidated,{},162.9,,thousand_btu_per_boe,https://www.aramco.com/-/media/publications/corporate-reports/reports-and-presentations/2025/fy/saudi-aramco-ara-2025-english.pdf,87,2025 sustainability comparative,,,
Saudi Arabian Oil Company (Aramco),SA,2222,2024,,2024-12-31,fy,calculated,eps_cagr_3y,consolidated,{},-0.0325280854236014923248449925,,ratio,https://www.aramco.com/-/media/publications/corporate-reports/annual-reports/saudi-aramco-ara-2024-english.pdf,,,,,(eps_diluted / prior_3y(eps_diluted)) ^ (1/3) - 1
Saudi Arabian Oil Company (Aramco),SA,2222,2024,,2024-12-31,fy,financial,ربحية السهم الأساسية والمخفضة,consolidated,{},1.63,SAR,SAR/share,https://www.aramco.com/-/media/publications/corporate-reports/annual-reports/saudi-aramco-ara-2024-english.pdf,222,earnings per share,,,
Saudi Arabian Oil Company (Aramco),SA,2222,2024,,2024-12-31,fy,calculated,eps_growth,consolidated,{},-0.1283422459893048128342245989,,ratio,https://www.aramco.com/-/media/publications/corporate-reports/annual-reports/saudi-aramco-ara-2024-english.pdf,,,,,eps_diluted / prior_fy(eps_diluted) - 1
Saudi Arabian Oil Company (Aramco),SA,2222,2024,,2024-12-31,instant,calculated,equity_growth,consolidated,{},-0.0493566259012188185772543999,,ratio,https://www.aramco.com/-/media/publications/corporate-reports/reports-and-presentations/2025/fy/saudi-aramco-ara-2025-english.pdf,,,,,total_equity / prior_fy(total_equity) - 1
Saudi Arabian Oil Company (Aramco),SA,2222,2024,,2024-12-31,instant,ratio,equity_ratio,consolidated,{},0.6813560650759398092943229783,,ratio,https://www.aramco.com/-/media/publications/corporate-reports/reports-and-presentations/2025/fy/saudi-aramco-ara-2025-english.pdf,,,,,total_equity / total_assets
Saudi Arabian Oil Company (Aramco),SA,2222,2024,,2024-12-31,instant,financial,expected_credit_losses,consolidated,"{""asset_class"":""Trade receivables"",""measure"":""Loss allowance""}",244000000,SAR,SAR,https://www.aramco.com/-/media/publications/corporate-reports/reports-and-presentations/2025/fy/saudi-aramco-fy-2025-full-financials-english.pdf,51,Note 12 - trade receivables loss allowance comparative,,,
Saudi Arabian Oil Company (Aramco),SA,2222,2024,,2024-12-31,instant,financial,fair_value_assets_by_level,consolidated,"{""fair_value_level"":""Level 1""}",13136000000,SAR,SAR,https://www.aramco.com/-/media/publications/corporate-reports/reports-and-presentations/2025/fy/saudi-aramco-fy-2025-full-financials-english.pdf,32,fair value hierarchy - comparative total assets,,,
Saudi Arabian Oil Company (Aramco),SA,2222,2024,,2024-12-31,instant,financial,fair_value_assets_by_level,consolidated,"{""fair_value_level"":""Level 2""}",15423000000,SAR,SAR,https://www.aramco.com/-/media/publications/corporate-reports/reports-and-presentations/2025/fy/saudi-aramco-fy-2025-full-financials-english.pdf,32,fair value hierarchy - comparative total assets,,,
Saudi Arabian Oil Company (Aramco),SA,2222,2024,,2024-12-31,instant,financial,fair_value_assets_by_level,consolidated,"{""fair_value_level"":""Level 3""}",146864000000,SAR,SAR,https://www.aramco.com/-/media/publications/corporate-reports/reports-and-presentations/2025/fy/saudi-aramco-fy-2025-full-financials-english.pdf,32,fair value hierarchy - comparative total assets,,,
Saudi Arabian Oil Company (Aramco),SA,2222,2024,,2024-12-31,instant,financial,fair_value_liabilities_by_level,consolidated,"{""fair_value_level"":""Level 2""}",1680000000,SAR,SAR,https://www.aramco.com/-/media/publications/corporate-reports/reports-and-presentations/2025/fy/saudi-aramco-fy-2025-full-financials-english.pdf,33,fair value hierarchy - comparative total liabilities,,,
Saudi Arabian Oil Company (Aramco),SA,2222,2024,,2024-12-31,instant,financial,fair_value_liabilities_by_level,consolidated,"{""fair_value_level"":""Level 3""}",39288000000,SAR,SAR,https://www.aramco.com/-/media/publications/corporate-reports/reports-and-presentations/2025/fy/saudi-aramco-fy-2025-full-financials-english.pdf,33,fair value hierarchy - comparative total liabilities,,,
Saudi Arabian Oil Company (Aramco),SA,2222,2024,,2024-12-31,fy,financial,fcf_dividend_coverage_ratio,consolidated,{},0.6868118424272082211891362858,,ratio,https://www.aramco.com/-/media/publications/corporate-reports/reports-and-presentations/2025/fy/saudi-aramco-ara-2025-english.pdf,,,,,free_cash_flow / abs(dividends_paid)
Saudi Arabian Oil Company (Aramco),SA,2222,2024,,2024-12-31,fy,ratio,fcf_margin,consolidated,{},0.1954426161623503098700970318,,ratio,https://www.aramco.com/-/media/publications/corporate-reports/reports-and-presentations/2025/fy/saudi-aramco-ara-2025-english.pdf,,,,,free_cash_flow / revenue
Saudi Arabian Oil Company (Aramco),SA,2222,2024,,2024-12-31,fy,financial,fcf_payout_ratio,consolidated,{},1.456002850017812611328820805,,ratio,https://www.aramco.com/-/media/publications/corporate-reports/annual-reports/saudi-aramco-ara-2024-english.pdf,,,,,abs(dividends_paid) / free_cash_flow
Saudi Arabian Oil Company (Aramco),SA,2222,2024,,2024-12-31,fy,ratio,fcf_to_debt,consolidated,{},1.002217419900404021422531241,,ratio,https://www.aramco.com/-/media/publications/corporate-reports/reports-and-presentations/2025/fy/saudi-aramco-ara-2025-english.pdf,,,,,free_cash_flow / total_debt
Saudi Arabian Oil Company (Aramco),SA,2222,2024,,2024-12-31,fy,financial,finance_income,consolidated,{},20254000000,SAR,SAR,https://www.aramco.com/-/media/publications/corporate-reports/reports-and-presentations/2025/fy/saudi-aramco-fy-2025-full-financials-english.pdf,34,operating segments reconciliation comparative,,,
Saudi Arabian Oil Company (Aramco),SA,2222,2024,,2024-12-31,instant,financial,financial_assets_by_class,consolidated,"{""asset_class"":""Investments in securities measured at fair value""}",40420000000,SAR,SAR,https://www.aramco.com/-/media/publications/corporate-reports/reports-and-presentations/2025/fy/saudi-aramco-fy-2025-full-financials-english.pdf,34,Note 3(d) - financial assets measured at fair value comparative,,,
Saudi Arabian Oil Company (Aramco),SA,2222,2024,,2024-12-31,instant,financial,financial_assets_by_class,consolidated,"{""asset_class"":""Other assets and receivables measured at fair value""}",6902000000,SAR,SAR,https://www.aramco.com/-/media/publications/corporate-reports/reports-and-presentations/2025/fy/saudi-aramco-fy-2025-full-financials-english.pdf,34,Note 3(d) - financial assets measured at fair value comparative,,,
Saudi Arabian Oil Company (Aramco),SA,2222,2024,,2024-12-31,instant,financial,financial_assets_by_class,consolidated,"{""asset_class"":""Trade receivables with provisional pricing""}",128101000000,SAR,SAR,https://www.aramco.com/-/media/publications/corporate-reports/reports-and-presentations/2025/fy/saudi-aramco-fy-2025-full-financials-english.pdf,34,Note 3(d) - financial assets measured at fair value comparative,,,
Saudi Arabian Oil Company (Aramco),SA,2222,2024,,2024-12-31,instant,financial,financial_liabilities_by_class,consolidated,"{""liability_class"":""Trade payables and other liabilities measured at fair value""}",38988000000,SAR,SAR,https://www.aramco.com/-/media/publications/corporate-reports/reports-and-presentations/2025/fy/saudi-aramco-fy-2025-full-financials-english.pdf,35,Note 3(d) - financial liabilities measured at fair value comparative,,,
Saudi Arabian Oil Company (Aramco),SA,2222,2024,,2024-12-31,instant,financial,financial_liabilities_by_class,consolidated,"{""liability_class"":""Provisions and other liabilities measured at fair value""}",1980000000,SAR,SAR,https://www.aramco.com/-/media/publications/corporate-reports/reports-and-presentations/2025/fy/saudi-aramco-fy-2025-full-financials-english.pdf,35,Note 3(d) - financial liabilities measured at fair value comparative,,,
Saudi Arabian Oil Company (Aramco),SA,2222,2024,,2024-12-31,fy,operational,flaring_intensity,consolidated,{},6.07,,scf_per_boe,https://www.aramco.com/-/media/publications/corporate-reports/reports-and-presentations/2025/fy/saudi-aramco-ara-2025-english.pdf,87,2025 sustainability comparative,,,
Saudi Arabian Oil Company (Aramco),SA,2222,2024,,2024-12-31,fy,calculated,التدفق النقدي الحر,consolidated,{},319998000000,SAR,SAR,https://www.aramco.com/-/media/publications/corporate-reports/reports-and-presentations/2025/fy/saudi-aramco-ara-2025-english.pdf,,,,,operating_cash_flow - abs(capex)
Saudi Arabian Oil Company (Aramco),SA,2222,2024,,2024-12-31,fy,calculated,free_cash_flow_growth,consolidated,{},-0.1568038449984980474617002103,,ratio,https://www.aramco.com/-/media/publications/corporate-reports/reports-and-presentations/2025/fy/saudi-aramco-ara-2025-english.pdf,,,,,free_cash_flow / prior_fy(free_cash_flow) - 1
Saudi Arabian Oil Company (Aramco),SA,2222,2024,,2024-12-31,fy,financial,free_cash_flow_per_share,consolidated,{},1.322885230720894276005192357,SAR,SAR/share,https://www.aramco.com/-/media/publications/corporate-reports/reports-and-presentations/2025/fy/saudi-aramco-ara-2025-english.pdf,,,,,free_cash_flow / weighted_average_shares
Saudi Arabian Oil Company (Aramco),SA,2222,2024,,2024-12-31,fy,financial,gain_loss_investing,consolidated,"{""component"":""Loss on retirements and disposal of property plant and equipment""}",1983000000,SAR,SAR,https://www.aramco.com/-/media/publications/corporate-reports/reports-and-presentations/2025/fy/saudi-aramco-fy-2025-full-financials-english.pdf,18,Consolidated statement of cash flows - operating reconciliation comparative,,,
Saudi Arabian Oil Company (Aramco),SA,2222,2024,,2024-12-31,fy,financial,gain_loss_investing,consolidated,"{""component"":""Gain on disposal of assets classified as held for sale"",""reported_as"":""dash""}",0,SAR,SAR,https://www.aramco.com/-/media/publications/corporate-reports/reports-and-presentations/2025/fy/saudi-aramco-fy-2025-full-financials-english.pdf,18,Consolidated statement of cash flows - operating reconciliation comparative,,,
Saudi Arabian Oil Company (Aramco),SA,2222,2024,,2024-12-31,instant,ratio,نسبة المديونية (Gearing),consolidated,{},4.5,,percent,https://www.aramco.com/-/media/publications/corporate-reports/reports-and-presentations/2025/fy/saudi-aramco-ara-2025-english.pdf,32,2025 annual report comparative,,,
Saudi Arabian Oil Company (Aramco),SA,2222,2024,,2024-12-31,instant,financial,goodwill,consolidated,{},101225000000,SAR,SAR,https://www.aramco.com/-/media/publications/corporate-reports/reports-and-presentations/2025/fy/saudi-aramco-fy-2025-full-financials-english.pdf,37,intangible assets comparative,,,
Saudi Arabian Oil Company (Aramco),SA,2222,2024,,2024-12-31,instant,financial,goodwill_by_cash_generating_unit,consolidated,"{""cash_generating_unit"":""Downstream"",""origin"":""SABIC acquisition""}",99116000000,SAR,SAR,https://www.aramco.com/-/media/publications/corporate-reports/reports-and-presentations/2025/fy/saudi-aramco-fy-2025-full-financials-english.pdf,40,Note 6 - goodwill allocated to cash-generating unit comparative,,,
Saudi Arabian Oil Company (Aramco),SA,2222,2024,,2024-12-31,instant,calculated,graham_net_net,consolidated,{},-387856000000.00,SAR,SAR,https://www.aramco.com/-/media/publications/corporate-reports/reports-and-presentations/2025/fy/saudi-aramco-ara-2025-english.pdf,,,,,cash + 0.75 * accounts_receivable + 0.5 * inventory - total_liabilities
Saudi Arabian Oil Company (Aramco),SA,2222,2024,,2024-12-31,instant,financial,gross_property_plant_equipment,consolidated,{},2457164000000,SAR,SAR,https://www.aramco.com/-/media/publications/corporate-reports/reports-and-presentations/2025/fy/saudi-aramco-fy-2025-full-financials-english.pdf,36,property plant and equipment cost comparative,,,
Saudi Arabian Oil Company (Aramco),SA,2222,2024,,2024-12-31,instant,operational,gross_refining_capacity,consolidated,{},7.7,,mmbpd,https://www.aramco.com/-/media/publications/corporate-reports/reports-and-presentations/2025/fy/saudi-aramco-ara-2025-english.pdf,50,2025 annual report comparative,,,
Saudi Arabian Oil Company (Aramco),SA,2222,2024,,2024-12-31,fy,financial,impairment_by_asset_class,consolidated,"{""asset_class"":""Buildings"",""ledger"":""Accumulated depreciation""}",-220000000,SAR,SAR,https://www.aramco.com/-/media/publications/corporate-reports/reports-and-presentations/2025/fy/saudi-aramco-fy-2025-full-financials-english.pdf,38,Note 5 - PPE impairment by class comparative,,,
Saudi Arabian Oil Company (Aramco),SA,2222,2024,,2024-12-31,fy,financial,impairment_by_asset_class,consolidated,"{""asset_class"":""Plant machinery and equipment"",""ledger"":""Accumulated depreciation""}",-10451000000,SAR,SAR,https://www.aramco.com/-/media/publications/corporate-reports/reports-and-presentations/2025/fy/saudi-aramco-fy-2025-full-financials-english.pdf,38,Note 5 - PPE impairment by class comparative,,,
Saudi Arabian Oil Company (Aramco),SA,2222,2024,,2024-12-31,fy,financial,impairment_by_asset_class,consolidated,"{""asset_class"":""Construction in progress"",""ledger"":""Cost""}",-769000000,SAR,SAR,https://www.aramco.com/-/media/publications/corporate-reports/reports-and-presentations/2025/fy/saudi-aramco-fy-2025-full-financials-english.pdf,38,Note 5 - PPE impairment by class comparative,,,
Saudi Arabian Oil Company (Aramco),SA,2222,2024,,2024-12-31,fy,financial,الدخل قبل الضرائب والزكاة,consolidated,{},782010000000,SAR,SAR,https://www.aramco.com/-/media/publications/corporate-reports/annual-reports/saudi-aramco-ara-2024-english.pdf,36,summarized consolidated statement of income,,,
Saudi Arabian Oil Company (Aramco),SA,2222,2024,,2024-12-31,fy,calculated,income_quality,consolidated,{},1.277258785910416593461204452,,ratio,https://www.aramco.com/-/media/publications/corporate-reports/reports-and-presentations/2025/fy/saudi-aramco-ara-2025-english.pdf,,,,,operating_cash_flow / net_income
Saudi Arabian Oil Company (Aramco),SA,2222,2024,,2024-12-31,fy,financial,income_tax_expense,consolidated,{},383307000000,SAR,SAR,https://www.aramco.com/-/media/publications/corporate-reports/reports-and-presentations/2025/fy/saudi-aramco-fy-2025-full-financials-english.pdf,43,income taxes and zakat reconciliation comparative,,,
Saudi Arabian Oil Company (Aramco),SA,2222,2024,,2024-12-31,fy,financial,ضرائب الدخل والزكاة,consolidated,{},-383588000000,SAR,SAR,https://www.aramco.com/-/media/publications/corporate-reports/annual-reports/saudi-aramco-ara-2024-english.pdf,36,summarized consolidated statement of income,,,
Saudi Arabian Oil Company (Aramco),SA,2222,2024,,2024-12-31,fy,financial,interest_income,consolidated,{},16868000000,SAR,SAR,https://www.aramco.com/-/media/publications/corporate-reports/reports-and-presentations/2025/fy/saudi-aramco-fy-2025-full-financials-english.pdf,66,finance and other income comparative,,,
Saudi Arabian Oil Company (Aramco),SA,2222,2024,,2024-12-31,fy,operational,international_revenue,segment,"{""geography"":""Out-of-Kingdom""}",683160000000,SAR,SAR,https://www.aramco.com/-/media/publications/corporate-reports/reports-and-presentations/2025/fy/saudi-aramco-fy-2025-full-financials-english.pdf,35,geographical information comparative,,,
Saudi Arabian Oil Company (Aramco),SA,2222,2024,,2024-12-31,instant,financial,inventory,consolidated,{},83728000000,SAR,SAR,https://www.aramco.com/-/media/publications/corporate-reports/reports-and-presentations/2025/fy/saudi-aramco-ara-2025-english.pdf,179,2025 annual report comparative,,,
Saudi Arabian Oil Company (Aramco),SA,2222,2024,,2024-12-31,instant,ratio,inventory_to_assets,consolidated,{},0.03454652731646332154660571127,,ratio,https://www.aramco.com/-/media/publications/corporate-reports/reports-and-presentations/2025/fy/saudi-aramco-ara-2025-english.pdf,,,,,inventory / total_assets
Saudi Arabian Oil Company (Aramco),SA,2222,2024,,2024-12-31,instant,financial,invested_capital,consolidated,{},1754003000000,SAR,SAR,https://www.aramco.com/-/media/publications/corporate-reports/reports-and-presentations/2025/fy/saudi-aramco-ara-2025-english.pdf,,,,,total_equity + current_debt + long_term_debt - cash
Saudi Arabian Oil Company (Aramco),SA,2222,2024,,2024-12-31,fy,financial,investment_fair_value_change,consolidated,{},-39000000,SAR,SAR,https://www.aramco.com/-/media/publications/corporate-reports/reports-and-presentations/2025/fy/saudi-aramco-fy-2025-full-financials-english.pdf,16,consolidated statement of cash flows comparative,,,
Saudi Arabian Oil Company (Aramco),SA,2222,2024,,2024-12-31,fy,financial,investment_income,consolidated,{},3386000000,SAR,SAR,https://www.aramco.com/-/media/publications/corporate-reports/reports-and-presentations/2025/fy/saudi-aramco-fy-2025-full-financials-english.pdf,66,finance and other income comparative,,,
Saudi Arabian Oil Company (Aramco),SA,2222,2024,,2024-12-31,instant,financial,lease_commitments_not_commenced,consolidated,{},38496000000,SAR,SAR,https://www.aramco.com/-/media/publications/corporate-reports/reports-and-presentations/2025/fy/saudi-aramco-fy-2025-full-financials-english.pdf,69,Note 32(a) - leases contracted but not commenced comparative,,,
Saudi Arabian Oil Company (Aramco),SA,2222,2024,,2024-12-31,fy,financial,lease_interest_expense,consolidated,{},2964000000,SAR,SAR,https://www.aramco.com/-/media/publications/corporate-reports/reports-and-presentations/2025/fy/saudi-aramco-fy-2025-full-financials-english.pdf,54,Note 20 - finance costs - lease liabilities comparative,,,
Saudi Arabian Oil Company (Aramco),SA,2222,2024,,2024-12-31,instant,financial,lease_liabilities_current,consolidated,{},11584000000,SAR,SAR,https://www.aramco.com/-/media/publications/corporate-reports/reports-and-presentations/2025/fy/saudi-aramco-fy-2025-full-financials-english.pdf,54,borrowings comparative,,,
Saudi Arabian Oil Company (Aramco),SA,2222,2024,,2024-12-31,instant,financial,lease_liabilities_noncurrent,consolidated,{},50899000000,SAR,SAR,https://www.aramco.com/-/media/publications/corporate-reports/reports-and-presentations/2025/fy/saudi-aramco-fy-2025-full-financials-english.pdf,54,borrowings comparative,,,
Saudi Arabian Oil Company (Aramco),SA,2222,2024,,2024-12-31,instant,financial,lease_maturity_by_band,consolidated,"{""maturity_band"":""No later than one year"",""measurement"":""Undiscounted contractual cash flow""}",13970000000,SAR,SAR,https://www.aramco.com/-/media/publications/corporate-reports/reports-and-presentations/2025/fy/saudi-aramco-fy-2025-full-financials-english.pdf,60,Note 15 - lease liability contractual maturities comparative,,,
Saudi Arabian Oil Company (Aramco),SA,2222,2024,,2024-12-31,instant,financial,lease_maturity_by_band,consolidated,"{""maturity_band"":""One to five years"",""measurement"":""Undiscounted contractual cash flow""}",30232000000,SAR,SAR,https://www.aramco.com/-/media/publications/corporate-reports/reports-and-presentations/2025/fy/saudi-aramco-fy-2025-full-financials-english.pdf,60,Note 15 - lease liability contractual maturities comparative,,,
Saudi Arabian Oil Company (Aramco),SA,2222,2024,,2024-12-31,instant,financial,lease_maturity_by_band,consolidated,"{""maturity_band"":""More than five years"",""measurement"":""Undiscounted contractual cash flow""}",30964000000,SAR,SAR,https://www.aramco.com/-/media/publications/corporate-reports/reports-and-presentations/2025/fy/saudi-aramco-fy-2025-full-financials-english.pdf,60,Note 15 - lease liability contractual maturities comparative,,,
Saudi Arabian Oil Company (Aramco),SA,2222,2024,,2024-12-31,instant,ratio,liabilities_to_assets,consolidated,{},0.3186439349240601907056770217,,ratio,https://www.aramco.com/-/media/publications/corporate-reports/reports-and-presentations/2025/fy/saudi-aramco-ara-2025-english.pdf,,,,,total_liabilities / total_assets
Saudi Arabian Oil Company (Aramco),SA,2222,2024,,2024-12-31,instant,ratio,الالتزامات إلى حقوق الملكية,consolidated,{},0.4676614053307738190758498324,,ratio,https://www.aramco.com/-/media/publications/corporate-reports/reports-and-presentations/2025/fy/saudi-aramco-ara-2025-english.pdf,,,,,total_liabilities / total_equity
Saudi Arabian Oil Company (Aramco),SA,2222,2024,,2024-12-31,instant,financial,long_term_debt,consolidated,{},261733000000,SAR,SAR,https://www.aramco.com/-/media/publications/corporate-reports/reports-and-presentations/2025/fy/saudi-aramco-ara-2025-english.pdf,180,2025 annual report comparative,,,
Saudi Arabian Oil Company (Aramco),SA,2222,2024,,2024-12-31,instant,ratio,long_term_debt_to_capital,consolidated,{},0.1328159054522757777275968021,,ratio,https://www.aramco.com/-/media/publications/corporate-reports/reports-and-presentations/2025/fy/saudi-aramco-ara-2025-english.pdf,,,,,long_term_debt / (total_debt + total_equity)
Saudi Arabian Oil Company (Aramco),SA,2222,2024,,2024-12-31,fy,financial,low_value_lease_expense,consolidated,{},236000000,SAR,SAR,https://www.aramco.com/-/media/publications/corporate-reports/reports-and-presentations/2025/fy/saudi-aramco-fy-2025-full-financials-english.pdf,60,Note 15 - low-value lease expense comparative,,,
Saudi Arabian Oil Company (Aramco),SA,2222,2024,,2024-12-31,instant,operational,الطاقة الإنتاجية القصوى المستدامة,consolidated,{},12.0,,mmbpd,https://www.aramco.com/-/media/publications/corporate-reports/annual-reports/saudi-aramco-ara-2024-english.pdf,29,operational highlights,,,
Saudi Arabian Oil Company (Aramco),SA,2222,2024,,2024-12-31,fy,operational,methane_intensity,consolidated,{},0.04,,percent,https://www.aramco.com/-/media/publications/corporate-reports/reports-and-presentations/2025/fy/saudi-aramco-ara-2025-english.pdf,87,2025 sustainability comparative,,,
Saudi Arabian Oil Company (Aramco),SA,2222,2024,,2024-12-31,fy,financial,minority_interest_income,consolidated,{},4531000000,SAR,SAR,https://www.aramco.com/-/media/publications/corporate-reports/reports-and-presentations/2025/fy/saudi-aramco-fy-2025-full-financials-english.pdf,12,consolidated statement of income comparative,,,
Saudi Arabian Oil Company (Aramco),SA,2222,2024,,2024-12-31,fy,operational,natural_gas_revenue,consolidated,{},53577000000,SAR,SAR,https://www.aramco.com/-/media/publications/corporate-reports/reports-and-presentations/2025/fy/saudi-aramco-fy-2025-full-financials-english.pdf,65,natural gas and NGL revenue comparative,,,
Saudi Arabian Oil Company (Aramco),SA,2222,2024,,2024-12-31,instant,operational,صافي الطاقة الإنتاجية للكيماويات,consolidated,{},57.6,,million_tonnes_per_year,https://www.aramco.com/-/media/publications/corporate-reports/reports-and-presentations/2025/fy/saudi-aramco-ara-2025-english.pdf,50,2025 annual report comparative,,,
Saudi Arabian Oil Company (Aramco),SA,2222,2024,,2024-12-31,instant,calculated,net_current_asset_value,consolidated,{},-206879000000,SAR,SAR,https://www.aramco.com/-/media/publications/corporate-reports/reports-and-presentations/2025/fy/saudi-aramco-ara-2025-english.pdf,,,,,current_assets - total_liabilities
Saudi Arabian Oil Company (Aramco),SA,2222,2024,,2024-12-31,instant,financial,net_debt,consolidated,{},78078000000,SAR,SAR,https://www.aramco.com/-/media/publications/corporate-reports/reports-and-presentations/2025/fy/saudi-aramco-ara-2025-english.pdf,32,2025 annual report comparative,,,
Saudi Arabian Oil Company (Aramco),SA,2222,2024,,2024-12-31,instant,ratio,net_debt_to_equity,consolidated,{},0.06215986265824126247838895937,,ratio,https://www.aramco.com/-/media/publications/corporate-reports/reports-and-presentations/2025/fy/saudi-aramco-ara-2025-english.pdf,,,,,(current_debt + long_term_debt - cash) / total_equity
Saudi Arabian Oil Company (Aramco),SA,2222,2024,,2024-12-31,fy,financial,صافي الربح,consolidated,{},398422000000,SAR,SAR,https://www.aramco.com/-/media/publications/corporate-reports/reports-and-presentations/2025/fy/saudi-aramco-ara-2025-english.pdf,177,2025 annual report comparative,,,
Saudi Arabian Oil Company (Aramco),SA,2222,2024,,2024-12-31,fy,calculated,net_income_cagr_3y,consolidated,{},-0.0114250024908347654889851203,,ratio,https://www.aramco.com/-/media/publications/corporate-reports/reports-and-presentations/2025/fy/saudi-aramco-ara-2025-english.pdf,,,,,(net_income / prior_3y(net_income)) ^ (1/3) - 1
Saudi Arabian Oil Company (Aramco),SA,2222,2024,,2024-12-31,fy,calculated,net_income_cagr_5y,consolidated,{},0.037967276280413735136066753,,ratio,https://www.aramco.com/-/media/publications/corporate-reports/reports-and-presentations/2025/fy/saudi-aramco-ara-2025-english.pdf,,,,,(net_income / prior_5y(net_income)) ^ (1/5) - 1
Saudi Arabian Oil Company (Aramco),SA,2222,2024,,2024-12-31,fy,calculated,net_income_growth,consolidated,{},-0.1238928323262175545997484409,,ratio,https://www.aramco.com/-/media/publications/corporate-reports/reports-and-presentations/2025/fy/saudi-aramco-ara-2025-english.pdf,,,,,net_income / prior_fy(net_income) - 1
Saudi Arabian Oil Company (Aramco),SA,2222,2024,,2024-12-31,fy,financial,صافي الربح العائد لمساهمي الشركة,consolidated,{},393891000000,SAR,SAR,https://www.aramco.com/-/media/publications/corporate-reports/annual-reports/saudi-aramco-ara-2024-english.pdf,222,earnings per share,,,
Saudi Arabian Oil Company (Aramco),SA,2222,2024,,2024-12-31,fy,financial,net_interest_employee_benefits,consolidated,"{""plan_type"":""Pension benefits""}",-344000000,SAR,SAR,https://www.aramco.com/-/media/publications/corporate-reports/reports-and-presentations/2025/fy/saudi-aramco-fy-2025-full-financials-english.pdf,63,Note 21 - net defined benefit cost comparative,,,
Saudi Arabian Oil Company (Aramco),SA,2222,2024,,2024-12-31,fy,financial,net_interest_employee_benefits,consolidated,"{""plan_type"":""Other benefits""}",510000000,SAR,SAR,https://www.aramco.com/-/media/publications/corporate-reports/reports-and-presentations/2025/fy/saudi-aramco-fy-2025-full-financials-english.pdf,63,Note 21 - net defined benefit cost comparative,,,
Saudi Arabian Oil Company (Aramco),SA,2222,2024,,2024-12-31,fy,ratio,هامش صافي الربح,consolidated,{},0.2433410146833290681787504909,,ratio,https://www.aramco.com/-/media/publications/corporate-reports/reports-and-presentations/2025/fy/saudi-aramco-ara-2025-english.pdf,,,,,net_income / revenue
Saudi Arabian Oil Company (Aramco),SA,2222,2024,,2024-12-31,instant,operational,صافي طاقة التكرير,consolidated,{},4.1,,mmbpd,https://www.aramco.com/-/media/publications/corporate-reports/reports-and-presentations/2025/fy/saudi-aramco-ara-2025-english.pdf,50,2025 annual report comparative,,,
Saudi Arabian Oil Company (Aramco),SA,2222,2024,,2024-12-31,fy,financial,التدفق النقدي التشغيلي,consolidated,{},508888000000,SAR,SAR,https://www.aramco.com/-/media/publications/corporate-reports/reports-and-presentations/2025/fy/saudi-aramco-ara-2025-english.pdf,181,2025 annual report comparative,,,
Saudi Arabian Oil Company (Aramco),SA,2222,2024,,2024-12-31,fy,calculated,operating_cash_flow_growth,consolidated,{},-0.0537843938610746466250413712,,ratio,https://www.aramco.com/-/media/publications/corporate-reports/reports-and-presentations/2025/fy/saudi-aramco-ara-2025-english.pdf,,,,,operating_cash_flow / prior_fy(operating_cash_flow) - 1
Saudi Arabian Oil Company (Aramco),SA,2222,2024,,2024-12-31,fy,financial,operating_cash_flow_per_share,consolidated,{},2.103764458812537723134926869,SAR,SAR/share,https://www.aramco.com/-/media/publications/corporate-reports/reports-and-presentations/2025/fy/saudi-aramco-ara-2025-english.pdf,,,,,operating_cash_flow / weighted_average_shares
Saudi Arabian Oil Company (Aramco),SA,2222,2024,,2024-12-31,fy,financial,التكاليف التشغيلية,consolidated,{},-1027049000000,SAR,SAR,https://www.aramco.com/-/media/publications/corporate-reports/annual-reports/saudi-aramco-ara-2024-english.pdf,36,summarized consolidated statement of income,,,
Saudi Arabian Oil Company (Aramco),SA,2222,2024,,2024-12-31,fy,financial,الدخل التشغيلي,consolidated,{},774625000000,SAR,SAR,https://www.aramco.com/-/media/publications/corporate-reports/reports-and-presentations/2025/fy/saudi-aramco-ara-2025-english.pdf,177,2025 annual report comparative,,,
Saudi Arabian Oil Company (Aramco),SA,2222,2024,,2024-12-31,fy,calculated,operating_income_growth,consolidated,{},-0.1078698633055660167663456898,,ratio,https://www.aramco.com/-/media/publications/corporate-reports/reports-and-presentations/2025/fy/saudi-aramco-ara-2025-english.pdf,,,,,operating_income / prior_fy(operating_income) - 1
Saudi Arabian Oil Company (Aramco),SA,2222,2024,,2024-12-31,fy,ratio,operating_margin,consolidated,{},0.4731115086493059606095160383,,ratio,https://www.aramco.com/-/media/publications/corporate-reports/reports-and-presentations/2025/fy/saudi-aramco-ara-2025-english.pdf,,,,,operating_income / revenue
Saudi Arabian Oil Company (Aramco),SA,2222,2024,,2024-12-31,instant,financial,other_current_liabilities,consolidated,"{""reported_label"":""Other""}",8809000000,SAR,SAR,https://www.aramco.com/-/media/publications/corporate-reports/reports-and-presentations/2025/fy/saudi-aramco-fy-2025-full-financials-english.pdf,66,Note 23 - trade payables and other liabilities comparative,,,
Saudi Arabian Oil Company (Aramco),SA,2222,2024,,2024-12-31,fy,financial,دخل آخر مرتبط بالمبيعات,consolidated,{},164375000000,SAR,SAR,https://www.aramco.com/-/media/publications/corporate-reports/annual-reports/saudi-aramco-ara-2024-english.pdf,176,consolidated statement of income,,,
Saudi Arabian Oil Company (Aramco),SA,2222,2024,,2024-12-31,instant,financial,other_noncurrent_liabilities,consolidated,{},3501000000,SAR,SAR,https://www.aramco.com/-/media/publications/corporate-reports/reports-and-presentations/2025/fy/saudi-aramco-fy-2025-full-financials-english.pdf,65,Note 22 - provisions and other liabilities comparative,,,
Saudi Arabian Oil Company (Aramco),SA,2222,2024,,2024-12-31,fy,financial,other_operating_changes,consolidated,"{""reported_label"":""Other""}",-802000000,SAR,SAR,https://www.aramco.com/-/media/publications/corporate-reports/reports-and-presentations/2025/fy/saudi-aramco-fy-2025-full-financials-english.pdf,18,Consolidated statement of cash flows - operating reconciliation comparative,,,
Saudi Arabian Oil Company (Aramco),SA,2222,2024,,2024-12-31,instant,financial,other_reserve_components,consolidated,"{""component"":""Currency translation differences""}",-7542000000,SAR,SAR,https://www.aramco.com/-/media/publications/corporate-reports/reports-and-presentations/2025/fy/saudi-aramco-ara-2025-english.pdf,214,Note 18 - other reserves comparative,,,
Saudi Arabian Oil Company (Aramco),SA,2222,2024,,2024-12-31,instant,financial,other_reserve_components,consolidated,"{""component"":""Investments in securities at FVOCI""}",3121000000,SAR,SAR,https://www.aramco.com/-/media/publications/corporate-reports/reports-and-presentations/2025/fy/saudi-aramco-ara-2025-english.pdf,214,Note 18 - other reserves comparative,,,
Saudi Arabian Oil Company (Aramco),SA,2222,2024,,2024-12-31,instant,financial,other_reserve_components,consolidated,"{""component"":""Post-employment benefits""}",0,SAR,SAR,https://www.aramco.com/-/media/publications/corporate-reports/reports-and-presentations/2025/fy/saudi-aramco-ara-2025-english.pdf,214,Note 18 - other reserves comparative,,,
Saudi Arabian Oil Company (Aramco),SA,2222,2024,,2024-12-31,instant,financial,other_reserve_components,consolidated,"{""component"":""Share-based compensation reserve and other""}",657000000,SAR,SAR,https://www.aramco.com/-/media/publications/corporate-reports/reports-and-presentations/2025/fy/saudi-aramco-ara-2025-english.pdf,214,Note 18 - other reserves comparative,,,
Saudi Arabian Oil Company (Aramco),SA,2222,2024,,2024-12-31,instant,financial,other_reserve_components,consolidated,"{""component"":""Cash flow hedges and other""}",-644000000,SAR,SAR,https://www.aramco.com/-/media/publications/corporate-reports/reports-and-presentations/2025/fy/saudi-aramco-ara-2025-english.pdf,214,Note 18 - other reserves comparative,,,
Saudi Arabian Oil Company (Aramco),SA,2222,2024,,2024-12-31,instant,financial,other_reserve_components,consolidated,"{""component"":""Share of OCI of joint ventures and associates - foreign currency translation""}",1024000000,SAR,SAR,https://www.aramco.com/-/media/publications/corporate-reports/reports-and-presentations/2025/fy/saudi-aramco-ara-2025-english.pdf,214,Note 18 - other reserves comparative,,,
Saudi Arabian Oil Company (Aramco),SA,2222,2024,,2024-12-31,instant,financial,other_reserve_components,consolidated,"{""component"":""Share of OCI of joint ventures and associates - cash flow hedges and other""}",133000000,SAR,SAR,https://www.aramco.com/-/media/publications/corporate-reports/reports-and-presentations/2025/fy/saudi-aramco-ara-2025-english.pdf,214,Note 18 - other reserves comparative,,,
Saudi Arabian Oil Company (Aramco),SA,2222,2024,,2024-12-31,fy,calculated,payout_ratio,consolidated,{},1.169408315805854094402417537,,ratio,https://www.aramco.com/-/media/publications/corporate-reports/annual-reports/saudi-aramco-ara-2024-english.pdf,,,,,abs(dividends_paid) / net_income
Saudi Arabian Oil Company (Aramco),SA,2222,2024,,2024-12-31,fy,financial,التوزيعات المرتبطة بالأداء,consolidated,{},161593000000,SAR,SAR,https://www.aramco.com/-/media/publications/corporate-reports/annual-reports/saudi-aramco-ara-2024-english.pdf,222,dividends,,,
Saudi Arabian Oil Company (Aramco),SA,2222,2024,,2024-12-31,fy,financial,ppe_disposals_by_class,consolidated,"{""asset_class"":""Land and land improvements""}",-235000000,SAR,SAR,https://www.aramco.com/-/media/publications/corporate-reports/reports-and-presentations/2025/fy/saudi-aramco-fy-2025-full-financials-english.pdf,38,Note 5 - PPE cost retirements and sales comparative,,,
Saudi Arabian Oil Company (Aramco),SA,2222,2024,,2024-12-31,fy,financial,ppe_disposals_by_class,consolidated,"{""asset_class"":""Buildings""}",-325000000,SAR,SAR,https://www.aramco.com/-/media/publications/corporate-reports/reports-and-presentations/2025/fy/saudi-aramco-fy-2025-full-financials-english.pdf,38,Note 5 - PPE cost retirements and sales comparative,,,
Saudi Arabian Oil Company (Aramco),SA,2222,2024,,2024-12-31,fy,financial,ppe_disposals_by_class,consolidated,"{""asset_class"":""Oil and gas properties""}",-178000000,SAR,SAR,https://www.aramco.com/-/media/publications/corporate-reports/reports-and-presentations/2025/fy/saudi-aramco-fy-2025-full-financials-english.pdf,38,Note 5 - PPE cost retirements and sales comparative,,,
Saudi Arabian Oil Company (Aramco),SA,2222,2024,,2024-12-31,fy,financial,ppe_disposals_by_class,consolidated,"{""asset_class"":""Plant machinery and equipment""}",-6827000000,SAR,SAR,https://www.aramco.com/-/media/publications/corporate-reports/reports-and-presentations/2025/fy/saudi-aramco-fy-2025-full-financials-english.pdf,38,Note 5 - PPE cost retirements and sales comparative,,,
Saudi Arabian Oil Company (Aramco),SA,2222,2024,,2024-12-31,fy,financial,ppe_disposals_by_class,consolidated,"{""asset_class"":""Depots storage tanks and pipelines""}",-381000000,SAR,SAR,https://www.aramco.com/-/media/publications/corporate-reports/reports-and-presentations/2025/fy/saudi-aramco-fy-2025-full-financials-english.pdf,38,Note 5 - PPE cost retirements and sales comparative,,,
Saudi Arabian Oil Company (Aramco),SA,2222,2024,,2024-12-31,fy,financial,ppe_disposals_by_class,consolidated,"{""asset_class"":""Fixtures IT and office equipment""}",-495000000,SAR,SAR,https://www.aramco.com/-/media/publications/corporate-reports/reports-and-presentations/2025/fy/saudi-aramco-fy-2025-full-financials-english.pdf,38,Note 5 - PPE cost retirements and sales comparative,,,
Saudi Arabian Oil Company (Aramco),SA,2222,2024,,2024-12-31,fy,financial,ppe_disposals_by_class,consolidated,"{""asset_class"":""Construction in progress""}",-47000000,SAR,SAR,https://www.aramco.com/-/media/publications/corporate-reports/reports-and-presentations/2025/fy/saudi-aramco-fy-2025-full-financials-english.pdf,38,Note 5 - PPE cost retirements and sales comparative,,,
Saudi Arabian Oil Company (Aramco),SA,2222,2024,,2024-12-31,instant,ratio,ppe_to_assets,consolidated,{},0.6165619339585662828071941674,,ratio,https://www.aramco.com/-/media/publications/corporate-reports/reports-and-presentations/2025/fy/saudi-aramco-ara-2025-english.pdf,,,,,property_plant_equipment / total_assets
Saudi Arabian Oil Company (Aramco),SA,2222,2024,,2024-12-31,fy,ratio,pretax_margin,consolidated,{},0.4776219859659109301355464091,,ratio,https://www.aramco.com/-/media/publications/corporate-reports/annual-reports/saudi-aramco-ara-2024-english.pdf,,,,,income_before_income_taxes_and_zakat / revenue
Saudi Arabian Oil Company (Aramco),SA,2222,2024,,2024-12-31,instant,financial,property_plant_equipment,consolidated,{},1494318000000,SAR,SAR,https://www.aramco.com/-/media/publications/corporate-reports/reports-and-presentations/2025/fy/saudi-aramco-ara-2025-english.pdf,179,2025 annual report comparative,,,
Saudi Arabian Oil Company (Aramco),SA,2222,2024,,2024-12-31,instant,ratio,receivables_to_revenue,consolidated,{},0.1025371663941650242258744432,,ratio,https://www.aramco.com/-/media/publications/corporate-reports/reports-and-presentations/2025/fy/saudi-aramco-ara-2025-english.pdf,,,,,accounts_receivable / revenue
Saudi Arabian Oil Company (Aramco),SA,2222,2024,,2024-12-31,fy,operational,reserve_life_index,consolidated,{},55.22305142701887192559466943,,years,https://www.aramco.com/-/media/publications/corporate-reports/reports-and-presentations/2025/fy/saudi-aramco-ara-2025-english.pdf,,,,,total_hydrocarbon_reserves * 1000 / (total_hydrocarbon_production * 365)
Saudi Arabian Oil Company (Aramco),SA,2222,2024,,2024-12-31,fy,ratio,return_on_assets,consolidated,{},0.1625691360115228386006932473,,ratio,https://www.aramco.com/-/media/publications/corporate-reports/reports-and-presentations/2025/fy/saudi-aramco-ara-2025-english.pdf,,,,,net_income / average(total_assets)
Saudi Arabian Oil Company (Aramco),SA,2222,2024,,2024-12-31,fy,ratio,return_on_equity,consolidated,{},0.2351649590505621011631582256,,ratio,https://www.aramco.com/-/media/publications/corporate-reports/reports-and-presentations/2025/fy/saudi-aramco-ara-2025-english.pdf,,,,,net_income / average(total_equity)
Saudi Arabian Oil Company (Aramco),SA,2222,2024,,2024-12-31,fy,calculated,return_on_tangible_equity,consolidated,{},0.2351649590505621011631582256,,ratio,https://www.aramco.com/-/media/publications/corporate-reports/reports-and-presentations/2025/fy/saudi-aramco-ara-2025-english.pdf,,,,,net_income / average(total_equity - intangible_assets)
Saudi Arabian Oil Company (Aramco),SA,2222,2024,,2024-12-31,fy,financial,الإيرادات,consolidated,{},1637299000000,SAR,SAR,https://www.aramco.com/-/media/publications/corporate-reports/reports-and-presentations/2025/fy/saudi-aramco-ara-2025-english.pdf,177,2025 annual report comparative,,,
Saudi Arabian Oil Company (Aramco),SA,2222,2024,,2024-12-31,fy,financial,الإيرادات والدخل الآخر المرتبط بالمبيعات,consolidated,{},1801674000000,SAR,SAR,https://www.aramco.com/-/media/publications/corporate-reports/annual-reports/saudi-aramco-ara-2024-english.pdf,36,summarized consolidated statement of income,,,
Saudi Arabian Oil Company (Aramco),SA,2222,2024,,2024-12-31,fy,financial,revenue_by_geography,consolidated,"{""basis"":""location of selling entity"",""geography"":""In-Kingdom""}",954139000000,SAR,SAR,https://www.aramco.com/-/media/publications/corporate-reports/reports-and-presentations/2025/fy/saudi-aramco-fy-2025-full-financials-english.pdf,37,Note 4 - external revenue by geographical area comparative,,,
Saudi Arabian Oil Company (Aramco),SA,2222,2024,,2024-12-31,fy,financial,revenue_by_geography,consolidated,"{""basis"":""location of selling entity"",""geography"":""Out-of-Kingdom""}",683160000000,SAR,SAR,https://www.aramco.com/-/media/publications/corporate-reports/reports-and-presentations/2025/fy/saudi-aramco-fy-2025-full-financials-english.pdf,37,Note 4 - external revenue by geographical area comparative,,,
Saudi Arabian Oil Company (Aramco),SA,2222,2024,,2024-12-31,fy,calculated,revenue_cagr_3y,consolidated,{},0.067237287061538216197135807,,ratio,https://www.aramco.com/-/media/publications/corporate-reports/reports-and-presentations/2025/fy/saudi-aramco-ara-2025-english.pdf,,,,,(revenue / prior_3y(revenue)) ^ (1/3) - 1
Saudi Arabian Oil Company (Aramco),SA,2222,2024,,2024-12-31,fy,calculated,revenue_cagr_5y,consolidated,{},0.081679132842975799884809187,,ratio,https://www.aramco.com/-/media/publications/corporate-reports/reports-and-presentations/2025/fy/saudi-aramco-ara-2025-english.pdf,,,,,(revenue / prior_5y(revenue)) ^ (1/5) - 1
Saudi Arabian Oil Company (Aramco),SA,2222,2024,,2024-12-31,fy,calculated,revenue_growth,consolidated,{},-0.0096668382446783093739055853,,ratio,https://www.aramco.com/-/media/publications/corporate-reports/reports-and-presentations/2025/fy/saudi-aramco-ara-2025-english.pdf,,,,,revenue / prior_fy(revenue) - 1
Saudi Arabian Oil Company (Aramco),SA,2222,2024,,2024-12-31,fy,financial,revenue_per_share,consolidated,{},6.768663133438613607613252086,SAR,SAR/share,https://www.aramco.com/-/media/publications/corporate-reports/reports-and-presentations/2025/fy/saudi-aramco-ara-2025-english.pdf,,,,,revenue / weighted_average_shares
Saudi Arabian Oil Company (Aramco),SA,2222,2024,,2024-12-31,instant,financial,right_of_use_assets,consolidated,{},68835000000,SAR,SAR,https://www.aramco.com/-/media/publications/corporate-reports/reports-and-presentations/2025/fy/saudi-aramco-fy-2025-full-financials-english.pdf,36,right-of-use assets comparative,,,
Saudi Arabian Oil Company (Aramco),SA,2222,2024,,2024-12-31,fy,ratio,العائد على متوسط رأس المال المستخدم,consolidated,{},21.1,,percent,https://www.aramco.com/-/media/publications/corporate-reports/reports-and-presentations/2025/fy/saudi-aramco-ara-2025-english.pdf,39,ROACE comparative amended definition,,,
Saudi Arabian Oil Company (Aramco),SA,2222,2024,,2024-12-31,fy,operational,scope_1_emissions,consolidated,{},56.1,,million_tonnes_co2e,https://www.aramco.com/-/media/publications/corporate-reports/reports-and-presentations/2025/fy/saudi-aramco-ara-2025-english.pdf,87,2025 sustainability comparative,,,
Saudi Arabian Oil Company (Aramco),SA,2222,2024,,2024-12-31,fy,operational,scope_2_emissions,consolidated,{},12.4,,million_tonnes_co2e,https://www.aramco.com/-/media/publications/corporate-reports/reports-and-presentations/2025/fy/saudi-aramco-ara-2025-english.pdf,87,2025 sustainability comparative,,,
Saudi Arabian Oil Company (Aramco),SA,2222,2024,,2024-12-31,instant,financial,secured_borrowings,consolidated,"{""financing_type"":""Lease liabilities"",""security_basis"":""Right-of-use assets""}",62483000000,SAR,SAR,https://www.aramco.com/-/media/publications/corporate-reports/reports-and-presentations/2025/fy/saudi-aramco-fy-2025-full-financials-english.pdf,60,Note 15 - lease liabilities carrying amount comparative,,,
Saudi Arabian Oil Company (Aramco),SA,2222,2024,,2024-12-31,fy,financial,service_cost_employee_benefits,consolidated,"{""cost_type"":""Current service cost"",""plan_type"":""Pension benefits""}",3641000000,SAR,SAR,https://www.aramco.com/-/media/publications/corporate-reports/reports-and-presentations/2025/fy/saudi-aramco-fy-2025-full-financials-english.pdf,63,Note 21 - net defined benefit cost comparative,,,
Saudi Arabian Oil Company (Aramco),SA,2222,2024,,2024-12-31,fy,financial,service_cost_employee_benefits,consolidated,"{""cost_type"":""Current service cost"",""plan_type"":""Other benefits""}",2944000000,SAR,SAR,https://www.aramco.com/-/media/publications/corporate-reports/reports-and-presentations/2025/fy/saudi-aramco-fy-2025-full-financials-english.pdf,63,Note 21 - net defined benefit cost comparative,,,
Saudi Arabian Oil Company (Aramco),SA,2222,2024,,2024-12-31,fy,financial,share_based_compensation,consolidated,{},593000000,SAR,SAR,https://www.aramco.com/-/media/publications/corporate-reports/reports-and-presentations/2025/fy/saudi-aramco-fy-2025-full-financials-english.pdf,66,employee benefits expense comparative,,,
Saudi Arabian Oil Company (Aramco),SA,2222,2024,,2024-12-31,fy,calculated,share_based_compensation_to_revenue,consolidated,{},0.0003621818617124911210475301090,,ratio,https://www.aramco.com/-/media/publications/corporate-reports/reports-and-presentations/2025/fy/saudi-aramco-fy-2025-full-financials-english.pdf,,,,,share_based_compensation / revenue
Saudi Arabian Oil Company (Aramco),SA,2222,2024,,2024-12-31,fy,financial,shares_issued,consolidated,{},788000000,SAR,SAR,https://www.aramco.com/-/media/publications/corporate-reports/reports-and-presentations/2025/fy/saudi-aramco-fy-2025-full-financials-english.pdf,16,proceeds from issuance of treasury shares comparative,,,
Saudi Arabian Oil Company (Aramco),SA,2222,2024,,2024-12-31,fy,financial,shares_repurchased,consolidated,{},-3750000000,SAR,SAR,https://www.aramco.com/-/media/publications/corporate-reports/reports-and-presentations/2025/fy/saudi-aramco-fy-2025-full-financials-english.pdf,16,acquisition of treasury shares comparative,,,
Saudi Arabian Oil Company (Aramco),SA,2222,2024,,2024-12-31,fy,financial,short_term_lease_expense,consolidated,{},2629000000,SAR,SAR,https://www.aramco.com/-/media/publications/corporate-reports/reports-and-presentations/2025/fy/saudi-aramco-fy-2025-full-financials-english.pdf,60,Note 15 - short-term lease expense comparative,,,
Saudi Arabian Oil Company (Aramco),SA,2222,2024,,2024-12-31,fy,operational,موثوقية الإمداد,consolidated,{},99.7,,percent,https://www.aramco.com/-/media/publications/corporate-reports/reports-and-presentations/2025/fy/saudi-aramco-ara-2025-english.pdf,29,2025 annual report comparative,,,
Saudi Arabian Oil Company (Aramco),SA,2222,2024,,2024-12-31,instant,financial,tangible_book_value,consolidated,{},1651355000000,SAR,SAR,https://www.aramco.com/-/media/publications/corporate-reports/reports-and-presentations/2025/fy/saudi-aramco-ara-2025-english.pdf,,,,,total_equity - intangible_assets
Saudi Arabian Oil Company (Aramco),SA,2222,2024,,2024-12-31,fy,financial,tax_reconciliation_by_component,consolidated,"{""reconciliation_component"":""Income taxes at statutory rates""}",378075000000,SAR,SAR,https://www.aramco.com/-/media/publications/corporate-reports/reports-and-presentations/2025/fy/saudi-aramco-fy-2025-full-financials-english.pdf,45,Note 8 - income tax expense reconciliation comparative,,,
Saudi Arabian Oil Company (Aramco),SA,2222,2024,,2024-12-31,fy,financial,tax_reconciliation_by_component,consolidated,"{""reconciliation_component"":""Tax effect of loss not subject at statutory rates and other""}",5232000000,SAR,SAR,https://www.aramco.com/-/media/publications/corporate-reports/reports-and-presentations/2025/fy/saudi-aramco-fy-2025-full-financials-english.pdf,45,Note 8 - income tax expense reconciliation comparative,,,
Saudi Arabian Oil Company (Aramco),SA,2222,2024,,2024-12-31,instant,financial,إجمالي الأصول,consolidated,{},2423630000000,SAR,SAR,https://www.aramco.com/-/media/publications/corporate-reports/reports-and-presentations/2025/fy/saudi-aramco-ara-2025-english.pdf,179,2025 annual report comparative,,,
Saudi Arabian Oil Company (Aramco),SA,2222,2024,,2024-12-31,instant,ratio,total_debt_to_capital,consolidated,{},0.1620230939616217025390164134,,ratio,https://www.aramco.com/-/media/publications/corporate-reports/reports-and-presentations/2025/fy/saudi-aramco-ara-2025-english.pdf,,,,,total_debt / (total_debt + total_equity)
Saudi Arabian Oil Company (Aramco),SA,2222,2024,,2024-12-31,instant,financial,حقوق الملكية,consolidated,{},1651355000000,SAR,SAR,https://www.aramco.com/-/media/publications/corporate-reports/reports-and-presentations/2025/fy/saudi-aramco-ara-2025-english.pdf,180,2025 annual report comparative,,,
Saudi Arabian Oil Company (Aramco),SA,2222,2024,,2024-12-31,fy,operational,إجمالي إنتاج الغاز,consolidated,{},10.833,,bscfd,https://www.aramco.com/-/media/publications/corporate-reports/reports-and-presentations/2025/fy/saudi-aramco-ara-2025-english.pdf,44,2025 annual report comparative,,,
Saudi Arabian Oil Company (Aramco),SA,2222,2024,,2024-12-31,fy,operational,إجمالي إنتاج الهيدروكربونات,consolidated,{},12.403,,mmboed,https://www.aramco.com/-/media/publications/corporate-reports/reports-and-presentations/2025/fy/saudi-aramco-ara-2025-english.pdf,44,2025 annual report comparative,,,
Saudi Arabian Oil Company (Aramco),SA,2222,2024,,2024-12-31,instant,operational,إجمالي احتياطيات الهيدروكربونات,consolidated,{},250.0,,billion_boe,https://www.aramco.com/-/media/publications/corporate-reports/annual-reports/saudi-aramco-ara-2024-english.pdf,15,business model,,,
Saudi Arabian Oil Company (Aramco),SA,2222,2024,,2024-12-31,instant,financial,إجمالي الالتزامات,consolidated,{},772275000000,SAR,SAR,https://www.aramco.com/-/media/publications/corporate-reports/reports-and-presentations/2025/fy/saudi-aramco-ara-2025-english.pdf,180,2025 annual report comparative,,,
Saudi Arabian Oil Company (Aramco),SA,2222,2024,,2024-12-31,fy,operational,إجمالي إنتاج السوائل,consolidated,{},10.292,,mmbpd,https://www.aramco.com/-/media/publications/corporate-reports/reports-and-presentations/2025/fy/saudi-aramco-ara-2025-english.pdf,44,2025 annual report comparative,,,
Saudi Arabian Oil Company (Aramco),SA,2222,2024,,2024-12-31,instant,financial,undrawn_credit_facilities,consolidated,"{""basis"":""reported facility line"",""facility_type"":""Other long-term bank facilities""}",5471000000,SAR,SAR,https://www.aramco.com/-/media/publications/corporate-reports/reports-and-presentations/2025/fy/saudi-aramco-fy-2025-full-financials-english.pdf,58,Note 15 - undrawn bank facilities comparative,,,
Saudi Arabian Oil Company (Aramco),SA,2222,2024,,2024-12-31,instant,financial,undrawn_credit_facilities,consolidated,"{""basis"":""reported facility line"",""facility_type"":""Short-term bank facilities""}",16241000000,SAR,SAR,https://www.aramco.com/-/media/publications/corporate-reports/reports-and-presentations/2025/fy/saudi-aramco-fy-2025-full-financials-english.pdf,58,Note 15 - available for drawdown comparative,,,
Saudi Arabian Oil Company (Aramco),SA,2222,2024,,2024-12-31,instant,financial,undrawn_credit_facilities,consolidated,"{""basis"":""reported facility line"",""facility_type"":""Common revolving credit facilities""}",37500000000,SAR,SAR,https://www.aramco.com/-/media/publications/corporate-reports/reports-and-presentations/2025/fy/saudi-aramco-fy-2025-full-financials-english.pdf,58,Note 15 - undrawn revolving credit facilities comparative,,,
Saudi Arabian Oil Company (Aramco),SA,2222,2024,,2024-12-31,instant,financial,undrawn_credit_facilities,consolidated,"{""basis"":""reported facility line"",""facility_type"":""Other revolving credit facilities""}",6176000000,SAR,SAR,https://www.aramco.com/-/media/publications/corporate-reports/reports-and-presentations/2025/fy/saudi-aramco-fy-2025-full-financials-english.pdf,58,Note 15 - undrawn revolving credit facilities comparative,,,
Saudi Arabian Oil Company (Aramco),SA,2222,2024,,2024-12-31,instant,financial,undrawn_credit_facilities,consolidated,"{""basis"":""reported facility line"",""facility_type"":""Export credit agency facilities""}",6094000000,SAR,SAR,https://www.aramco.com/-/media/publications/corporate-reports/reports-and-presentations/2025/fy/saudi-aramco-fy-2025-full-financials-english.pdf,58,Note 15 - undrawn export credit agency facilities comparative,,,
Saudi Arabian Oil Company (Aramco),SA,2222,2024,,2024-12-31,instant,financial,undrawn_credit_facilities,consolidated,"{""basis"":""reported facility line"",""facility_type"":""Murabaha facilities"",""overlap_note"":""Includes SAR 7.5 billion common revolving subfacility; do not sum facility lines""}",11055000000,SAR,SAR,https://www.aramco.com/-/media/publications/corporate-reports/reports-and-presentations/2025/fy/saudi-aramco-fy-2025-full-financials-english.pdf,59,Note 15 - unused Murabaha facilities comparative,,,
Saudi Arabian Oil Company (Aramco),SA,2222,2024,,2024-12-31,instant,financial,undrawn_credit_facilities,consolidated,"{""basis"":""reported facility line"",""facility_type"":""Saudi Industrial Development Fund""}",3244000000,SAR,SAR,https://www.aramco.com/-/media/publications/corporate-reports/reports-and-presentations/2025/fy/saudi-aramco-fy-2025-full-financials-english.pdf,60,Note 15 - undrawn SIDF facilities comparative,,,
Saudi Arabian Oil Company (Aramco),SA,2222,2024,,2024-12-31,instant,financial,undrawn_credit_facilities,consolidated,"{""basis"":""reported facility line"",""facility_type"":""Ijarah and procurement facilities""}",165000000,SAR,SAR,https://www.aramco.com/-/media/publications/corporate-reports/reports-and-presentations/2025/fy/saudi-aramco-fy-2025-full-financials-english.pdf,60,Note 15 - undrawn Ijarah and procurement facilities comparative,,,
Saudi Arabian Oil Company (Aramco),SA,2222,2024,,2024-12-31,instant,financial,undrawn_credit_facilities,consolidated,"{""basis"":""reported facility line"",""facility_type"":""Wakala facilities""}",1208000000,SAR,SAR,https://www.aramco.com/-/media/publications/corporate-reports/reports-and-presentations/2025/fy/saudi-aramco-fy-2025-full-financials-english.pdf,60,Note 15 - undrawn Wakala facilities comparative,,,
Saudi Arabian Oil Company (Aramco),SA,2222,2024,,2024-12-31,fy,operational,upstream_carbon_intensity,consolidated,{},9.7,,kg_co2e_per_boe,https://www.aramco.com/-/media/publications/corporate-reports/reports-and-presentations/2025/fy/saudi-aramco-ara-2025-english.pdf,87,2025 sustainability comparative,,,
Saudi Arabian Oil Company (Aramco),SA,2222,2024,,2024-12-31,fy,operational,upstream_depreciation_amortization,segment,"{""segment"":""Upstream""}",-48750000000,SAR,SAR,https://www.aramco.com/-/media/publications/corporate-reports/reports-and-presentations/2025/fy/saudi-aramco-ara-2025-english.pdf,196,Note 4 - operating segments comparative,,,
Saudi Arabian Oil Company (Aramco),SA,2222,2024,,2024-12-31,fy,operational,upstream_ebit,segment,"{""segment"":""Upstream""}",801047000000,SAR,SAR,https://www.aramco.com/-/media/publications/corporate-reports/reports-and-presentations/2025/fy/saudi-aramco-ara-2025-english.pdf,196,Note 4 - operating segments comparative,,,
Saudi Arabian Oil Company (Aramco),SA,2222,2024,,2024-12-31,fy,operational,upstream_ebitda,segment,"{""segment"":""Upstream""}",849797000000,SAR,SAR,https://www.aramco.com/-/media/publications/corporate-reports/reports-and-presentations/2025/fy/saudi-aramco-ara-2025-english.pdf,,,,,upstream_ebit + abs(upstream_depreciation_amortization)
Saudi Arabian Oil Company (Aramco),SA,2222,2024,,2024-12-31,fy,operational,water_consumption,consolidated,{},83.0,,million_m3,https://www.aramco.com/-/media/publications/corporate-reports/reports-and-presentations/2025/fy/saudi-aramco-ara-2025-english.pdf,87,2025 sustainability comparative,,,
Saudi Arabian Oil Company (Aramco),SA,2222,2024,,2024-12-31,fy,operational,water_withdrawal,consolidated,{},97.2,,million_m3,https://www.aramco.com/-/media/publications/corporate-reports/reports-and-presentations/2025/fy/saudi-aramco-ara-2025-english.pdf,87,2025 sustainability comparative,,,
Saudi Arabian Oil Company (Aramco),SA,2222,2024,,2024-12-31,fy,financial,weighted_average_shares_basic,consolidated,{},241894000000,,shares,https://www.aramco.com/-/media/publications/corporate-reports/reports-and-presentations/2025/fy/saudi-aramco-fy-2025-full-financials-english.pdf,74,earnings per share comparative,,,
Saudi Arabian Oil Company (Aramco),SA,2222,2024,,2024-12-31,fy,financial,weighted_average_shares_diluted,consolidated,{},241894000000,,shares,https://www.aramco.com/-/media/publications/corporate-reports/reports-and-presentations/2025/fy/saudi-aramco-fy-2025-full-financials-english.pdf,74,earnings per share comparative; dilution not significant,,,
Saudi Arabian Oil Company (Aramco),SA,2222,2024,,2024-12-31,instant,financial,working_capital,consolidated,{},266133000000,SAR,SAR,https://www.aramco.com/-/media/publications/corporate-reports/reports-and-presentations/2025/fy/saudi-aramco-ara-2025-english.pdf,,,,,current_assets - current_liabilities
Saudi Arabian Oil Company (Aramco),SA,2222,2024,,2024-12-31,fy,financial,working_capital_change,consolidated,{},13829000000,SAR,SAR,https://www.aramco.com/-/media/publications/corporate-reports/reports-and-presentations/2025/fy/saudi-aramco-fy-2025-full-financials-english.pdf,16,change in working capital; sum of disclosed comparative components,,,
Saudi Arabian Oil Company (Aramco),SA,2222,2024,,2024-12-31,fy,financial,zakat_expense,consolidated,{},281000000,SAR,SAR,https://www.aramco.com/-/media/publications/corporate-reports/reports-and-presentations/2025/fy/saudi-aramco-fy-2025-full-financials-english.pdf,43,income taxes and zakat reconciliation comparative,,,
Saudi Arabian Oil Company (Aramco),SA,2222,2023,,2023-12-31,fy,calculated,accrual_ratio,consolidated,{},-0.03351574291548625067596471262,,ratio,https://www.aramco.com/-/media/publications/corporate-reports/annual-reports/saudi-aramco-ara-2023-english.pdf,,,,,(net_income - operating_cash_flow) / total_assets
Saudi Arabian Oil Company (Aramco),SA,2222,2023,,2023-12-31,instant,calculated,asset_growth,consolidated,{},-0.0060106124374429384931109011,,ratio,https://www.aramco.com/-/media/publications/corporate-reports/annual-reports/saudi-aramco-ara-2023-english.pdf,,,,,total_assets / prior_fy(total_assets) - 1
Saudi Arabian Oil Company (Aramco),SA,2222,2023,,2023-12-31,fy,ratio,asset_turnover,consolidated,{},0.6651885869337805258804103271,,ratio,https://www.aramco.com/-/media/publications/corporate-reports/annual-reports/saudi-aramco-ara-2023-english.pdf,,,,,revenue / average(total_assets)
Saudi Arabian Oil Company (Aramco),SA,2222,2023,,2023-12-31,fy,operational,متوسط سعر النفط الخام المحقق,consolidated,{},83.6,USD,USD/bbl,https://www.aramco.com/-/media/publications/corporate-reports/annual-reports/saudi-aramco-ara-2023-english.pdf,35,key financial metrics,,,
Saudi Arabian Oil Company (Aramco),SA,2222,2023,,2023-12-31,fy,financial,التوزيعات الأساسية المدفوعة,consolidated,{},292639000000,SAR,SAR,https://www.aramco.com/-/media/publications/corporate-reports/annual-reports/saudi-aramco-ara-2023-english.pdf,222,dividends,,,
Saudi Arabian Oil Company (Aramco),SA,2222,2023,,2023-12-31,fy,financial,النفقات الرأسمالية,consolidated,{},158308000000,SAR,SAR,https://www.aramco.com/-/media/publications/corporate-reports/annual-reports/saudi-aramco-ara-2023-english.pdf,,,,,
Saudi Arabian Oil Company (Aramco),SA,2222,2023,,2023-12-31,fy,ratio,capex_to_cfo,consolidated,{},0.2943545538048470288984667562,,ratio,https://www.aramco.com/-/media/publications/corporate-reports/annual-reports/saudi-aramco-ara-2023-english.pdf,,,,,abs(capex) / operating_cash_flow
Saudi Arabian Oil Company (Aramco),SA,2222,2023,,2023-12-31,fy,ratio,capex_to_revenue,consolidated,{},0.09575383736944899263948475788,,ratio,https://www.aramco.com/-/media/publications/corporate-reports/annual-reports/saudi-aramco-ara-2023-english.pdf,,,,,abs(capex) / revenue
Saudi Arabian Oil Company (Aramco),SA,2222,2023,,2023-12-31,instant,financial,النقد وما في حكمه,consolidated,{},198973000000,SAR,SAR,https://www.aramco.com/-/media/publications/corporate-reports/annual-reports/saudi-aramco-ara-2023-english.pdf,36,summarized consolidated balance sheet,,,
Saudi Arabian Oil Company (Aramco),SA,2222,2023,,2023-12-31,fy,ratio,cash_conversion_of_earnings,consolidated,{},1.182622195248524509415872848,,ratio,https://www.aramco.com/-/media/publications/corporate-reports/annual-reports/saudi-aramco-ara-2023-english.pdf,,,,,operating_cash_flow / net_income
Saudi Arabian Oil Company (Aramco),SA,2222,2023,,2023-12-31,fy,ratio,cash_return_on_assets,consolidated,{},0.2163865275734761602811905536,,ratio,https://www.aramco.com/-/media/publications/corporate-reports/annual-reports/saudi-aramco-ara-2023-english.pdf,,,,,operating_cash_flow / average(total_assets)
Saudi Arabian Oil Company (Aramco),SA,2222,2023,,2023-12-31,fy,ratio,cash_return_on_equity,consolidated,{},0.3160600827623331773055021995,,ratio,https://www.aramco.com/-/media/publications/corporate-reports/annual-reports/saudi-aramco-ara-2023-english.pdf,,,,,operating_cash_flow / average(total_equity)
Saudi Arabian Oil Company (Aramco),SA,2222,2023,,2023-12-31,fy,ratio,cfo_margin,consolidated,{},0.3253010226331760904528631249,,ratio,https://www.aramco.com/-/media/publications/corporate-reports/annual-reports/saudi-aramco-ara-2023-english.pdf,,,,,operating_cash_flow / revenue
Saudi Arabian Oil Company (Aramco),SA,2222,2023,,2023-12-31,fy,financial,dividend_coverage_ratio,consolidated,{},1.240240649732459896256620322,,ratio,https://www.aramco.com/-/media/publications/corporate-reports/annual-reports/saudi-aramco-ara-2023-english.pdf,,,,,net_income / abs(dividends_paid)
Saudi Arabian Oil Company (Aramco),SA,2222,2023,,2023-12-31,fy,calculated,dividend_growth,consolidated,{},0.303414641082333871277344500,,ratio,https://www.aramco.com/-/media/publications/corporate-reports/annual-reports/saudi-aramco-ara-2023-english.pdf,,,,,dividends_paid / prior_fy(dividends_paid) - 1
Saudi Arabian Oil Company (Aramco),SA,2222,2023,,2023-12-31,fy,calculated,dividend_per_share_growth,consolidated,{},0.178920073215375228798047590,,ratio,https://www.aramco.com/-/media/publications/corporate-reports/annual-reports/saudi-aramco-ara-2023-english.pdf,,,,,dividends_per_share / prior_fy(dividends_per_share) - 1
Saudi Arabian Oil Company (Aramco),SA,2222,2023,,2023-12-31,fy,financial,التوزيعات المدفوعة,consolidated,{},366674000000,SAR,SAR,https://www.aramco.com/-/media/publications/corporate-reports/annual-reports/saudi-aramco-ara-2023-english.pdf,222,dividends,,,
Saudi Arabian Oil Company (Aramco),SA,2222,2023,,2023-12-31,fy,financial,التوزيعات لكل سهم,consolidated,{},1.5458,SAR,SAR/share,https://www.aramco.com/-/media/publications/corporate-reports/annual-reports/saudi-aramco-ara-2023-english.pdf,222,dividends,,,
Saudi Arabian Oil Company (Aramco),SA,2222,2023,,2023-12-31,fy,ratio,effective_tax_rate,consolidated,{},0.4879170152702442495892764848,,ratio,https://www.aramco.com/-/media/publications/corporate-reports/annual-reports/saudi-aramco-ara-2023-english.pdf,,,,,abs(income_taxes_and_zakat) / income_before_income_taxes_and_zakat
Saudi Arabian Oil Company (Aramco),SA,2222,2023,,2023-12-31,fy,financial,ربحية السهم الأساسية والمخفضة,consolidated,{},1.87,SAR,SAR/share,https://www.aramco.com/-/media/publications/corporate-reports/annual-reports/saudi-aramco-ara-2023-english.pdf,224,earnings per share,,,
Saudi Arabian Oil Company (Aramco),SA,2222,2023,,2023-12-31,fy,calculated,eps_growth,consolidated,{},-0.2429149797570850202429149798,,ratio,https://www.aramco.com/-/media/publications/corporate-reports/annual-reports/saudi-aramco-ara-2023-english.pdf,,,,,eps_diluted / prior_fy(eps_diluted) - 1
Saudi Arabian Oil Company (Aramco),SA,2222,2023,,2023-12-31,instant,calculated,equity_growth,consolidated,{},0.042580276530222123258031854,,ratio,https://www.aramco.com/-/media/publications/corporate-reports/annual-reports/saudi-aramco-ara-2023-english.pdf,,,,,total_equity / prior_fy(total_equity) - 1
Saudi Arabian Oil Company (Aramco),SA,2222,2023,,2023-12-31,instant,ratio,equity_ratio,consolidated,{},0.7010226236309192312969644140,,ratio,https://www.aramco.com/-/media/publications/corporate-reports/annual-reports/saudi-aramco-ara-2023-english.pdf,,,,,total_equity / total_assets
Saudi Arabian Oil Company (Aramco),SA,2222,2023,,2023-12-31,fy,financial,fcf_dividend_coverage_ratio,consolidated,{},1.034995663723089174580144761,,ratio,https://www.aramco.com/-/media/publications/corporate-reports/annual-reports/saudi-aramco-ara-2023-english.pdf,,,,,free_cash_flow / abs(dividends_paid)
Saudi Arabian Oil Company (Aramco),SA,2222,2023,,2023-12-31,fy,ratio,fcf_margin,consolidated,{},0.2295471852637270978133783670,,ratio,https://www.aramco.com/-/media/publications/corporate-reports/annual-reports/saudi-aramco-ara-2023-english.pdf,,,,,free_cash_flow / revenue
Saudi Arabian Oil Company (Aramco),SA,2222,2023,,2023-12-31,fy,financial,fcf_payout_ratio,consolidated,{},0.9661876228570826284696421137,,ratio,https://www.aramco.com/-/media/publications/corporate-reports/annual-reports/saudi-aramco-ara-2023-english.pdf,,,,,abs(dividends_paid) / free_cash_flow
Saudi Arabian Oil Company (Aramco),SA,2222,2023,,2023-12-31,fy,calculated,التدفق النقدي الحر,consolidated,{},379506000000,SAR,SAR,https://www.aramco.com/-/media/publications/corporate-reports/annual-reports/saudi-aramco-ara-2023-english.pdf,,,,,operating_cash_flow - abs(capex)
Saudi Arabian Oil Company (Aramco),SA,2222,2023,,2023-12-31,fy,calculated,free_cash_flow_growth,consolidated,{},-0.3186496729749672795431164956,,ratio,https://www.aramco.com/-/media/publications/corporate-reports/annual-reports/saudi-aramco-ara-2023-english.pdf,,,,,free_cash_flow / prior_fy(free_cash_flow) - 1
Saudi Arabian Oil Company (Aramco),SA,2222,2023,,2023-12-31,instant,ratio,نسبة المديونية (Gearing),consolidated,{},-6.3,,percent,https://www.aramco.com/-/media/publications/corporate-reports/annual-reports/saudi-aramco-ara-2023-english.pdf,36,summarized consolidated balance sheet,,,
Saudi Arabian Oil Company (Aramco),SA,2222,2023,,2023-12-31,fy,financial,الدخل قبل الضرائب والزكاة,consolidated,{},888067000000,SAR,SAR,https://www.aramco.com/-/media/publications/corporate-reports/annual-reports/saudi-aramco-ara-2023-english.pdf,35,summarized consolidated statement of income,,,
Saudi Arabian Oil Company (Aramco),SA,2222,2023,,2023-12-31,fy,calculated,income_quality,consolidated,{},1.182622195248524509415872848,,ratio,https://www.aramco.com/-/media/publications/corporate-reports/annual-reports/saudi-aramco-ara-2023-english.pdf,,,,,operating_cash_flow / net_income
Saudi Arabian Oil Company (Aramco),SA,2222,2023,,2023-12-31,fy,financial,ضرائب الدخل والزكاة,consolidated,{},-433303000000,SAR,SAR,https://www.aramco.com/-/media/publications/corporate-reports/annual-reports/saudi-aramco-ara-2023-english.pdf,35,summarized consolidated statement of income,,,
Saudi Arabian Oil Company (Aramco),SA,2222,2023,,2023-12-31,instant,ratio,liabilities_to_assets,consolidated,{},0.2989773763690807687030355860,,ratio,https://www.aramco.com/-/media/publications/corporate-reports/annual-reports/saudi-aramco-ara-2023-english.pdf,,,,,total_liabilities / total_assets
Saudi Arabian Oil Company (Aramco),SA,2222,2023,,2023-12-31,instant,ratio,الالتزامات إلى حقوق الملكية,consolidated,{},0.4264874859823198771279817074,,ratio,https://www.aramco.com/-/media/publications/corporate-reports/annual-reports/saudi-aramco-ara-2023-english.pdf,,,,,total_liabilities / total_equity
Saudi Arabian Oil Company (Aramco),SA,2222,2023,,2023-12-31,instant,operational,الطاقة الإنتاجية القصوى المستدامة,consolidated,{},12.0,,mmbpd,https://www.aramco.com/-/media/publications/corporate-reports/annual-reports/saudi-aramco-ara-2023-english.pdf,29,operational highlights,,,
Saudi Arabian Oil Company (Aramco),SA,2222,2023,,2023-12-31,instant,operational,صافي الطاقة الإنتاجية للكيماويات,consolidated,{},59.6,,million_tonnes_per_year,https://www.aramco.com/-/media/publications/corporate-reports/annual-reports/saudi-aramco-ara-2023-english.pdf,49,downstream highlights,,,
Saudi Arabian Oil Company (Aramco),SA,2222,2023,,2023-12-31,fy,financial,صافي الربح,consolidated,{},454764000000,SAR,SAR,https://www.aramco.com/-/media/publications/corporate-reports/annual-reports/saudi-aramco-ara-2023-english.pdf,,,,,
Saudi Arabian Oil Company (Aramco),SA,2222,2023,,2023-12-31,fy,calculated,net_income_cagr_3y,consolidated,{},0.352620614098830502894808326,,ratio,https://www.aramco.com/-/media/publications/corporate-reports/annual-reports/saudi-aramco-ara-2023-english.pdf,,,,,(net_income / prior_3y(net_income)) ^ (1/3) - 1
Saudi Arabian Oil Company (Aramco),SA,2222,2023,,2023-12-31,fy,calculated,net_income_growth,consolidated,{},-0.2470857029329227407057888594,,ratio,https://www.aramco.com/-/media/publications/corporate-reports/annual-reports/saudi-aramco-ara-2023-english.pdf,,,,,net_income / prior_fy(net_income) - 1
Saudi Arabian Oil Company (Aramco),SA,2222,2023,,2023-12-31,fy,financial,صافي الربح العائد لمساهمي الشركة,consolidated,{},452753000000,SAR,SAR,https://www.aramco.com/-/media/publications/corporate-reports/annual-reports/saudi-aramco-ara-2023-english.pdf,224,earnings per share,,,
Saudi Arabian Oil Company (Aramco),SA,2222,2023,,2023-12-31,fy,ratio,هامش صافي الربح,consolidated,{},0.2750675777438922965908396697,,ratio,https://www.aramco.com/-/media/publications/corporate-reports/annual-reports/saudi-aramco-ara-2023-english.pdf,,,,,net_income / revenue
Saudi Arabian Oil Company (Aramco),SA,2222,2023,,2023-12-31,instant,operational,صافي طاقة التكرير,consolidated,{},4.1,,mmbpd,https://www.aramco.com/-/media/publications/corporate-reports/annual-reports/saudi-aramco-ara-2023-english.pdf,49,downstream highlights,,,
Saudi Arabian Oil Company (Aramco),SA,2222,2023,,2023-12-31,fy,financial,التدفق النقدي التشغيلي,consolidated,{},537814000000,SAR,SAR,https://www.aramco.com/-/media/publications/corporate-reports/annual-reports/saudi-aramco-ara-2023-english.pdf,,,,,
Saudi Arabian Oil Company (Aramco),SA,2222,2023,,2023-12-31,fy,calculated,operating_cash_flow_growth,consolidated,{},-0.2296605896710171996929035511,,ratio,https://www.aramco.com/-/media/publications/corporate-reports/annual-reports/saudi-aramco-ara-2023-english.pdf,,,,,operating_cash_flow / prior_fy(operating_cash_flow) - 1
Saudi Arabian Oil Company (Aramco),SA,2222,2023,,2023-12-31,fy,financial,التكاليف التشغيلية,consolidated,{},-988086000000,SAR,SAR,https://www.aramco.com/-/media/publications/corporate-reports/annual-reports/saudi-aramco-ara-2023-english.pdf,35,summarized consolidated statement of income,,,
Saudi Arabian Oil Company (Aramco),SA,2222,2023,,2023-12-31,fy,financial,الدخل التشغيلي,consolidated,{},868287000000,SAR,SAR,https://www.aramco.com/-/media/publications/corporate-reports/annual-reports/saudi-aramco-ara-2023-english.pdf,35,summarized consolidated statement of income,,,
Saudi Arabian Oil Company (Aramco),SA,2222,2023,,2023-12-31,fy,calculated,operating_income_growth,consolidated,{},-0.2410589497035601624715818953,,ratio,https://www.aramco.com/-/media/publications/corporate-reports/annual-reports/saudi-aramco-ara-2023-english.pdf,,,,,operating_income / prior_fy(operating_income) - 1
Saudi Arabian Oil Company (Aramco),SA,2222,2023,,2023-12-31,fy,ratio,operating_margin,consolidated,{},0.5251902126740705300550844049,,ratio,https://www.aramco.com/-/media/publications/corporate-reports/annual-reports/saudi-aramco-ara-2023-english.pdf,,,,,operating_income / revenue
Saudi Arabian Oil Company (Aramco),SA,2222,2023,,2023-12-31,fy,financial,دخل آخر مرتبط بالمبيعات,consolidated,{},203092000000,SAR,SAR,https://www.aramco.com/-/media/publications/corporate-reports/annual-reports/saudi-aramco-ara-2023-english.pdf,35,consolidated statement of income,,,
Saudi Arabian Oil Company (Aramco),SA,2222,2023,,2023-12-31,fy,calculated,payout_ratio,consolidated,{},0.8062951332999094035587689439,,ratio,https://www.aramco.com/-/media/publications/corporate-reports/annual-reports/saudi-aramco-ara-2023-english.pdf,,,,,abs(dividends_paid) / net_income
Saudi Arabian Oil Company (Aramco),SA,2222,2023,,2023-12-31,fy,financial,التوزيعات المرتبطة بالأداء,consolidated,{},74035000000,SAR,SAR,https://www.aramco.com/-/media/publications/corporate-reports/annual-reports/saudi-aramco-ara-2023-english.pdf,222,dividends,,,
Saudi Arabian Oil Company (Aramco),SA,2222,2023,,2023-12-31,fy,ratio,pretax_margin,consolidated,{},0.5371543010534809267148173843,,ratio,https://www.aramco.com/-/media/publications/corporate-reports/annual-reports/saudi-aramco-ara-2023-english.pdf,,,,,income_before_income_taxes_and_zakat / revenue
Saudi Arabian Oil Company (Aramco),SA,2222,2023,,2023-12-31,fy,operational,reserve_life_index,consolidated,{},53.90609995160897476477777146,,years,https://www.aramco.com/-/media/publications/corporate-reports/annual-reports/saudi-aramco-ara-2023-english.pdf,,,,,total_hydrocarbon_reserves * 1000 / (total_hydrocarbon_production * 365)
Saudi Arabian Oil Company (Aramco),SA,2222,2023,,2023-12-31,fy,ratio,return_on_assets,consolidated,{},0.1829718133507575343038956608,,ratio,https://www.aramco.com/-/media/publications/corporate-reports/annual-reports/saudi-aramco-ara-2023-english.pdf,,,,,net_income / average(total_assets)
Saudi Arabian Oil Company (Aramco),SA,2222,2023,,2023-12-31,fy,ratio,return_on_equity,consolidated,{},0.2672536369029621487059827417,,ratio,https://www.aramco.com/-/media/publications/corporate-reports/annual-reports/saudi-aramco-ara-2023-english.pdf,,,,,net_income / average(total_equity)
Saudi Arabian Oil Company (Aramco),SA,2222,2023,,2023-12-31,fy,calculated,return_on_tangible_equity,consolidated,{},0.2672536369029621487059827417,,ratio,https://www.aramco.com/-/media/publications/corporate-reports/annual-reports/saudi-aramco-ara-2023-english.pdf,,,,,net_income / average(total_equity - intangible_assets)
Saudi Arabian Oil Company (Aramco),SA,2222,2023,,2023-12-31,fy,financial,الإيرادات,consolidated,{},1653281000000,SAR,SAR,https://www.aramco.com/-/media/publications/corporate-reports/annual-reports/saudi-aramco-ara-2023-english.pdf,,,,,
Saudi Arabian Oil Company (Aramco),SA,2222,2023,,2023-12-31,fy,financial,الإيرادات والدخل الآخر المرتبط بالمبيعات,consolidated,{},1856373000000,SAR,SAR,https://www.aramco.com/-/media/publications/corporate-reports/annual-reports/saudi-aramco-ara-2023-english.pdf,35,summarized consolidated statement of income,,,
Saudi Arabian Oil Company (Aramco),SA,2222,2023,,2023-12-31,fy,calculated,revenue_cagr_3y,consolidated,{},0.291143778744796391152085540,,ratio,https://www.aramco.com/-/media/publications/corporate-reports/annual-reports/saudi-aramco-ara-2023-english.pdf,,,,,(revenue / prior_3y(revenue)) ^ (1/3) - 1
Saudi Arabian Oil Company (Aramco),SA,2222,2023,,2023-12-31,fy,calculated,revenue_growth,consolidated,{},-0.1762241804126151308823566049,,ratio,https://www.aramco.com/-/media/publications/corporate-reports/annual-reports/saudi-aramco-ara-2023-english.pdf,,,,,revenue / prior_fy(revenue) - 1
Saudi Arabian Oil Company (Aramco),SA,2222,2023,,2023-12-31,fy,ratio,العائد على متوسط رأس المال المستخدم,consolidated,{},22.5,,percent,https://www.aramco.com/-/media/publications/corporate-reports/annual-reports/saudi-aramco-ara-2023-english.pdf,35,key financial metrics,,,
Saudi Arabian Oil Company (Aramco),SA,2222,2023,,2023-12-31,fy,operational,موثوقية الإمداد,consolidated,{},99.8,,percent,https://www.aramco.com/-/media/publications/corporate-reports/annual-reports/saudi-aramco-ara-2023-english.pdf,49,downstream highlights,,,
Saudi Arabian Oil Company (Aramco),SA,2222,2023,,2023-12-31,instant,financial,tangible_book_value,consolidated,{},1737092000000,SAR,SAR,https://www.aramco.com/-/media/publications/corporate-reports/annual-reports/saudi-aramco-ara-2023-english.pdf,,,,,total_equity - intangible_assets
Saudi Arabian Oil Company (Aramco),SA,2222,2023,,2023-12-31,instant,financial,إجمالي الأصول,consolidated,{},2477940000000,SAR,SAR,https://www.aramco.com/-/media/publications/corporate-reports/annual-reports/saudi-aramco-ara-2023-english.pdf,36,summarized consolidated balance sheet,,,
Saudi Arabian Oil Company (Aramco),SA,2222,2023,,2023-12-31,instant,financial,حقوق الملكية,consolidated,{},1737092000000,SAR,SAR,https://www.aramco.com/-/media/publications/corporate-reports/annual-reports/saudi-aramco-ara-2023-english.pdf,36,summarized consolidated balance sheet,,,
Saudi Arabian Oil Company (Aramco),SA,2222,2023,,2023-12-31,fy,operational,إجمالي إنتاج الغاز,consolidated,{},10.672,,bscfd,https://www.aramco.com/-/media/publications/corporate-reports/annual-reports/saudi-aramco-ara-2023-english.pdf,44,upstream hydrocarbon production,,,
Saudi Arabian Oil Company (Aramco),SA,2222,2023,,2023-12-31,fy,operational,إجمالي إنتاج الهيدروكربونات,consolidated,{},12.767,,mmboed,https://www.aramco.com/-/media/publications/corporate-reports/annual-reports/saudi-aramco-ara-2023-english.pdf,44,upstream hydrocarbon production,,,
Saudi Arabian Oil Company (Aramco),SA,2222,2023,,2023-12-31,instant,operational,إجمالي احتياطيات الهيدروكربونات,consolidated,{},251.2,,billion_boe,https://www.aramco.com/-/media/publications/corporate-reports/annual-reports/saudi-aramco-ara-2023-english.pdf,42,hydrocarbon reserves,,,
Saudi Arabian Oil Company (Aramco),SA,2222,2023,,2023-12-31,instant,financial,إجمالي الالتزامات,consolidated,{},740848000000,SAR,SAR,https://www.aramco.com/-/media/publications/corporate-reports/annual-reports/saudi-aramco-ara-2023-english.pdf,36,summarized consolidated balance sheet,,,
Saudi Arabian Oil Company (Aramco),SA,2222,2023,,2023-12-31,fy,operational,إجمالي إنتاج السوائل,consolidated,{},10.682,,mmbpd,https://www.aramco.com/-/media/publications/corporate-reports/annual-reports/saudi-aramco-ara-2023-english.pdf,44,upstream hydrocarbon production,,,
Saudi Arabian Oil Company (Aramco),SA,2222,2022,,2022-12-31,fy,calculated,accrual_ratio,consolidated,{},-0.03776569201467834558935611354,,ratio,https://www.aramco.com/-/media/publications/corporate-reports/annual-reports/saudi-aramco-ara-2022-english.pdf,,,,,(net_income - operating_cash_flow) / total_assets
Saudi Arabian Oil Company (Aramco),SA,2222,2022,,2022-12-31,instant,calculated,asset_growth,consolidated,{},0.152695948101669679889397001,,ratio,https://www.aramco.com/-/media/publications/corporate-reports/annual-reports/saudi-aramco-ara-2022-english.pdf,,,,,total_assets / prior_fy(total_assets) - 1
Saudi Arabian Oil Company (Aramco),SA,2222,2022,,2022-12-31,fy,ratio,asset_turnover,consolidated,{},0.8621655489480012733014377910,,ratio,https://www.aramco.com/-/media/publications/corporate-reports/annual-reports/saudi-aramco-ara-2022-english.pdf,,,,,revenue / average(total_assets)
Saudi Arabian Oil Company (Aramco),SA,2222,2022,,2022-12-31,fy,operational,متوسط سعر النفط الخام المحقق,consolidated,{},100.2,USD,USD/bbl,https://www.aramco.com/-/media/publications/corporate-reports/annual-reports/saudi-aramco-ara-2022-english.pdf,35,key financial metrics,,,
Saudi Arabian Oil Company (Aramco),SA,2222,2022,,2022-12-31,fy,financial,التوزيعات الأساسية المدفوعة,consolidated,{},281318000000,SAR,SAR,https://www.aramco.com/-/media/publications/corporate-reports/annual-reports/saudi-aramco-ara-2022-english.pdf,215,dividends,,,
Saudi Arabian Oil Company (Aramco),SA,2222,2022,,2022-12-31,fy,financial,النفقات الرأسمالية,consolidated,{},141161000000,SAR,SAR,https://www.aramco.com/-/media/publications/corporate-reports/annual-reports/saudi-aramco-ara-2022-english.pdf,,,,,
Saudi Arabian Oil Company (Aramco),SA,2222,2022,,2022-12-31,fy,ratio,capex_to_cfo,consolidated,{},0.2021923592570099347992987200,,ratio,https://www.aramco.com/-/media/publications/corporate-reports/annual-reports/saudi-aramco-ara-2022-english.pdf,,,,,abs(capex) / operating_cash_flow
Saudi Arabian Oil Company (Aramco),SA,2222,2022,,2022-12-31,fy,ratio,capex_to_revenue,consolidated,{},0.07033590688381154535104175231,,ratio,https://www.aramco.com/-/media/publications/corporate-reports/annual-reports/saudi-aramco-ara-2022-english.pdf,,,,,abs(capex) / revenue
Saudi Arabian Oil Company (Aramco),SA,2222,2022,,2022-12-31,instant,financial,النقد وما في حكمه,consolidated,{},226047000000,SAR,SAR,https://www.aramco.com/-/media/publications/corporate-reports/annual-reports/saudi-aramco-ara-2022-english.pdf,161,consolidated statement of cash flows,,,
Saudi Arabian Oil Company (Aramco),SA,2222,2022,,2022-12-31,fy,ratio,cash_conversion_of_earnings,consolidated,{},1.155871226231570930704216025,,ratio,https://www.aramco.com/-/media/publications/corporate-reports/annual-reports/saudi-aramco-ara-2022-english.pdf,,,,,operating_cash_flow / net_income
Saudi Arabian Oil Company (Aramco),SA,2222,2022,,2022-12-31,fy,ratio,cash_return_on_assets,consolidated,{},0.2999183351540741994503839880,,ratio,https://www.aramco.com/-/media/publications/corporate-reports/annual-reports/saudi-aramco-ara-2022-english.pdf,,,,,operating_cash_flow / average(total_assets)
Saudi Arabian Oil Company (Aramco),SA,2222,2022,,2022-12-31,fy,ratio,cash_return_on_equity,consolidated,{},0.4738349709771397254323735966,,ratio,https://www.aramco.com/-/media/publications/corporate-reports/annual-reports/saudi-aramco-ara-2022-english.pdf,,,,,operating_cash_flow / average(total_equity)
Saudi Arabian Oil Company (Aramco),SA,2222,2022,,2022-12-31,fy,ratio,cfo_margin,consolidated,{},0.3478662949592791069057353055,,ratio,https://www.aramco.com/-/media/publications/corporate-reports/annual-reports/saudi-aramco-ara-2022-english.pdf,,,,,operating_cash_flow / revenue
Saudi Arabian Oil Company (Aramco),SA,2222,2022,,2022-12-31,fy,financial,dividend_coverage_ratio,consolidated,{},2.147054223334447138114162620,,ratio,https://www.aramco.com/-/media/publications/corporate-reports/annual-reports/saudi-aramco-ara-2022-english.pdf,,,,,net_income / abs(dividends_paid)
Saudi Arabian Oil Company (Aramco),SA,2222,2022,,2022-12-31,fy,calculated,dividend_growth,consolidated,{},0.000046213184977160022040134,,ratio,https://www.aramco.com/-/media/publications/corporate-reports/annual-reports/saudi-aramco-ara-2022-english.pdf,,,,,dividends_paid / prior_fy(dividends_paid) - 1
Saudi Arabian Oil Company (Aramco),SA,2222,2022,,2022-12-31,fy,calculated,dividend_per_share_growth,consolidated,{},-0.0634285714285714285714285714,,ratio,https://www.aramco.com/-/media/publications/corporate-reports/annual-reports/saudi-aramco-ara-2022-english.pdf,,,,,dividends_per_share / prior_fy(dividends_per_share) - 1
Saudi Arabian Oil Company (Aramco),SA,2222,2022,,2022-12-31,fy,financial,التوزيعات المدفوعة,consolidated,{},281318000000,SAR,SAR,https://www.aramco.com/-/media/publications/corporate-reports/annual-reports/saudi-aramco-ara-2022-english.pdf,215,dividends,,,
Saudi Arabian Oil Company (Aramco),SA,2222,2022,,2022-12-31,fy,financial,التوزيعات لكل سهم,consolidated,{},1.3112,SAR,SAR/share,https://www.aramco.com/-/media/publications/corporate-reports/annual-reports/saudi-aramco-ara-2022-english.pdf,215,dividends,,,
Saudi Arabian Oil Company (Aramco),SA,2222,2022,,2022-12-31,fy,ratio,effective_tax_rate,consolidated,{},0.4761275740223875548370197804,,ratio,https://www.aramco.com/-/media/publications/corporate-reports/annual-reports/saudi-aramco-ara-2022-english.pdf,,,,,abs(income_taxes_and_zakat) / income_before_income_taxes_and_zakat
Saudi Arabian Oil Company (Aramco),SA,2222,2022,,2022-12-31,fy,financial,ربحية السهم الأساسية والمخفضة,consolidated,{},2.47,SAR,SAR/share,https://www.aramco.com/-/media/publications/corporate-reports/annual-reports/saudi-aramco-ara-2023-english.pdf,224,earnings per share comparative restatement,,,
Saudi Arabian Oil Company (Aramco),SA,2222,2022,,2022-12-31,fy,calculated,eps_growth,consolidated,{},0.372222222222222222222222222,,ratio,https://www.aramco.com/-/media/publications/corporate-reports/annual-reports/saudi-aramco-ara-2023-english.pdf,,,,,eps_diluted / prior_fy(eps_diluted) - 1
Saudi Arabian Oil Company (Aramco),SA,2222,2022,,2022-12-31,instant,calculated,equity_growth,consolidated,{},0.300998385217714505242576530,,ratio,https://www.aramco.com/-/media/publications/corporate-reports/annual-reports/saudi-aramco-ara-2022-english.pdf,,,,,total_equity / prior_fy(total_equity) - 1
Saudi Arabian Oil Company (Aramco),SA,2222,2022,,2022-12-31,instant,ratio,equity_ratio,consolidated,{},0.6683504992530859344288072962,,ratio,https://www.aramco.com/-/media/publications/corporate-reports/annual-reports/saudi-aramco-ara-2022-english.pdf,,,,,total_equity / total_assets
Saudi Arabian Oil Company (Aramco),SA,2222,2022,,2022-12-31,fy,financial,fcf_dividend_coverage_ratio,consolidated,{},1.979933740464527687527993232,,ratio,https://www.aramco.com/-/media/publications/corporate-reports/annual-reports/saudi-aramco-ara-2022-english.pdf,,,,,free_cash_flow / abs(dividends_paid)
Saudi Arabian Oil Company (Aramco),SA,2222,2022,,2022-12-31,fy,ratio,fcf_margin,consolidated,{},0.2775303880754675615546935532,,ratio,https://www.aramco.com/-/media/publications/corporate-reports/annual-reports/saudi-aramco-ara-2022-english.pdf,,,,,free_cash_flow / revenue
Saudi Arabian Oil Company (Aramco),SA,2222,2022,,2022-12-31,fy,financial,fcf_payout_ratio,consolidated,{},0.5050674068342217378736819805,,ratio,https://www.aramco.com/-/media/publications/corporate-reports/annual-reports/saudi-aramco-ara-2022-english.pdf,,,,,abs(dividends_paid) / free_cash_flow
Saudi Arabian Oil Company (Aramco),SA,2222,2022,,2022-12-31,fy,calculated,التدفق النقدي الحر,consolidated,{},556991000000,SAR,SAR,https://www.aramco.com/-/media/publications/corporate-reports/annual-reports/saudi-aramco-ara-2022-english.pdf,,,,,operating_cash_flow - abs(capex)
Saudi Arabian Oil Company (Aramco),SA,2222,2022,,2022-12-31,fy,calculated,free_cash_flow_growth,consolidated,{},0.382262579537219944609337000,,ratio,https://www.aramco.com/-/media/publications/corporate-reports/annual-reports/saudi-aramco-ara-2022-english.pdf,,,,,free_cash_flow / prior_fy(free_cash_flow) - 1
Saudi Arabian Oil Company (Aramco),SA,2222,2022,,2022-12-31,instant,ratio,نسبة المديونية (Gearing),consolidated,{},-7.9,,percent,https://www.aramco.com/-/media/publications/corporate-reports/annual-reports/saudi-aramco-ara-2022-english.pdf,39,gearing,,,
Saudi Arabian Oil Company (Aramco),SA,2222,2022,,2022-12-31,fy,financial,الدخل قبل الضرائب والزكاة,consolidated,{},1152962000000,SAR,SAR,https://www.aramco.com/-/media/publications/corporate-reports/annual-reports/saudi-aramco-ara-2022-english.pdf,35,summarized consolidated statement of income,,,
Saudi Arabian Oil Company (Aramco),SA,2222,2022,,2022-12-31,fy,calculated,income_quality,consolidated,{},1.155871226231570930704216025,,ratio,https://www.aramco.com/-/media/publications/corporate-reports/annual-reports/saudi-aramco-ara-2022-english.pdf,,,,,operating_cash_flow / net_income
Saudi Arabian Oil Company (Aramco),SA,2222,2022,,2022-12-31,fy,financial,ضرائب الدخل والزكاة,consolidated,{},-548957000000,SAR,SAR,https://www.aramco.com/-/media/publications/corporate-reports/annual-reports/saudi-aramco-ara-2022-english.pdf,35,summarized consolidated statement of income,,,
Saudi Arabian Oil Company (Aramco),SA,2222,2022,,2022-12-31,instant,ratio,liabilities_to_assets,consolidated,{},0.3316495007469140655711927038,,ratio,https://www.aramco.com/-/media/publications/corporate-reports/annual-reports/saudi-aramco-ara-2022-english.pdf,,,,,total_liabilities / total_assets
Saudi Arabian Oil Company (Aramco),SA,2222,2022,,2022-12-31,instant,ratio,الالتزامات إلى حقوق الملكية,consolidated,{},0.4962209216833808781578096050,,ratio,https://www.aramco.com/-/media/publications/corporate-reports/annual-reports/saudi-aramco-ara-2022-english.pdf,,,,,total_liabilities / total_equity
Saudi Arabian Oil Company (Aramco),SA,2222,2022,,2022-12-31,instant,operational,الطاقة الإنتاجية القصوى المستدامة,consolidated,{},12.0,,mmbpd,https://www.aramco.com/-/media/publications/corporate-reports/annual-reports/saudi-aramco-ara-2022-english.pdf,30,operational highlights,,,
Saudi Arabian Oil Company (Aramco),SA,2222,2022,,2022-12-31,instant,operational,صافي الطاقة الإنتاجية للكيماويات,consolidated,{},56.3,,million_tonnes_per_year,https://www.aramco.com/-/media/publications/corporate-reports/annual-reports/saudi-aramco-ara-2022-english.pdf,30,operational highlights,,,
Saudi Arabian Oil Company (Aramco),SA,2222,2022,,2022-12-31,fy,financial,صافي الربح,consolidated,{},604005000000,SAR,SAR,https://www.aramco.com/-/media/publications/corporate-reports/annual-reports/saudi-aramco-ara-2022-english.pdf,,,,,
Saudi Arabian Oil Company (Aramco),SA,2222,2022,,2022-12-31,fy,calculated,net_income_cagr_3y,consolidated,{},0.222377021220193649409871924,,ratio,https://www.aramco.com/-/media/publications/corporate-reports/annual-reports/saudi-aramco-ara-2022-english.pdf,,,,,(net_income / prior_3y(net_income)) ^ (1/3) - 1
Saudi Arabian Oil Company (Aramco),SA,2222,2022,,2022-12-31,fy,calculated,net_income_growth,consolidated,{},0.464623808184366482701093124,,ratio,https://www.aramco.com/-/media/publications/corporate-reports/annual-reports/saudi-aramco-ara-2022-english.pdf,,,,,net_income / prior_fy(net_income) - 1
Saudi Arabian Oil Company (Aramco),SA,2222,2022,,2022-12-31,fy,financial,صافي الربح العائد لمساهمي الشركة,consolidated,{},597215000000,SAR,SAR,https://www.aramco.com/-/media/publications/corporate-reports/annual-reports/saudi-aramco-ara-2022-english.pdf,215,earnings per share,,,
Saudi Arabian Oil Company (Aramco),SA,2222,2022,,2022-12-31,fy,ratio,هامش صافي الربح,consolidated,{},0.3009559257681412886686547531,,ratio,https://www.aramco.com/-/media/publications/corporate-reports/annual-reports/saudi-aramco-ara-2022-english.pdf,,,,,net_income / revenue
Saudi Arabian Oil Company (Aramco),SA,2222,2022,,2022-12-31,instant,operational,صافي طاقة التكرير,consolidated,{},4.1,,mmbpd,https://www.aramco.com/-/media/publications/corporate-reports/annual-reports/saudi-aramco-ara-2022-english.pdf,30,operational highlights,,,
Saudi Arabian Oil Company (Aramco),SA,2222,2022,,2022-12-31,fy,financial,التدفق النقدي التشغيلي,consolidated,{},698152000000,SAR,SAR,https://www.aramco.com/-/media/publications/corporate-reports/annual-reports/saudi-aramco-ara-2022-english.pdf,,,,,
Saudi Arabian Oil Company (Aramco),SA,2222,2022,,2022-12-31,fy,calculated,operating_cash_flow_growth,consolidated,{},0.335917841718634292701315152,,ratio,https://www.aramco.com/-/media/publications/corporate-reports/annual-reports/saudi-aramco-ara-2022-english.pdf,,,,,operating_cash_flow / prior_fy(operating_cash_flow) - 1
Saudi Arabian Oil Company (Aramco),SA,2222,2022,,2022-12-31,fy,financial,التكاليف التشغيلية,consolidated,{},-1122296000000,SAR,SAR,https://www.aramco.com/-/media/publications/corporate-reports/annual-reports/saudi-aramco-ara-2022-english.pdf,35,summarized consolidated statement of income,,,
Saudi Arabian Oil Company (Aramco),SA,2222,2022,,2022-12-31,fy,financial,الدخل التشغيلي,consolidated,{},1144077000000,SAR,SAR,https://www.aramco.com/-/media/publications/corporate-reports/annual-reports/saudi-aramco-ara-2022-english.pdf,35,summarized consolidated statement of income,,,
Saudi Arabian Oil Company (Aramco),SA,2222,2022,,2022-12-31,fy,calculated,operating_income_growth,consolidated,{},0.482122453421218315935112279,,ratio,https://www.aramco.com/-/media/publications/corporate-reports/annual-reports/saudi-aramco-ara-2022-english.pdf,,,,,operating_income / prior_fy(operating_income) - 1
Saudi Arabian Oil Company (Aramco),SA,2222,2022,,2022-12-31,fy,ratio,operating_margin,consolidated,{},0.5700561298085906260977450914,,ratio,https://www.aramco.com/-/media/publications/corporate-reports/annual-reports/saudi-aramco-ara-2022-english.pdf,,,,,operating_income / revenue
Saudi Arabian Oil Company (Aramco),SA,2222,2022,,2022-12-31,fy,financial,دخل آخر مرتبط بالمبيعات,consolidated,{},259418000000,SAR,SAR,https://www.aramco.com/-/media/publications/corporate-reports/annual-reports/saudi-aramco-ara-2022-english.pdf,157,consolidated statement of income,,,
Saudi Arabian Oil Company (Aramco),SA,2222,2022,,2022-12-31,fy,calculated,payout_ratio,consolidated,{},0.4657544225627271297423034578,,ratio,https://www.aramco.com/-/media/publications/corporate-reports/annual-reports/saudi-aramco-ara-2022-english.pdf,,,,,abs(dividends_paid) / net_income
Saudi Arabian Oil Company (Aramco),SA,2222,2022,,2022-12-31,fy,financial,التوزيعات المرتبطة بالأداء,consolidated,{},0,SAR,SAR,https://www.aramco.com/-/media/publications/corporate-reports/annual-reports/saudi-aramco-ara-2022-english.pdf,215,dividends,,,
Saudi Arabian Oil Company (Aramco),SA,2222,2022,,2022-12-31,fy,ratio,pretax_margin,consolidated,{},0.5744832345518459556890911854,,ratio,https://www.aramco.com/-/media/publications/corporate-reports/annual-reports/saudi-aramco-ara-2022-english.pdf,,,,,income_before_income_taxes_and_zakat / revenue
Saudi Arabian Oil Company (Aramco),SA,2222,2022,,2022-12-31,fy,operational,reserve_life_index,consolidated,{},52.07028683927524116208486370,,years,https://www.aramco.com/-/media/publications/corporate-reports/annual-reports/saudi-aramco-ara-2022-english.pdf,,,,,total_hydrocarbon_reserves * 1000 / (total_hydrocarbon_production * 365)
Saudi Arabian Oil Company (Aramco),SA,2222,2022,,2022-12-31,fy,ratio,return_on_assets,consolidated,{},0.2594738309490434559222478496,,ratio,https://www.aramco.com/-/media/publications/corporate-reports/annual-reports/saudi-aramco-ara-2022-english.pdf,,,,,net_income / average(total_assets)
Saudi Arabian Oil Company (Aramco),SA,2222,2022,,2022-12-31,fy,ratio,return_on_equity,consolidated,{},0.4099375088018759236667384956,,ratio,https://www.aramco.com/-/media/publications/corporate-reports/annual-reports/saudi-aramco-ara-2022-english.pdf,,,,,net_income / average(total_equity)
Saudi Arabian Oil Company (Aramco),SA,2222,2022,,2022-12-31,fy,calculated,return_on_tangible_equity,consolidated,{},0.4099375088018759236667384956,,ratio,https://www.aramco.com/-/media/publications/corporate-reports/annual-reports/saudi-aramco-ara-2022-english.pdf,,,,,net_income / average(total_equity - intangible_assets)
Saudi Arabian Oil Company (Aramco),SA,2222,2022,,2022-12-31,fy,financial,الإيرادات,consolidated,{},2006955000000,SAR,SAR,https://www.aramco.com/-/media/publications/corporate-reports/annual-reports/saudi-aramco-ara-2022-english.pdf,,,,,
Saudi Arabian Oil Company (Aramco),SA,2222,2022,,2022-12-31,fy,financial,الإيرادات والدخل الآخر المرتبط بالمبيعات,consolidated,{},2266373000000,SAR,SAR,https://www.aramco.com/-/media/publications/corporate-reports/annual-reports/saudi-aramco-ara-2022-english.pdf,35,summarized consolidated statement of income,,,
Saudi Arabian Oil Company (Aramco),SA,2222,2022,,2022-12-31,fy,calculated,revenue_cagr_3y,consolidated,{},0.219833713483549380533677282,,ratio,https://www.aramco.com/-/media/publications/corporate-reports/annual-reports/saudi-aramco-ara-2022-english.pdf,,,,,(revenue / prior_3y(revenue)) ^ (1/3) - 1
Saudi Arabian Oil Company (Aramco),SA,2222,2022,,2022-12-31,fy,calculated,revenue_growth,consolidated,{},0.490021753172028242002182741,,ratio,https://www.aramco.com/-/media/publications/corporate-reports/annual-reports/saudi-aramco-ara-2022-english.pdf,,,,,revenue / prior_fy(revenue) - 1
Saudi Arabian Oil Company (Aramco),SA,2222,2022,,2022-12-31,fy,ratio,العائد على متوسط رأس المال المستخدم,consolidated,{},31.6,,percent,https://www.aramco.com/-/media/publications/corporate-reports/annual-reports/saudi-aramco-ara-2022-english.pdf,38,ROACE,,,
Saudi Arabian Oil Company (Aramco),SA,2222,2022,,2022-12-31,fy,operational,موثوقية الإمداد,consolidated,{},99.9,,percent,https://www.aramco.com/-/media/publications/corporate-reports/annual-reports/saudi-aramco-ara-2022-english.pdf,30,operational highlights,,,
Saudi Arabian Oil Company (Aramco),SA,2222,2022,,2022-12-31,instant,financial,tangible_book_value,consolidated,{},1666147000000,SAR,SAR,https://www.aramco.com/-/media/publications/corporate-reports/annual-reports/saudi-aramco-ara-2022-english.pdf,,,,,total_equity - intangible_assets
Saudi Arabian Oil Company (Aramco),SA,2222,2022,,2022-12-31,instant,financial,إجمالي الأصول,consolidated,{},2492924000000,SAR,SAR,https://www.aramco.com/-/media/publications/corporate-reports/annual-reports/saudi-aramco-ara-2022-english.pdf,,,,,
Saudi Arabian Oil Company (Aramco),SA,2222,2022,,2022-12-31,instant,financial,حقوق الملكية,consolidated,{},1666147000000,SAR,SAR,https://www.aramco.com/-/media/publications/corporate-reports/annual-reports/saudi-aramco-ara-2022-english.pdf,,,,,
Saudi Arabian Oil Company (Aramco),SA,2222,2022,,2022-12-31,fy,operational,إجمالي إنتاج الغاز,consolidated,{},10.617,,bscfd,https://www.aramco.com/-/media/publications/corporate-reports/annual-reports/saudi-aramco-ara-2022-english.pdf,43,upstream hydrocarbon production,,,
Saudi Arabian Oil Company (Aramco),SA,2222,2022,,2022-12-31,fy,operational,إجمالي إنتاج الهيدروكربونات,consolidated,{},13.617,,mmboed,https://www.aramco.com/-/media/publications/corporate-reports/annual-reports/saudi-aramco-ara-2022-english.pdf,43,upstream hydrocarbon production,,,
Saudi Arabian Oil Company (Aramco),SA,2222,2022,,2022-12-31,instant,operational,إجمالي احتياطيات الهيدروكربونات,consolidated,{},258.8,,billion_boe,https://www.aramco.com/-/media/publications/corporate-reports/annual-reports/saudi-aramco-ara-2022-english.pdf,41,hydrocarbon reserves,,,
Saudi Arabian Oil Company (Aramco),SA,2222,2022,,2022-12-31,instant,financial,إجمالي الالتزامات,consolidated,{},826777000000,SAR,SAR,https://www.aramco.com/-/media/publications/corporate-reports/annual-reports/saudi-aramco-ara-2022-english.pdf,,,,,
Saudi Arabian Oil Company (Aramco),SA,2222,2022,,2022-12-31,fy,operational,إجمالي إنتاج السوائل,consolidated,{},11.54,,mmbpd,https://www.aramco.com/-/media/publications/corporate-reports/annual-reports/saudi-aramco-ara-2022-english.pdf,43,upstream hydrocarbon production,,,
Saudi Arabian Oil Company (Aramco),SA,2222,2021,,2021-12-31,fy,calculated,accrual_ratio,consolidated,{},-0.05095737253143076446462507340,,ratio,https://www.aramco.com/-/media/publications/corporate-reports/annual-reports/saudi-aramco-ara-2022-english.pdf,,,,,(net_income - operating_cash_flow) / total_assets
Saudi Arabian Oil Company (Aramco),SA,2222,2021,,2021-12-31,instant,calculated,asset_growth,consolidated,{},0.129778018775914047248520447,,ratio,https://www.aramco.com/-/media/publications/corporate-reports/annual-reports/saudi-aramco-ara-2022-english.pdf,,,,,total_assets / prior_fy(total_assets) - 1
Saudi Arabian Oil Company (Aramco),SA,2222,2021,,2021-12-31,fy,ratio,asset_turnover,consolidated,{},0.6607535876688240795633795942,,ratio,https://www.aramco.com/-/media/publications/corporate-reports/annual-reports/saudi-aramco-ara-2022-english.pdf,,,,,revenue / average(total_assets)
Saudi Arabian Oil Company (Aramco),SA,2222,2021,,2021-12-31,fy,operational,متوسط سعر النفط الخام المحقق,consolidated,{},70.5,USD,USD/bbl,https://www.aramco.com/-/media/publications/corporate-reports/annual-reports/saudi-aramco-ara-2022-english.pdf,35,key financial metrics,,,
Saudi Arabian Oil Company (Aramco),SA,2222,2021,,2021-12-31,fy,financial,التوزيعات الأساسية المدفوعة,consolidated,{},281305000000,SAR,SAR,https://www.aramco.com/-/media/publications/corporate-reports/annual-reports/saudi-aramco-ara-2022-english.pdf,215,dividends,,,
Saudi Arabian Oil Company (Aramco),SA,2222,2021,,2021-12-31,fy,financial,النفقات الرأسمالية,consolidated,{},119645000000,SAR,SAR,https://www.aramco.com/-/media/publications/corporate-reports/annual-reports/saudi-aramco-ara-2022-english.pdf,,,,,
Saudi Arabian Oil Company (Aramco),SA,2222,2021,,2021-12-31,fy,ratio,capex_to_cfo,consolidated,{},0.2289413912334649187429798259,,ratio,https://www.aramco.com/-/media/publications/corporate-reports/annual-reports/saudi-aramco-ara-2022-english.pdf,,,,,abs(capex) / operating_cash_flow
Saudi Arabian Oil Company (Aramco),SA,2222,2021,,2021-12-31,fy,ratio,capex_to_revenue,consolidated,{},0.08882792721225304952744389092,,ratio,https://www.aramco.com/-/media/publications/corporate-reports/annual-reports/saudi-aramco-ara-2022-english.pdf,,,,,abs(capex) / revenue
Saudi Arabian Oil Company (Aramco),SA,2222,2021,,2021-12-31,instant,financial,النقد وما في حكمه,consolidated,{},299579000000,SAR,SAR,https://www.aramco.com/-/media/publications/corporate-reports/annual-reports/saudi-aramco-ara-2022-english.pdf,161,consolidated statement of cash flows,,,
Saudi Arabian Oil Company (Aramco),SA,2222,2021,,2021-12-31,fy,ratio,cash_conversion_of_earnings,consolidated,{},1.267231010970038506678047314,,ratio,https://www.aramco.com/-/media/publications/corporate-reports/annual-reports/saudi-aramco-ara-2022-english.pdf,,,,,operating_cash_flow / net_income
Saudi Arabian Oil Company (Aramco),SA,2222,2021,,2021-12-31,fy,ratio,cash_return_on_assets,consolidated,{},0.2563685460041094435523017078,,ratio,https://www.aramco.com/-/media/publications/corporate-reports/annual-reports/saudi-aramco-ara-2022-english.pdf,,,,,operating_cash_flow / average(total_assets)
Saudi Arabian Oil Company (Aramco),SA,2222,2021,,2021-12-31,fy,ratio,cash_return_on_equity,consolidated,{},0.4388356183363409106367470805,,ratio,https://www.aramco.com/-/media/publications/corporate-reports/annual-reports/saudi-aramco-ara-2022-english.pdf,,,,,operating_cash_flow / average(total_equity)
Saudi Arabian Oil Company (Aramco),SA,2222,2021,,2021-12-31,fy,ratio,cfo_margin,consolidated,{},0.3879941793560170164745012733,,ratio,https://www.aramco.com/-/media/publications/corporate-reports/annual-reports/saudi-aramco-ara-2022-english.pdf,,,,,operating_cash_flow / revenue
Saudi Arabian Oil Company (Aramco),SA,2222,2021,,2021-12-31,fy,financial,dividend_coverage_ratio,consolidated,{},1.466010202449298803789481168,,ratio,https://www.aramco.com/-/media/publications/corporate-reports/annual-reports/saudi-aramco-ara-2022-english.pdf,,,,,net_income / abs(dividends_paid)
Saudi Arabian Oil Company (Aramco),SA,2222,2021,,2021-12-31,fy,financial,التوزيعات المدفوعة,consolidated,{},281305000000,SAR,SAR,https://www.aramco.com/-/media/publications/corporate-reports/annual-reports/saudi-aramco-ara-2022-english.pdf,215,dividends,,,
Saudi Arabian Oil Company (Aramco),SA,2222,2021,,2021-12-31,fy,financial,التوزيعات لكل سهم,consolidated,{},1.4,SAR,SAR/share,https://www.aramco.com/-/media/publications/corporate-reports/annual-reports/saudi-aramco-ara-2022-english.pdf,215,dividends,,,
Saudi Arabian Oil Company (Aramco),SA,2222,2021,,2021-12-31,fy,ratio,effective_tax_rate,consolidated,{},0.4640873998240463872980724373,,ratio,https://www.aramco.com/-/media/publications/corporate-reports/annual-reports/saudi-aramco-ara-2022-english.pdf,,,,,abs(income_taxes_and_zakat) / income_before_income_taxes_and_zakat
Saudi Arabian Oil Company (Aramco),SA,2222,2021,,2021-12-31,fy,financial,ربحية السهم الأساسية والمخفضة,consolidated,{},1.8,SAR,SAR/share,https://www.aramco.com/-/media/publications/corporate-reports/annual-reports/saudi-aramco-ara-2022-english.pdf,215,earnings per share,,,
Saudi Arabian Oil Company (Aramco),SA,2222,2021,,2021-12-31,instant,calculated,equity_growth,consolidated,{},0.163086893580384599316679593,,ratio,https://www.aramco.com/-/media/publications/corporate-reports/annual-reports/saudi-aramco-ara-2022-english.pdf,,,,,total_equity / prior_fy(total_equity) - 1
Saudi Arabian Oil Company (Aramco),SA,2222,2021,,2021-12-31,instant,ratio,equity_ratio,consolidated,{},0.5921643878688115263861209882,,ratio,https://www.aramco.com/-/media/publications/corporate-reports/annual-reports/saudi-aramco-ara-2022-english.pdf,,,,,total_equity / total_assets
Saudi Arabian Oil Company (Aramco),SA,2222,2021,,2021-12-31,fy,financial,fcf_dividend_coverage_ratio,consolidated,{},1.432452320435114910861875900,,ratio,https://www.aramco.com/-/media/publications/corporate-reports/annual-reports/saudi-aramco-ara-2022-english.pdf,,,,,free_cash_flow / abs(dividends_paid)
Saudi Arabian Oil Company (Aramco),SA,2222,2021,,2021-12-31,fy,ratio,fcf_margin,consolidated,{},0.2991662521437639669470573823,,ratio,https://www.aramco.com/-/media/publications/corporate-reports/annual-reports/saudi-aramco-ara-2022-english.pdf,,,,,free_cash_flow / revenue
Saudi Arabian Oil Company (Aramco),SA,2222,2021,,2021-12-31,fy,financial,fcf_payout_ratio,consolidated,{},0.6981035150239728407071739843,,ratio,https://www.aramco.com/-/media/publications/corporate-reports/annual-reports/saudi-aramco-ara-2022-english.pdf,,,,,abs(dividends_paid) / free_cash_flow
Saudi Arabian Oil Company (Aramco),SA,2222,2021,,2021-12-31,fy,calculated,التدفق النقدي الحر,consolidated,{},402956000000,SAR,SAR,https://www.aramco.com/-/media/publications/corporate-reports/annual-reports/saudi-aramco-ara-2022-english.pdf,,,,,operating_cash_flow - abs(capex)
Saudi Arabian Oil Company (Aramco),SA,2222,2021,,2021-12-31,instant,ratio,نسبة المديونية (Gearing),consolidated,{},12.0,,percent,https://www.aramco.com/-/media/publications/corporate-reports/annual-reports/saudi-aramco-ara-2022-english.pdf,39,gearing,,,
Saudi Arabian Oil Company (Aramco),SA,2222,2021,,2021-12-31,fy,financial,الدخل قبل الضرائب والزكاة,consolidated,{},769521000000,SAR,SAR,https://www.aramco.com/-/media/publications/corporate-reports/annual-reports/saudi-aramco-ara-2022-english.pdf,35,summarized consolidated statement of income,,,
Saudi Arabian Oil Company (Aramco),SA,2222,2021,,2021-12-31,fy,calculated,income_quality,consolidated,{},1.267231010970038506678047314,,ratio,https://www.aramco.com/-/media/publications/corporate-reports/annual-reports/saudi-aramco-ara-2022-english.pdf,,,,,operating_cash_flow / net_income
Saudi Arabian Oil Company (Aramco),SA,2222,2021,,2021-12-31,fy,financial,ضرائب الدخل والزكاة,consolidated,{},-357125000000,SAR,SAR,https://www.aramco.com/-/media/publications/corporate-reports/annual-reports/saudi-aramco-ara-2022-english.pdf,35,summarized consolidated statement of income,,,
Saudi Arabian Oil Company (Aramco),SA,2222,2021,,2021-12-31,instant,ratio,liabilities_to_assets,consolidated,{},0.4078356121311884736138790118,,ratio,https://www.aramco.com/-/media/publications/corporate-reports/annual-reports/saudi-aramco-ara-2022-english.pdf,,,,,total_liabilities / total_assets
Saudi Arabian Oil Company (Aramco),SA,2222,2021,,2021-12-31,instant,ratio,الالتزامات إلى حقوق الملكية,consolidated,{},0.6887202616134704700984173884,,ratio,https://www.aramco.com/-/media/publications/corporate-reports/annual-reports/saudi-aramco-ara-2022-english.pdf,,,,,total_liabilities / total_equity
Saudi Arabian Oil Company (Aramco),SA,2222,2021,,2021-12-31,instant,operational,الطاقة الإنتاجية القصوى المستدامة,consolidated,{},12.0,,mmbpd,https://www.aramco.com/-/media/publications/corporate-reports/annual-reports/saudi-aramco-ara-2022-english.pdf,30,operational highlights,,,
Saudi Arabian Oil Company (Aramco),SA,2222,2021,,2021-12-31,instant,operational,صافي الطاقة الإنتاجية للكيماويات,consolidated,{},54.2,,million_tonnes_per_year,https://www.aramco.com/-/media/publications/corporate-reports/annual-reports/saudi-aramco-ara-2022-english.pdf,30,operational highlights,,,
Saudi Arabian Oil Company (Aramco),SA,2222,2021,,2021-12-31,fy,financial,صافي الربح,consolidated,{},412396000000,SAR,SAR,https://www.aramco.com/-/media/publications/corporate-reports/annual-reports/saudi-aramco-ara-2022-english.pdf,,,,,
Saudi Arabian Oil Company (Aramco),SA,2222,2021,,2021-12-31,fy,calculated,net_income_growth,consolidated,{},1.244173201351741101309839304,,ratio,https://www.aramco.com/-/media/publications/corporate-reports/annual-reports/saudi-aramco-ara-2022-english.pdf,,,,,net_income / prior_fy(net_income) - 1
Saudi Arabian Oil Company (Aramco),SA,2222,2021,,2021-12-31,fy,financial,صافي الربح العائد لمساهمي الشركة,consolidated,{},395203000000,SAR,SAR,https://www.aramco.com/-/media/publications/corporate-reports/annual-reports/saudi-aramco-ara-2022-english.pdf,215,earnings per share,,,
Saudi Arabian Oil Company (Aramco),SA,2222,2021,,2021-12-31,fy,ratio,هامش صافي الربح,consolidated,{},0.3061747826538869874455242663,,ratio,https://www.aramco.com/-/media/publications/corporate-reports/annual-reports/saudi-aramco-ara-2022-english.pdf,,,,,net_income / revenue
Saudi Arabian Oil Company (Aramco),SA,2222,2021,,2021-12-31,instant,operational,صافي طاقة التكرير,consolidated,{},4.0,,mmbpd,https://www.aramco.com/-/media/publications/corporate-reports/annual-reports/saudi-aramco-ara-2022-english.pdf,30,operational highlights,,,
Saudi Arabian Oil Company (Aramco),SA,2222,2021,,2021-12-31,fy,financial,التدفق النقدي التشغيلي,consolidated,{},522601000000,SAR,SAR,https://www.aramco.com/-/media/publications/corporate-reports/annual-reports/saudi-aramco-ara-2022-english.pdf,,,,,
Saudi Arabian Oil Company (Aramco),SA,2222,2021,,2021-12-31,fy,calculated,operating_cash_flow_growth,consolidated,{},0.831778812956322709316957416,,ratio,https://www.aramco.com/-/media/publications/corporate-reports/annual-reports/saudi-aramco-ara-2022-english.pdf,,,,,operating_cash_flow / prior_fy(operating_cash_flow) - 1
Saudi Arabian Oil Company (Aramco),SA,2222,2021,,2021-12-31,fy,financial,التكاليف التشغيلية,consolidated,{},-729840000000,SAR,SAR,https://www.aramco.com/-/media/publications/corporate-reports/annual-reports/saudi-aramco-ara-2022-english.pdf,35,summarized consolidated statement of income,,,
Saudi Arabian Oil Company (Aramco),SA,2222,2021,,2021-12-31,fy,financial,الدخل التشغيلي,consolidated,{},771918000000,SAR,SAR,https://www.aramco.com/-/media/publications/corporate-reports/annual-reports/saudi-aramco-ara-2022-english.pdf,35,summarized consolidated statement of income,,,
Saudi Arabian Oil Company (Aramco),SA,2222,2021,,2021-12-31,fy,calculated,operating_income_growth,consolidated,{},1.013559056761268781302170284,,ratio,https://www.aramco.com/-/media/publications/corporate-reports/annual-reports/saudi-aramco-ara-2022-english.pdf,,,,,operating_income / prior_fy(operating_income) - 1
Saudi Arabian Oil Company (Aramco),SA,2222,2021,,2021-12-31,fy,ratio,operating_margin,consolidated,{},0.5730943701602904382558856065,,ratio,https://www.aramco.com/-/media/publications/corporate-reports/annual-reports/saudi-aramco-ara-2022-english.pdf,,,,,operating_income / revenue
Saudi Arabian Oil Company (Aramco),SA,2222,2021,,2021-12-31,fy,financial,دخل آخر مرتبط بالمبيعات,consolidated,{},154828000000,SAR,SAR,https://www.aramco.com/-/media/publications/corporate-reports/annual-reports/saudi-aramco-ara-2022-english.pdf,157,consolidated statement of income,,,
Saudi Arabian Oil Company (Aramco),SA,2222,2021,,2021-12-31,fy,calculated,payout_ratio,consolidated,{},0.6821234929533749114928369819,,ratio,https://www.aramco.com/-/media/publications/corporate-reports/annual-reports/saudi-aramco-ara-2022-english.pdf,,,,,abs(dividends_paid) / net_income
Saudi Arabian Oil Company (Aramco),SA,2222,2021,,2021-12-31,fy,financial,التوزيعات المرتبطة بالأداء,consolidated,{},0,SAR,SAR,https://www.aramco.com/-/media/publications/corporate-reports/annual-reports/saudi-aramco-ara-2022-english.pdf,215,dividends,,,
Saudi Arabian Oil Company (Aramco),SA,2222,2021,,2021-12-31,fy,ratio,pretax_margin,consolidated,{},0.5713147676568195823093998946,,ratio,https://www.aramco.com/-/media/publications/corporate-reports/annual-reports/saudi-aramco-ara-2022-english.pdf,,,,,income_before_income_taxes_and_zakat / revenue
Saudi Arabian Oil Company (Aramco),SA,2222,2021,,2021-12-31,fy,operational,reserve_life_index,consolidated,{},56.29057121833794097702763143,,years,https://www.aramco.com/-/media/publications/corporate-reports/annual-reports/saudi-aramco-ara-2022-english.pdf,,,,,total_hydrocarbon_reserves * 1000 / (total_hydrocarbon_production * 365)
Saudi Arabian Oil Company (Aramco),SA,2222,2021,,2021-12-31,fy,ratio,return_on_assets,consolidated,{},0.2023060860922782736412578910,,ratio,https://www.aramco.com/-/media/publications/corporate-reports/annual-reports/saudi-aramco-ara-2022-english.pdf,,,,,net_income / average(total_assets)
Saudi Arabian Oil Company (Aramco),SA,2222,2021,,2021-12-31,fy,ratio,return_on_equity,consolidated,{},0.3462948858870029835054887936,,ratio,https://www.aramco.com/-/media/publications/corporate-reports/annual-reports/saudi-aramco-ara-2022-english.pdf,,,,,net_income / average(total_equity)
Saudi Arabian Oil Company (Aramco),SA,2222,2021,,2021-12-31,fy,calculated,return_on_tangible_equity,consolidated,{},0.3462948858870029835054887936,,ratio,https://www.aramco.com/-/media/publications/corporate-reports/annual-reports/saudi-aramco-ara-2022-english.pdf,,,,,net_income / average(total_equity - intangible_assets)
Saudi Arabian Oil Company (Aramco),SA,2222,2021,,2021-12-31,fy,financial,الإيرادات,consolidated,{},1346930000000,SAR,SAR,https://www.aramco.com/-/media/publications/corporate-reports/annual-reports/saudi-aramco-ara-2022-english.pdf,,,,,
Saudi Arabian Oil Company (Aramco),SA,2222,2021,,2021-12-31,fy,financial,الإيرادات والدخل الآخر المرتبط بالمبيعات,consolidated,{},1501758000000,SAR,SAR,https://www.aramco.com/-/media/publications/corporate-reports/annual-reports/saudi-aramco-ara-2022-english.pdf,35,summarized consolidated statement of income,,,
Saudi Arabian Oil Company (Aramco),SA,2222,2021,,2021-12-31,fy,calculated,revenue_growth,consolidated,{},0.753566225626831608534726191,,ratio,https://www.aramco.com/-/media/publications/corporate-reports/annual-reports/saudi-aramco-ara-2022-english.pdf,,,,,revenue / prior_fy(revenue) - 1
Saudi Arabian Oil Company (Aramco),SA,2222,2021,,2021-12-31,fy,ratio,العائد على متوسط رأس المال المستخدم,consolidated,{},24.4,,percent,https://www.aramco.com/-/media/publications/corporate-reports/annual-reports/saudi-aramco-ara-2022-english.pdf,38,ROACE,,,
Saudi Arabian Oil Company (Aramco),SA,2222,2021,,2021-12-31,fy,operational,موثوقية الإمداد,consolidated,{},99.9,,percent,https://www.aramco.com/-/media/publications/corporate-reports/annual-reports/saudi-aramco-ara-2022-english.pdf,30,operational highlights,,,
Saudi Arabian Oil Company (Aramco),SA,2222,2021,,2021-12-31,instant,financial,tangible_book_value,consolidated,{},1280668000000,SAR,SAR,https://www.aramco.com/-/media/publications/corporate-reports/annual-reports/saudi-aramco-ara-2022-english.pdf,,,,,total_equity - intangible_assets
Saudi Arabian Oil Company (Aramco),SA,2222,2021,,2021-12-31,instant,financial,إجمالي الأصول,consolidated,{},2162690000000,SAR,SAR,https://www.aramco.com/-/media/publications/corporate-reports/annual-reports/saudi-aramco-ara-2022-english.pdf,,,,,
Saudi Arabian Oil Company (Aramco),SA,2222,2021,,2021-12-31,instant,financial,حقوق الملكية,consolidated,{},1280668000000,SAR,SAR,https://www.aramco.com/-/media/publications/corporate-reports/annual-reports/saudi-aramco-ara-2022-english.pdf,,,,,
Saudi Arabian Oil Company (Aramco),SA,2222,2021,,2021-12-31,fy,operational,إجمالي إنتاج الغاز,consolidated,{},10.136,,bscfd,https://www.aramco.com/-/media/publications/corporate-reports/annual-reports/saudi-aramco-ara-2022-english.pdf,43,upstream hydrocarbon production,,,
Saudi Arabian Oil Company (Aramco),SA,2222,2021,,2021-12-31,fy,operational,إجمالي إنتاج الهيدروكربونات,consolidated,{},12.343,,mmboed,https://www.aramco.com/-/media/publications/corporate-reports/annual-reports/saudi-aramco-ara-2022-english.pdf,43,upstream hydrocarbon production,,,
Saudi Arabian Oil Company (Aramco),SA,2222,2021,,2021-12-31,instant,operational,إجمالي احتياطيات الهيدروكربونات,consolidated,{},253.6,,billion_boe,https://www.aramco.com/-/media/publications/corporate-reports/annual-reports/saudi-aramco-ara-2022-english.pdf,41,hydrocarbon reserves,,,
Saudi Arabian Oil Company (Aramco),SA,2222,2021,,2021-12-31,instant,financial,إجمالي الالتزامات,consolidated,{},882022000000,SAR,SAR,https://www.aramco.com/-/media/publications/corporate-reports/annual-reports/saudi-aramco-ara-2022-english.pdf,,,,,
Saudi Arabian Oil Company (Aramco),SA,2222,2021,,2021-12-31,fy,operational,إجمالي إنتاج السوائل,consolidated,{},10.359,,mmbpd,https://www.aramco.com/-/media/publications/corporate-reports/annual-reports/saudi-aramco-ara-2022-english.pdf,43,upstream hydrocarbon production,,,
Saudi Arabian Oil Company (Aramco),SA,2222,2020,,2020-12-31,fy,calculated,accrual_ratio,consolidated,{},-0.05304083403464835777357424092,,ratio,https://www.aramco.com/-/media/publications/corporate-reports/annual-reports/saudi-aramco-ara-2022-english.pdf,,,,,(net_income - operating_cash_flow) / total_assets
Saudi Arabian Oil Company (Aramco),SA,2222,2020,,2020-12-31,instant,calculated,asset_growth,consolidated,{},0.281191144521947948165014196,,ratio,https://www.aramco.com/-/media/publications/corporate-reports/annual-reports/saudi-aramco-ara-2022-english.pdf,,,,,total_assets / prior_fy(total_assets) - 1
Saudi Arabian Oil Company (Aramco),SA,2222,2020,,2020-12-31,fy,ratio,asset_turnover,consolidated,{},0.4507170107150391079416744636,,ratio,https://www.aramco.com/-/media/publications/corporate-reports/annual-reports/saudi-aramco-ara-2022-english.pdf,,,,,revenue / average(total_assets)
Saudi Arabian Oil Company (Aramco),SA,2222,2020,,2020-12-31,fy,ratio,cash_conversion_of_earnings,consolidated,{},1.552526896056333429471656427,,ratio,https://www.aramco.com/-/media/publications/corporate-reports/annual-reports/saudi-aramco-ara-2022-english.pdf,,,,,operating_cash_flow / net_income
Saudi Arabian Oil Company (Aramco),SA,2222,2020,,2020-12-31,fy,ratio,cash_return_on_assets,consolidated,{},0.1674088065703806521970656501,,ratio,https://www.aramco.com/-/media/publications/corporate-reports/annual-reports/saudi-aramco-ara-2022-english.pdf,,,,,operating_cash_flow / average(total_assets)
Saudi Arabian Oil Company (Aramco),SA,2222,2020,,2020-12-31,fy,ratio,cash_return_on_equity,consolidated,{},0.2657226722127815532692009469,,ratio,https://www.aramco.com/-/media/publications/corporate-reports/annual-reports/saudi-aramco-ara-2022-english.pdf,,,,,operating_cash_flow / average(total_equity)
Saudi Arabian Oil Company (Aramco),SA,2222,2020,,2020-12-31,fy,ratio,cfo_margin,consolidated,{},0.3714277530923345514764180605,,ratio,https://www.aramco.com/-/media/publications/corporate-reports/annual-reports/saudi-aramco-ara-2022-english.pdf,,,,,operating_cash_flow / revenue
Saudi Arabian Oil Company (Aramco),SA,2222,2020,,2020-12-31,fy,ratio,effective_tax_rate,consolidated,{},0.5065758382918394088458316328,,ratio,https://www.aramco.com/-/media/publications/corporate-reports/annual-reports/saudi-aramco-ara-2022-english.pdf,,,,,abs(income_taxes_and_zakat) / income_before_income_taxes_and_zakat
Saudi Arabian Oil Company (Aramco),SA,2222,2020,,2020-12-31,instant,calculated,equity_growth,consolidated,{},0.052434682456618254980955521,,ratio,https://www.aramco.com/-/media/publications/corporate-reports/annual-reports/saudi-aramco-ara-2022-english.pdf,,,,,total_equity / prior_fy(total_equity) - 1
Saudi Arabian Oil Company (Aramco),SA,2222,2020,,2020-12-31,instant,ratio,equity_ratio,consolidated,{},0.5752057843731863105396808481,,ratio,https://www.aramco.com/-/media/publications/corporate-reports/annual-reports/saudi-aramco-ara-2022-english.pdf,,,,,total_equity / total_assets
Saudi Arabian Oil Company (Aramco),SA,2222,2020,,2020-12-31,fy,financial,financing_cash_flow,consolidated,{},-234872000000,SAR,SAR,https://www.aramco.com/-/media/publications/corporate-reports/annual-reports/saudi-aramco-ara-2022-english.pdf,118,historical financial highlights - summarized consolidated statement of cash flows,,,
Saudi Arabian Oil Company (Aramco),SA,2222,2020,,2020-12-31,fy,financial,الدخل قبل الضرائب والزكاة,consolidated,{},372424000000,SAR,SAR,https://www.aramco.com/-/media/publications/corporate-reports/annual-reports/saudi-aramco-ara-2022-english.pdf,118,historical financial highlights - summarized consolidated statement of income,,,
Saudi Arabian Oil Company (Aramco),SA,2222,2020,,2020-12-31,fy,calculated,income_quality,consolidated,{},1.552526896056333429471656427,,ratio,https://www.aramco.com/-/media/publications/corporate-reports/annual-reports/saudi-aramco-ara-2022-english.pdf,,,,,operating_cash_flow / net_income
Saudi Arabian Oil Company (Aramco),SA,2222,2020,,2020-12-31,fy,financial,ضرائب الدخل والزكاة,consolidated,{},-188661000000,SAR,SAR,https://www.aramco.com/-/media/publications/corporate-reports/annual-reports/saudi-aramco-ara-2022-english.pdf,118,historical financial highlights - summarized consolidated statement of income,,,
Saudi Arabian Oil Company (Aramco),SA,2222,2020,,2020-12-31,fy,financial,investing_cash_flow,consolidated,{},-20899000000,SAR,SAR,https://www.aramco.com/-/media/publications/corporate-reports/annual-reports/saudi-aramco-ara-2022-english.pdf,118,historical financial highlights - summarized consolidated statement of cash flows,,,
Saudi Arabian Oil Company (Aramco),SA,2222,2020,,2020-12-31,instant,ratio,liabilities_to_assets,consolidated,{},0.4247942156268136894603191519,,ratio,https://www.aramco.com/-/media/publications/corporate-reports/annual-reports/saudi-aramco-ara-2022-english.pdf,,,,,total_liabilities / total_assets
Saudi Arabian Oil Company (Aramco),SA,2222,2020,,2020-12-31,instant,ratio,الالتزامات إلى حقوق الملكية,consolidated,{},0.7385082472522781887831556616,,ratio,https://www.aramco.com/-/media/publications/corporate-reports/annual-reports/saudi-aramco-ara-2022-english.pdf,,,,,total_liabilities / total_equity
Saudi Arabian Oil Company (Aramco),SA,2222,2020,,2020-12-31,fy,financial,صافي الربح,consolidated,{},183763000000,SAR,SAR,https://www.aramco.com/-/media/publications/corporate-reports/annual-reports/saudi-aramco-ara-2022-english.pdf,,,,,
Saudi Arabian Oil Company (Aramco),SA,2222,2020,,2020-12-31,fy,calculated,net_income_growth,consolidated,{},-0.4443093745558569428442694584,,ratio,https://www.aramco.com/-/media/publications/corporate-reports/annual-reports/saudi-aramco-ara-2022-english.pdf,,,,,net_income / prior_fy(net_income) - 1
Saudi Arabian Oil Company (Aramco),SA,2222,2020,,2020-12-31,fy,ratio,هامش صافي الربح,consolidated,{},0.2392407848365271074808393080,,ratio,https://www.aramco.com/-/media/publications/corporate-reports/annual-reports/saudi-aramco-ara-2022-english.pdf,,,,,net_income / revenue
Saudi Arabian Oil Company (Aramco),SA,2222,2020,,2020-12-31,fy,financial,التدفق النقدي التشغيلي,consolidated,{},285297000000,SAR,SAR,https://www.aramco.com/-/media/publications/corporate-reports/annual-reports/saudi-aramco-ara-2022-english.pdf,,,,,
Saudi Arabian Oil Company (Aramco),SA,2222,2020,,2020-12-31,fy,calculated,operating_cash_flow_growth,consolidated,{},-0.3150608961200780737955820603,,ratio,https://www.aramco.com/-/media/publications/corporate-reports/annual-reports/saudi-aramco-ara-2022-english.pdf,,,,,operating_cash_flow / prior_fy(operating_cash_flow) - 1
Saudi Arabian Oil Company (Aramco),SA,2222,2020,,2020-12-31,fy,financial,التكاليف التشغيلية,consolidated,{},-478731000000,SAR,SAR,https://www.aramco.com/-/media/publications/corporate-reports/annual-reports/saudi-aramco-ara-2022-english.pdf,118,historical financial highlights - summarized consolidated statement of income,,,
Saudi Arabian Oil Company (Aramco),SA,2222,2020,,2020-12-31,fy,financial,الدخل التشغيلي,consolidated,{},383360000000,SAR,SAR,https://www.aramco.com/-/media/publications/corporate-reports/annual-reports/saudi-aramco-ara-2022-english.pdf,118,historical financial highlights - summarized consolidated statement of income,,,
Saudi Arabian Oil Company (Aramco),SA,2222,2020,,2020-12-31,fy,calculated,operating_income_growth,consolidated,{},-0.4319506987261269190704593915,,ratio,https://www.aramco.com/-/media/publications/corporate-reports/annual-reports/saudi-aramco-ara-2022-english.pdf,,,,,operating_income / prior_fy(operating_income) - 1
Saudi Arabian Oil Company (Aramco),SA,2222,2020,,2020-12-31,fy,ratio,operating_margin,consolidated,{},0.4990958314510050005923638442,,ratio,https://www.aramco.com/-/media/publications/corporate-reports/annual-reports/saudi-aramco-ara-2022-english.pdf,,,,,operating_income / revenue
Saudi Arabian Oil Company (Aramco),SA,2222,2020,,2020-12-31,fy,financial,دخل آخر مرتبط بالمبيعات,consolidated,{},93982000000,SAR,SAR,https://www.aramco.com/-/media/publications/corporate-reports/annual-reports/saudi-aramco-ara-2022-english.pdf,118,historical financial highlights - summarized consolidated statement of income,,,
Saudi Arabian Oil Company (Aramco),SA,2222,2020,,2020-12-31,fy,ratio,pretax_margin,consolidated,{},0.4848582688134105966731284232,,ratio,https://www.aramco.com/-/media/publications/corporate-reports/annual-reports/saudi-aramco-ara-2022-english.pdf,,,,,income_before_income_taxes_and_zakat / revenue
Saudi Arabian Oil Company (Aramco),SA,2222,2020,,2020-12-31,fy,ratio,return_on_assets,consolidated,{},0.1078298913826393540404889468,,ratio,https://www.aramco.com/-/media/publications/corporate-reports/annual-reports/saudi-aramco-ara-2022-english.pdf,,,,,net_income / average(total_assets)
Saudi Arabian Oil Company (Aramco),SA,2222,2020,,2020-12-31,fy,ratio,return_on_equity,consolidated,{},0.1711549557613202261972897493,,ratio,https://www.aramco.com/-/media/publications/corporate-reports/annual-reports/saudi-aramco-ara-2022-english.pdf,,,,,net_income / average(total_equity)
Saudi Arabian Oil Company (Aramco),SA,2222,2020,,2020-12-31,fy,calculated,return_on_tangible_equity,consolidated,{},0.1711549557613202261972897493,,ratio,https://www.aramco.com/-/media/publications/corporate-reports/annual-reports/saudi-aramco-ara-2022-english.pdf,,,,,net_income / average(total_equity - intangible_assets)
Saudi Arabian Oil Company (Aramco),SA,2222,2020,,2020-12-31,fy,financial,الإيرادات,consolidated,{},768109000000,SAR,SAR,https://www.aramco.com/-/media/publications/corporate-reports/annual-reports/saudi-aramco-ara-2022-english.pdf,,,,,
Saudi Arabian Oil Company (Aramco),SA,2222,2020,,2020-12-31,fy,financial,الإيرادات والدخل الآخر المرتبط بالمبيعات,consolidated,{},862091000000,SAR,SAR,https://www.aramco.com/-/media/publications/corporate-reports/annual-reports/saudi-aramco-ara-2022-english.pdf,118,historical financial highlights - summarized consolidated statement of income,,,
Saudi Arabian Oil Company (Aramco),SA,2222,2020,,2020-12-31,fy,calculated,revenue_growth,consolidated,{},-0.3053162894683529650102740717,,ratio,https://www.aramco.com/-/media/publications/corporate-reports/annual-reports/saudi-aramco-ara-2022-english.pdf,,,,,revenue / prior_fy(revenue) - 1
Saudi Arabian Oil Company (Aramco),SA,2222,2020,,2020-12-31,instant,financial,tangible_book_value,consolidated,{},1101094000000,SAR,SAR,https://www.aramco.com/-/media/publications/corporate-reports/annual-reports/saudi-aramco-ara-2022-english.pdf,,,,,total_equity - intangible_assets
Saudi Arabian Oil Company (Aramco),SA,2222,2020,,2020-12-31,instant,financial,إجمالي الأصول,consolidated,{},1914261000000,SAR,SAR,https://www.aramco.com/-/media/publications/corporate-reports/annual-reports/saudi-aramco-ara-2022-english.pdf,,,,,
Saudi Arabian Oil Company (Aramco),SA,2222,2020,,2020-12-31,instant,financial,حقوق الملكية,consolidated,{},1101094000000,SAR,SAR,https://www.aramco.com/-/media/publications/corporate-reports/annual-reports/saudi-aramco-ara-2022-english.pdf,,,,,
Saudi Arabian Oil Company (Aramco),SA,2222,2020,,2020-12-31,instant,financial,إجمالي الالتزامات,consolidated,{},813167000000,SAR,SAR,https://www.aramco.com/-/media/publications/corporate-reports/annual-reports/saudi-aramco-ara-2022-english.pdf,,,,,
Saudi Arabian Oil Company (Aramco),SA,2222,2019,,2019-12-31,fy,calculated,accrual_ratio,consolidated,{},-0.05744897016717465595271081555,,ratio,https://www.aramco.com/-/media/publications/corporate-reports/annual-reports/saudi-aramco-ara-2022-english.pdf,,,,,(net_income - operating_cash_flow) / total_assets
Saudi Arabian Oil Company (Aramco),SA,2222,2019,,2019-12-31,fy,ratio,cash_conversion_of_earnings,consolidated,{},1.259564006495450463118360534,,ratio,https://www.aramco.com/-/media/publications/corporate-reports/annual-reports/saudi-aramco-ara-2022-english.pdf,,,,,operating_cash_flow / net_income
Saudi Arabian Oil Company (Aramco),SA,2222,2019,,2019-12-31,fy,ratio,cfo_margin,consolidated,{},0.3767120438167452898445865771,,ratio,https://www.aramco.com/-/media/publications/corporate-reports/annual-reports/saudi-aramco-ara-2022-english.pdf,,,,,operating_cash_flow / revenue
Saudi Arabian Oil Company (Aramco),SA,2222,2019,,2019-12-31,fy,ratio,effective_tax_rate,consolidated,{},0.5040158022380504573740027987,,ratio,https://www.aramco.com/-/media/publications/corporate-reports/annual-reports/saudi-aramco-ara-2022-english.pdf,,,,,abs(income_taxes_and_zakat) / income_before_income_taxes_and_zakat
Saudi Arabian Oil Company (Aramco),SA,2222,2019,,2019-12-31,instant,ratio,equity_ratio,consolidated,{},0.7002321089386035715863320764,,ratio,https://www.aramco.com/-/media/publications/corporate-reports/annual-reports/saudi-aramco-ara-2022-english.pdf,,,,,total_equity / total_assets
Saudi Arabian Oil Company (Aramco),SA,2222,2019,,2019-12-31,fy,financial,financing_cash_flow,consolidated,{},-244831000000,SAR,SAR,https://www.aramco.com/-/media/publications/corporate-reports/annual-reports/saudi-aramco-ara-2022-english.pdf,118,historical financial highlights - summarized consolidated statement of cash flows,,,
Saudi Arabian Oil Company (Aramco),SA,2222,2019,,2019-12-31,fy,financial,الدخل قبل الضرائب والزكاة,consolidated,{},666741000000,SAR,SAR,https://www.aramco.com/-/media/publications/corporate-reports/annual-reports/saudi-aramco-ara-2022-english.pdf,118,historical financial highlights - summarized consolidated statement of income,,,
Saudi Arabian Oil Company (Aramco),SA,2222,2019,,2019-12-31,fy,calculated,income_quality,consolidated,{},1.259564006495450463118360534,,ratio,https://www.aramco.com/-/media/publications/corporate-reports/annual-reports/saudi-aramco-ara-2022-english.pdf,,,,,operating_cash_flow / net_income
Saudi Arabian Oil Company (Aramco),SA,2222,2019,,2019-12-31,fy,financial,ضرائب الدخل والزكاة,consolidated,{},-336048000000,SAR,SAR,https://www.aramco.com/-/media/publications/corporate-reports/annual-reports/saudi-aramco-ara-2022-english.pdf,118,historical financial highlights - summarized consolidated statement of income,,,
Saudi Arabian Oil Company (Aramco),SA,2222,2019,,2019-12-31,fy,financial,investing_cash_flow,consolidated,{},-177144000000,SAR,SAR,https://www.aramco.com/-/media/publications/corporate-reports/annual-reports/saudi-aramco-ara-2022-english.pdf,118,historical financial highlights - summarized consolidated statement of cash flows,,,
Saudi Arabian Oil Company (Aramco),SA,2222,2019,,2019-12-31,instant,ratio,liabilities_to_assets,consolidated,{},0.2997678910613964284136679236,,ratio,https://www.aramco.com/-/media/publications/corporate-reports/annual-reports/saudi-aramco-ara-2022-english.pdf,,,,,total_liabilities / total_assets
Saudi Arabian Oil Company (Aramco),SA,2222,2019,,2019-12-31,instant,ratio,الالتزامات إلى حقوق الملكية,consolidated,{},0.4280978938766147184905876787,,ratio,https://www.aramco.com/-/media/publications/corporate-reports/annual-reports/saudi-aramco-ara-2022-english.pdf,,,,,total_liabilities / total_equity
Saudi Arabian Oil Company (Aramco),SA,2222,2019,,2019-12-31,fy,financial,صافي الربح,consolidated,{},330693000000,SAR,SAR,https://www.aramco.com/-/media/publications/corporate-reports/annual-reports/saudi-aramco-ara-2022-english.pdf,,,,,
Saudi Arabian Oil Company (Aramco),SA,2222,2019,,2019-12-31,fy,ratio,هامش صافي الربح,consolidated,{},0.2990813026365293896333169334,,ratio,https://www.aramco.com/-/media/publications/corporate-reports/annual-reports/saudi-aramco-ara-2022-english.pdf,,,,,net_income / revenue
Saudi Arabian Oil Company (Aramco),SA,2222,2019,,2019-12-31,fy,financial,التدفق النقدي التشغيلي,consolidated,{},416529000000,SAR,SAR,https://www.aramco.com/-/media/publications/corporate-reports/annual-reports/saudi-aramco-ara-2022-english.pdf,,,,,
Saudi Arabian Oil Company (Aramco),SA,2222,2019,,2019-12-31,fy,financial,التكاليف التشغيلية,consolidated,{},-561914000000,SAR,SAR,https://www.aramco.com/-/media/publications/corporate-reports/annual-reports/saudi-aramco-ara-2022-english.pdf,118,historical financial highlights - summarized consolidated statement of income,,,
Saudi Arabian Oil Company (Aramco),SA,2222,2019,,2019-12-31,fy,financial,الدخل التشغيلي,consolidated,{},674871000000,SAR,SAR,https://www.aramco.com/-/media/publications/corporate-reports/annual-reports/saudi-aramco-ara-2022-english.pdf,118,historical financial highlights - summarized consolidated statement of income,,,
Saudi Arabian Oil Company (Aramco),SA,2222,2019,,2019-12-31,fy,ratio,operating_margin,consolidated,{},0.6103585433971001070818742222,,ratio,https://www.aramco.com/-/media/publications/corporate-reports/annual-reports/saudi-aramco-ara-2022-english.pdf,,,,,operating_income / revenue
Saudi Arabian Oil Company (Aramco),SA,2222,2019,,2019-12-31,fy,financial,دخل آخر مرتبط بالمبيعات,consolidated,{},131089000000,SAR,SAR,https://www.aramco.com/-/media/publications/corporate-reports/annual-reports/saudi-aramco-ara-2022-english.pdf,118,historical financial highlights - summarized consolidated statement of income,,,
Saudi Arabian Oil Company (Aramco),SA,2222,2019,,2019-12-31,fy,ratio,pretax_margin,consolidated,{},0.6030057086215379272422076231,,ratio,https://www.aramco.com/-/media/publications/corporate-reports/annual-reports/saudi-aramco-ara-2022-english.pdf,,,,,income_before_income_taxes_and_zakat / revenue
Saudi Arabian Oil Company (Aramco),SA,2222,2019,,2019-12-31,fy,financial,الإيرادات,consolidated,{},1105696000000,SAR,SAR,https://www.aramco.com/-/media/publications/corporate-reports/annual-reports/saudi-aramco-ara-2022-english.pdf,,,,,
Saudi Arabian Oil Company (Aramco),SA,2222,2019,,2019-12-31,fy,financial,الإيرادات والدخل الآخر المرتبط بالمبيعات,consolidated,{},1236785000000,SAR,SAR,https://www.aramco.com/-/media/publications/corporate-reports/annual-reports/saudi-aramco-ara-2022-english.pdf,118,historical financial highlights - summarized consolidated statement of income,,,
Saudi Arabian Oil Company (Aramco),SA,2222,2019,,2019-12-31,instant,financial,tangible_book_value,consolidated,{},1046235000000,SAR,SAR,https://www.aramco.com/-/media/publications/corporate-reports/annual-reports/saudi-aramco-ara-2022-english.pdf,,,,,total_equity - intangible_assets
Saudi Arabian Oil Company (Aramco),SA,2222,2019,,2019-12-31,instant,financial,إجمالي الأصول,consolidated,{},1494126000000,SAR,SAR,https://www.aramco.com/-/media/publications/corporate-reports/annual-reports/saudi-aramco-ara-2022-english.pdf,,,,,
Saudi Arabian Oil Company (Aramco),SA,2222,2019,,2019-12-31,instant,financial,حقوق الملكية,consolidated,{},1046235000000,SAR,SAR,https://www.aramco.com/-/media/publications/corporate-reports/annual-reports/saudi-aramco-ara-2022-english.pdf,,,,,
Saudi Arabian Oil Company (Aramco),SA,2222,2019,,2019-12-31,instant,financial,إجمالي الالتزامات,consolidated,{},447891000000,SAR,SAR,https://www.aramco.com/-/media/publications/corporate-reports/annual-reports/saudi-aramco-ara-2022-english.pdf,,,,,
Apple Inc.,US,AAPL,2026,,2026-06-27,instant,calculated,asset_growth,consolidated,{},0.066877110352103462578046492,,ratio,https://www.sec.gov/Archives/edgar/data/320193/000032019326000020/aapl-20260627.htm,,,,,total_assets / prior_fy(total_assets) - 1
Apple Inc.,US,AAPL,2026,3,2026-06-27,ytd,financial,النفقات الرأسمالية,consolidated,{},6799000000,USD,USD,https://www.sec.gov/Archives/edgar/data/320193/000032019326000020/aapl-20260627.htm,,,,,
Apple Inc.,US,AAPL,2026,3,2026-06-27,ytd,ratio,capex_to_cfo,consolidated,{},0.05811309788368833122499914527,,ratio,https://www.sec.gov/Archives/edgar/data/320193/000032019326000020/aapl-20260627.htm,,,,,abs(capex) / operating_cash_flow
Apple Inc.,US,AAPL,2026,,2026-06-27,instant,financial,النقد وما في حكمه,consolidated,{},39544000000,USD,USD,https://www.sec.gov/Archives/edgar/data/320193/000032019326000020/aapl-20260627.htm,,,,,
Apple Inc.,US,AAPL,2026,3,2026-06-27,quarter,financial,ربحية السهم الأساسية والمخفضة,consolidated,{},2.02,USD,USD/shares,https://www.sec.gov/Archives/edgar/data/320193/000032019326000020/aapl-20260627.htm,,,,,
Apple Inc.,US,AAPL,2026,,2026-06-27,instant,calculated,equity_growth,consolidated,{},0.458234440481195665441525504,,ratio,https://www.sec.gov/Archives/edgar/data/320193/000032019326000020/aapl-20260627.htm,,,,,total_equity / prior_fy(total_equity) - 1
Apple Inc.,US,AAPL,2026,,2026-06-27,instant,ratio,equity_ratio,consolidated,{},0.2805362333209833379428386551,,ratio,https://www.sec.gov/Archives/edgar/data/320193/000032019326000020/aapl-20260627.htm,,,,,total_equity / total_assets
Apple Inc.,US,AAPL,2026,3,2026-06-27,ytd,calculated,التدفق النقدي الحر,consolidated,{},110197000000,USD,USD,https://www.sec.gov/Archives/edgar/data/320193/000032019326000020/aapl-20260627.htm,,,,,operating_cash_flow - abs(capex)
Apple Inc.,US,AAPL,2026,,2026-06-27,instant,ratio,liabilities_to_assets,consolidated,{},0.7194637666790166620571613449,,ratio,https://www.sec.gov/Archives/edgar/data/320193/000032019326000020/aapl-20260627.htm,,,,,total_liabilities / total_assets
Apple Inc.,US,AAPL,2026,,2026-06-27,instant,ratio,الالتزامات إلى حقوق الملكية,consolidated,{},2.564601934523809523809523810,,ratio,https://www.sec.gov/Archives/edgar/data/320193/000032019326000020/aapl-20260627.htm,,,,,total_liabilities / total_equity
Apple Inc.,US,AAPL,2026,3,2026-06-27,quarter,financial,صافي الربح,consolidated,{},29789000000,USD,USD,https://www.sec.gov/Archives/edgar/data/320193/000032019326000020/aapl-20260627.htm,,,,,
Apple Inc.,US,AAPL,2026,3,2026-06-27,quarter,ratio,هامش صافي الربح,consolidated,{},0.2722520266503376988950528711,,ratio,https://www.sec.gov/Archives/edgar/data/320193/000032019326000020/aapl-20260627.htm,,,,,net_income / revenue
Apple Inc.,US,AAPL,2026,3,2026-06-27,ytd,financial,التدفق النقدي التشغيلي,consolidated,{},116996000000,USD,USD,https://www.sec.gov/Archives/edgar/data/320193/000032019326000020/aapl-20260627.htm,,,,,
Apple Inc.,US,AAPL,2026,3,2026-06-27,quarter,financial,الإيرادات,consolidated,{},109417000000,USD,USD,https://www.sec.gov/Archives/edgar/data/320193/000032019326000020/aapl-20260627.htm,,,,,
Apple Inc.,US,AAPL,2026,,2026-06-27,instant,financial,tangible_book_value,consolidated,{},107520000000,USD,USD,https://www.sec.gov/Archives/edgar/data/320193/000032019326000020/aapl-20260627.htm,,,,,total_equity - intangible_assets
Apple Inc.,US,AAPL,2026,,2026-06-27,instant,financial,إجمالي الأصول,consolidated,{},383266000000,USD,USD,https://www.sec.gov/Archives/edgar/data/320193/000032019326000020/aapl-20260627.htm,,,,,
Apple Inc.,US,AAPL,2026,,2026-06-27,instant,financial,حقوق الملكية,consolidated,{},107520000000,USD,USD,https://www.sec.gov/Archives/edgar/data/320193/000032019326000020/aapl-20260627.htm,,,,,
Apple Inc.,US,AAPL,2026,,2026-06-27,instant,financial,إجمالي الالتزامات,consolidated,{},275746000000,USD,USD,https://www.sec.gov/Archives/edgar/data/320193/000032019326000020/aapl-20260627.htm,,,,,
Apple Inc.,US,AAPL,2026,,2026-03-28,instant,calculated,asset_growth,consolidated,{},0.032961159778533073897467160,,ratio,https://www.sec.gov/Archives/edgar/data/320193/000032019326000013/aapl-20260328.htm,,,,,total_assets / prior_fy(total_assets) - 1
Apple Inc.,US,AAPL,2026,2,2026-03-28,ytd,financial,النفقات الرأسمالية,consolidated,{},4344000000,USD,USD,https://www.sec.gov/Archives/edgar/data/320193/000032019326000013/aapl-20260328.htm,,,,,
Apple Inc.,US,AAPL,2026,2,2026-03-28,ytd,ratio,capex_to_cfo,consolidated,{},0.05257361395185593087005458264,,ratio,https://www.sec.gov/Archives/edgar/data/320193/000032019326000013/aapl-20260328.htm,,,,,abs(capex) / operating_cash_flow
Apple Inc.,US,AAPL,2026,2,2026-03-28,ytd,ratio,capex_to_revenue,consolidated,{},0.01703930336549776417980701341,,ratio,https://www.sec.gov/Archives/edgar/data/320193/000032019326000013/aapl-20260328.htm,,,,,abs(capex) / revenue
Apple Inc.,US,AAPL,2026,2,2026-03-28,ytd,ratio,cash_conversion_of_earnings,consolidated,{},1.152800837111963725148238577,,ratio,https://www.sec.gov/Archives/edgar/data/320193/000032019326000013/aapl-20260328.htm,,,,,operating_cash_flow / net_income
Apple Inc.,US,AAPL,2026,2,2026-03-28,ytd,ratio,cfo_margin,consolidated,{},0.3241037106770220444026045344,,ratio,https://www.sec.gov/Archives/edgar/data/320193/000032019326000013/aapl-20260328.htm,,,,,operating_cash_flow / revenue
Apple Inc.,US,AAPL,2026,,2026-03-28,instant,calculated,equity_growth,consolidated,{},0.444278681187527972549604655,,ratio,https://www.sec.gov/Archives/edgar/data/320193/000032019326000013/aapl-20260328.htm,,,,,total_equity / prior_fy(total_equity) - 1
Apple Inc.,US,AAPL,2026,,2026-03-28,instant,ratio,equity_ratio,consolidated,{},0.2869743075654437563665173735,,ratio,https://www.sec.gov/Archives/edgar/data/320193/000032019326000013/aapl-20260328.htm,,,,,total_equity / total_assets
Apple Inc.,US,AAPL,2026,2,2026-03-28,ytd,ratio,fcf_margin,consolidated,{},0.3070644073115242802227975210,,ratio,https://www.sec.gov/Archives/edgar/data/320193/000032019326000013/aapl-20260328.htm,,,,,free_cash_flow / revenue
Apple Inc.,US,AAPL,2026,2,2026-03-28,ytd,calculated,التدفق النقدي الحر,consolidated,{},78283000000,USD,USD,https://www.sec.gov/Archives/edgar/data/320193/000032019326000013/aapl-20260328.htm,,,,,operating_cash_flow - abs(capex)
Apple Inc.,US,AAPL,2026,2,2026-03-28,ytd,calculated,income_quality,consolidated,{},1.152800837111963725148238577,,ratio,https://www.sec.gov/Archives/edgar/data/320193/000032019326000013/aapl-20260328.htm,,,,,operating_cash_flow / net_income
Apple Inc.,US,AAPL,2026,,2026-03-28,instant,ratio,liabilities_to_assets,consolidated,{},0.7130256924345562436334826265,,ratio,https://www.sec.gov/Archives/edgar/data/320193/000032019326000013/aapl-20260328.htm,,,,,total_liabilities / total_assets
Apple Inc.,US,AAPL,2026,,2026-03-28,instant,ratio,الالتزامات إلى حقوق الملكية,consolidated,{},2.484632504155280727948840747,,ratio,https://www.sec.gov/Archives/edgar/data/320193/000032019326000013/aapl-20260328.htm,,,,,total_liabilities / total_equity
Apple Inc.,US,AAPL,2026,2,2026-03-28,quarter,financial,صافي الربح,consolidated,{},29578000000,USD,USD,https://www.sec.gov/Archives/edgar/data/320193/000032019326000013/aapl-20260328.htm,,,,,
Apple Inc.,US,AAPL,2026,2,2026-03-28,ytd,financial,صافي الربح,consolidated,{},71675000000,USD,USD,https://www.sec.gov/Archives/edgar/data/320193/000032019326000013/aapl-20260328.htm,,,,,
Apple Inc.,US,AAPL,2026,2,2026-03-28,quarter,ratio,هامش صافي الربح,consolidated,{},0.2660274859692042020434594906,,ratio,https://www.sec.gov/Archives/edgar/data/320193/000032019326000013/aapl-20260328.htm,,,,,net_income / revenue
Apple Inc.,US,AAPL,2026,2,2026-03-28,ytd,ratio,هامش صافي الربح,consolidated,{},0.2811445830391464658350984545,,ratio,https://www.sec.gov/Archives/edgar/data/320193/000032019326000013/aapl-20260328.htm,,,,,net_income / revenue
Apple Inc.,US,AAPL,2026,2,2026-03-28,ytd,financial,التدفق النقدي التشغيلي,consolidated,{},82627000000,USD,USD,https://www.sec.gov/Archives/edgar/data/320193/000032019326000013/aapl-20260328.htm,,,,,
Apple Inc.,US,AAPL,2026,2,2026-03-28,quarter,financial,الإيرادات,consolidated,{},111184000000,USD,USD,https://www.sec.gov/Archives/edgar/data/320193/000032019326000013/aapl-20260328.htm,,,,,
Apple Inc.,US,AAPL,2026,2,2026-03-28,ytd,financial,الإيرادات,consolidated,{},254940000000,USD,USD,https://www.sec.gov/Archives/edgar/data/320193/000032019326000013/aapl-20260328.htm,,,,,
Apple Inc.,US,AAPL,2026,,2026-03-28,instant,financial,tangible_book_value,consolidated,{},106491000000,USD,USD,https://www.sec.gov/Archives/edgar/data/320193/000032019326000013/aapl-20260328.htm,,,,,total_equity - intangible_assets
Apple Inc.,US,AAPL,2026,,2026-03-28,instant,financial,إجمالي الأصول,consolidated,{},371082000000,USD,USD,https://www.sec.gov/Archives/edgar/data/320193/000032019326000013/aapl-20260328.htm,,,,,
Apple Inc.,US,AAPL,2026,,2026-03-28,instant,financial,حقوق الملكية,consolidated,{},106491000000,USD,USD,https://www.sec.gov/Archives/edgar/data/320193/000032019326000013/aapl-20260328.htm,,,,,
Apple Inc.,US,AAPL,2026,,2026-03-28,instant,financial,إجمالي الالتزامات,consolidated,{},264591000000,USD,USD,https://www.sec.gov/Archives/edgar/data/320193/000032019326000013/aapl-20260328.htm,,,,,
Apple Inc.,US,AAPL,2026,,2025-12-27,instant,calculated,asset_growth,consolidated,{},0.055828816866671677230605638,,ratio,https://www.sec.gov/Archives/edgar/data/320193/000032019326000006/aapl-20251227.htm,,,,,total_assets / prior_fy(total_assets) - 1
Apple Inc.,US,AAPL,2026,1,2025-12-27,quarter,financial,النفقات الرأسمالية,consolidated,{},2373000000,USD,USD,https://www.sec.gov/Archives/edgar/data/320193/000032019326000006/aapl-20251227.htm,,,,,
Apple Inc.,US,AAPL,2026,1,2025-12-27,quarter,ratio,capex_to_cfo,consolidated,{},0.04400556328233657858136300417,,ratio,https://www.sec.gov/Archives/edgar/data/320193/000032019326000006/aapl-20251227.htm,,,,,abs(capex) / operating_cash_flow
Apple Inc.,US,AAPL,2026,1,2025-12-27,quarter,ratio,capex_to_revenue,consolidated,{},0.01650713709340827513286401959,,ratio,https://www.sec.gov/Archives/edgar/data/320193/000032019326000006/aapl-20251227.htm,,,,,abs(capex) / revenue
Apple Inc.,US,AAPL,2026,1,2025-12-27,quarter,ratio,cash_conversion_of_earnings,consolidated,{},1.280970140390051547616219683,,ratio,https://www.sec.gov/Archives/edgar/data/320193/000032019326000006/aapl-20251227.htm,,,,,operating_cash_flow / net_income
Apple Inc.,US,AAPL,2026,1,2025-12-27,quarter,ratio,cfo_margin,consolidated,{},0.3751147778179693369320237068,,ratio,https://www.sec.gov/Archives/edgar/data/320193/000032019326000006/aapl-20251227.htm,,,,,operating_cash_flow / revenue
Apple Inc.,US,AAPL,2026,,2025-12-27,instant,calculated,equity_growth,consolidated,{},0.196072314974299160484450653,,ratio,https://www.sec.gov/Archives/edgar/data/320193/000032019326000006/aapl-20251227.htm,,,,,total_equity / prior_fy(total_equity) - 1
Apple Inc.,US,AAPL,2026,,2025-12-27,instant,ratio,equity_ratio,consolidated,{},0.2325090891834103618009106320,,ratio,https://www.sec.gov/Archives/edgar/data/320193/000032019326000006/aapl-20251227.htm,,,,,total_equity / total_assets
Apple Inc.,US,AAPL,2026,1,2025-12-27,quarter,ratio,fcf_margin,consolidated,{},0.3586076407245610617991596872,,ratio,https://www.sec.gov/Archives/edgar/data/320193/000032019326000006/aapl-20251227.htm,,,,,free_cash_flow / revenue
Apple Inc.,US,AAPL,2026,1,2025-12-27,quarter,calculated,التدفق النقدي الحر,consolidated,{},51552000000,USD,USD,https://www.sec.gov/Archives/edgar/data/320193/000032019326000006/aapl-20251227.htm,,,,,operating_cash_flow - abs(capex)
Apple Inc.,US,AAPL,2026,1,2025-12-27,quarter,calculated,income_quality,consolidated,{},1.280970140390051547616219683,,ratio,https://www.sec.gov/Archives/edgar/data/320193/000032019326000006/aapl-20251227.htm,,,,,operating_cash_flow / net_income
Apple Inc.,US,AAPL,2026,,2025-12-27,instant,ratio,liabilities_to_assets,consolidated,{},0.7674909108165896381990893680,,ratio,https://www.sec.gov/Archives/edgar/data/320193/000032019326000006/aapl-20251227.htm,,,,,total_liabilities / total_assets
Apple Inc.,US,AAPL,2026,,2025-12-27,instant,ratio,الالتزامات إلى حقوق الملكية,consolidated,{},3.300907132327928336546093661,,ratio,https://www.sec.gov/Archives/edgar/data/320193/000032019326000006/aapl-20251227.htm,,,,,total_liabilities / total_equity
Apple Inc.,US,AAPL,2026,1,2025-12-27,quarter,financial,صافي الربح,consolidated,{},42097000000,USD,USD,https://www.sec.gov/Archives/edgar/data/320193/000032019326000006/aapl-20251227.htm,,,,,
Apple Inc.,US,AAPL,2026,1,2025-12-27,quarter,ratio,هامش صافي الربح,consolidated,{},0.2928364729124349592364840424,,ratio,https://www.sec.gov/Archives/edgar/data/320193/000032019326000006/aapl-20251227.htm,,,,,net_income / revenue
Apple Inc.,US,AAPL,2026,1,2025-12-27,quarter,financial,التدفق النقدي التشغيلي,consolidated,{},53925000000,USD,USD,https://www.sec.gov/Archives/edgar/data/320193/000032019326000006/aapl-20251227.htm,,,,,
Apple Inc.,US,AAPL,2026,1,2025-12-27,quarter,financial,الإيرادات,consolidated,{},143756000000,USD,USD,https://www.sec.gov/Archives/edgar/data/320193/000032019326000006/aapl-20251227.htm,,,,,
Apple Inc.,US,AAPL,2026,,2025-12-27,instant,financial,tangible_book_value,consolidated,{},88190000000,USD,USD,https://www.sec.gov/Archives/edgar/data/320193/000032019326000006/aapl-20251227.htm,,,,,total_equity - intangible_assets
Apple Inc.,US,AAPL,2026,,2025-12-27,instant,financial,إجمالي الأصول,consolidated,{},379297000000,USD,USD,https://www.sec.gov/Archives/edgar/data/320193/000032019326000006/aapl-20251227.htm,,,,,
Apple Inc.,US,AAPL,2026,,2025-12-27,instant,financial,حقوق الملكية,consolidated,{},88190000000,USD,USD,https://www.sec.gov/Archives/edgar/data/320193/000032019326000006/aapl-20251227.htm,,,,,
Apple Inc.,US,AAPL,2026,,2025-12-27,instant,financial,إجمالي الالتزامات,consolidated,{},291107000000,USD,USD,https://www.sec.gov/Archives/edgar/data/320193/000032019326000006/aapl-20251227.htm,,,,,
Apple Inc.,US,AAPL,2025,,2025-09-27,fy,calculated,accrual_ratio,consolidated,{},0.001469765422098257158843227805,,ratio,https://www.sec.gov/Archives/edgar/data/320193/000032019325000079/aapl-20250927.htm,,,,,(net_income - operating_cash_flow) / total_assets
Apple Inc.,US,AAPL,2025,,2025-09-27,instant,calculated,asset_growth,consolidated,{},-0.0157241492684530659214203518,,ratio,https://www.sec.gov/Archives/edgar/data/320193/000032019325000079/aapl-20250927.htm,,,,,total_assets / prior_fy(total_assets) - 1
Apple Inc.,US,AAPL,2025,,2025-09-27,fy,ratio,asset_turnover,consolidated,{},1.149265210481330974937208394,,ratio,https://www.sec.gov/Archives/edgar/data/320193/000032019325000079/aapl-20250927.htm,,,,,revenue / average(total_assets)
Apple Inc.,US,AAPL,2025,,2025-09-27,fy,financial,النفقات الرأسمالية,consolidated,{},12715000000,USD,USD,https://www.sec.gov/Archives/edgar/data/320193/000032019325000079/aapl-20250927.htm,,,,,
Apple Inc.,US,AAPL,2025,,2025-09-27,fy,ratio,capex_to_cfo,consolidated,{},0.1140542867906926678746344701,,ratio,https://www.sec.gov/Archives/edgar/data/320193/000032019325000079/aapl-20250927.htm,,,,,abs(capex) / operating_cash_flow
Apple Inc.,US,AAPL,2025,,2025-09-27,fy,ratio,capex_to_revenue,consolidated,{},0.03055307921693767556306333366,,ratio,https://www.sec.gov/Archives/edgar/data/320193/000032019325000079/aapl-20250927.htm,,,,,abs(capex) / revenue
Apple Inc.,US,AAPL,2025,,2025-09-27,fy,ratio,cash_conversion_of_earnings,consolidated,{},0.9952861351665029908043924650,,ratio,https://www.sec.gov/Archives/edgar/data/320193/000032019325000079/aapl-20250927.htm,,,,,operating_cash_flow / net_income
Apple Inc.,US,AAPL,2025,,2025-09-27,fy,ratio,cash_return_on_assets,consolidated,{},0.3078673498835300274363764652,,ratio,https://www.sec.gov/Archives/edgar/data/320193/000032019325000079/aapl-20250927.htm,,,,,operating_cash_flow / average(total_assets)
Apple Inc.,US,AAPL,2025,,2025-09-27,fy,ratio,cash_return_on_equity,consolidated,{},1.706143874872783759172960523,,ratio,https://www.sec.gov/Archives/edgar/data/320193/000032019325000079/aapl-20250927.htm,,,,,operating_cash_flow / average(total_equity)
Apple Inc.,US,AAPL,2025,,2025-09-27,fy,ratio,cfo_margin,consolidated,{},0.2678819014756308255699116448,,ratio,https://www.sec.gov/Archives/edgar/data/320193/000032019325000079/aapl-20250927.htm,,,,,operating_cash_flow / revenue
Apple Inc.,US,AAPL,2025,,2025-09-27,instant,calculated,equity_growth,consolidated,{},0.294697102721685689201053556,,ratio,https://www.sec.gov/Archives/edgar/data/320193/000032019325000079/aapl-20250927.htm,,,,,total_equity / prior_fy(total_equity) - 1
Apple Inc.,US,AAPL,2025,,2025-09-27,instant,ratio,equity_ratio,consolidated,{},0.2052466171734295361609615829,,ratio,https://www.sec.gov/Archives/edgar/data/320193/000032019325000079/aapl-20250927.htm,,,,,total_equity / total_assets
Apple Inc.,US,AAPL,2025,,2025-09-27,fy,ratio,fcf_margin,consolidated,{},0.2373288222586931500068483111,,ratio,https://www.sec.gov/Archives/edgar/data/320193/000032019325000079/aapl-20250927.htm,,,,,free_cash_flow / revenue
Apple Inc.,US,AAPL,2025,,2025-09-27,fy,calculated,التدفق النقدي الحر,consolidated,{},98767000000,USD,USD,https://www.sec.gov/Archives/edgar/data/320193/000032019325000079/aapl-20250927.htm,,,,,operating_cash_flow - abs(capex)
Apple Inc.,US,AAPL,2025,,2025-09-27,fy,calculated,free_cash_flow_growth,consolidated,{},-0.0922734750521565708088634003,,ratio,https://www.sec.gov/Archives/edgar/data/320193/000032019325000079/aapl-20250927.htm,,,,,free_cash_flow / prior_fy(free_cash_flow) - 1
Apple Inc.,US,AAPL,2025,,2025-09-27,fy,calculated,income_quality,consolidated,{},0.9952861351665029908043924650,,ratio,https://www.sec.gov/Archives/edgar/data/320193/000032019325000079/aapl-20250927.htm,,,,,operating_cash_flow / net_income
Apple Inc.,US,AAPL,2025,,2025-09-27,instant,ratio,liabilities_to_assets,consolidated,{},0.7947533828265704638390384171,,ratio,https://www.sec.gov/Archives/edgar/data/320193/000032019325000079/aapl-20250927.htm,,,,,total_liabilities / total_assets
Apple Inc.,US,AAPL,2025,,2025-09-27,instant,ratio,الالتزامات إلى حقوق الملكية,consolidated,{},3.872187487285204725156985339,,ratio,https://www.sec.gov/Archives/edgar/data/320193/000032019325000079/aapl-20250927.htm,,,,,total_liabilities / total_equity
Apple Inc.,US,AAPL,2025,,2025-09-27,fy,financial,صافي الربح,consolidated,{},112010000000,USD,USD,https://www.sec.gov/Archives/edgar/data/320193/000032019325000079/aapl-20250927.htm,,,,,
Apple Inc.,US,AAPL,2025,,2025-09-27,fy,calculated,net_income_cagr_3y,consolidated,{},0.039212592033254031021802072,,ratio,https://www.sec.gov/Archives/edgar/data/320193/000032019325000079/aapl-20250927.htm,,,,,(net_income / prior_3y(net_income)) ^ (1/3) - 1
Apple Inc.,US,AAPL,2025,,2025-09-27,fy,calculated,net_income_cagr_5y,consolidated,{},0.143016072147862988921968503,,ratio,https://www.sec.gov/Archives/edgar/data/320193/000032019325000079/aapl-20250927.htm,,,,,(net_income / prior_5y(net_income)) ^ (1/5) - 1
Apple Inc.,US,AAPL,2025,,2025-09-27,fy,calculated,net_income_growth,consolidated,{},0.194951779465733549543398481,,ratio,https://www.sec.gov/Archives/edgar/data/320193/000032019325000079/aapl-20250927.htm,,,,,net_income / prior_fy(net_income) - 1
Apple Inc.,US,AAPL,2025,,2025-09-27,fy,ratio,هامش صافي الربح,consolidated,{},0.2691506412181823861438241450,,ratio,https://www.sec.gov/Archives/edgar/data/320193/000032019325000079/aapl-20250927.htm,,,,,net_income / revenue
Apple Inc.,US,AAPL,2025,,2025-09-27,fy,financial,التدفق النقدي التشغيلي,consolidated,{},111482000000,USD,USD,https://www.sec.gov/Archives/edgar/data/320193/000032019325000079/aapl-20250927.htm,,,,,
Apple Inc.,US,AAPL,2025,,2025-09-27,fy,calculated,operating_cash_flow_growth,consolidated,{},-0.0572665618076344140578754207,,ratio,https://www.sec.gov/Archives/edgar/data/320193/000032019325000079/aapl-20250927.htm,,,,,operating_cash_flow / prior_fy(operating_cash_flow) - 1
Apple Inc.,US,AAPL,2025,,2025-09-27,fy,ratio,return_on_assets,consolidated,{},0.3093254683307995763724056607,,ratio,https://www.sec.gov/Archives/edgar/data/320193/000032019325000079/aapl-20250927.htm,,,,,net_income / average(total_assets)
Apple Inc.,US,AAPL,2025,,2025-09-27,fy,ratio,return_on_equity,consolidated,{},1.714224497448023078747809585,,ratio,https://www.sec.gov/Archives/edgar/data/320193/000032019325000079/aapl-20250927.htm,,,,,net_income / average(total_equity)
Apple Inc.,US,AAPL,2025,,2025-09-27,fy,calculated,return_on_tangible_equity,consolidated,{},1.714224497448023078747809585,,ratio,https://www.sec.gov/Archives/edgar/data/320193/000032019325000079/aapl-20250927.htm,,,,,net_income / average(total_equity - intangible_assets)
Apple Inc.,US,AAPL,2025,,2025-09-27,fy,financial,الإيرادات,consolidated,{},416161000000,USD,USD,https://www.sec.gov/Archives/edgar/data/320193/000032019325000079/aapl-20250927.htm,,,,,
Apple Inc.,US,AAPL,2025,,2025-09-27,fy,calculated,revenue_cagr_3y,consolidated,{},0.018125357434793911474247417,,ratio,https://www.sec.gov/Archives/edgar/data/320193/000032019325000079/aapl-20250927.htm,,,,,(revenue / prior_3y(revenue)) ^ (1/3) - 1
Apple Inc.,US,AAPL,2025,,2025-09-27,fy,calculated,revenue_cagr_5y,consolidated,{},0.086773549240907525990418727,,ratio,https://www.sec.gov/Archives/edgar/data/320193/000032019325000079/aapl-20250927.htm,,,,,(revenue / prior_5y(revenue)) ^ (1/5) - 1
Apple Inc.,US,AAPL,2025,,2025-09-27,fy,calculated,revenue_growth,consolidated,{},0.064255117828327387574002327,,ratio,https://www.sec.gov/Archives/edgar/data/320193/000032019325000079/aapl-20250927.htm,,,,,revenue / prior_fy(revenue) - 1
Apple Inc.,US,AAPL,2025,,2025-09-27,instant,financial,tangible_book_value,consolidated,{},73733000000,USD,USD,https://www.sec.gov/Archives/edgar/data/320193/000032019325000079/aapl-20250927.htm,,,,,total_equity - intangible_assets
Apple Inc.,US,AAPL,2025,,2025-09-27,instant,financial,إجمالي الأصول,consolidated,{},359241000000,USD,USD,https://www.sec.gov/Archives/edgar/data/320193/000032019325000079/aapl-20250927.htm,,,,,
Apple Inc.,US,AAPL,2025,,2025-09-27,instant,financial,حقوق الملكية,consolidated,{},73733000000,USD,USD,https://www.sec.gov/Archives/edgar/data/320193/000032019325000079/aapl-20250927.htm,,,,,
Apple Inc.,US,AAPL,2025,,2025-09-27,instant,financial,إجمالي الالتزامات,consolidated,{},285508000000,USD,USD,https://www.sec.gov/Archives/edgar/data/320193/000032019325000079/aapl-20250927.htm,,,,,
Apple Inc.,US,AAPL,2024,,2024-09-28,fy,calculated,accrual_ratio,consolidated,{},-0.06717628363197983451148008110,,ratio,https://www.sec.gov/Archives/edgar/data/320193/000032019325000079/aapl-20250927.htm,,,,,(net_income - operating_cash_flow) / total_assets
Apple Inc.,US,AAPL,2024,,2024-09-28,fy,financial,النفقات الرأسمالية,consolidated,{},9447000000,USD,USD,https://www.sec.gov/Archives/edgar/data/320193/000032019325000079/aapl-20250927.htm,,,,,
Apple Inc.,US,AAPL,2024,,2024-09-28,fy,ratio,capex_to_cfo,consolidated,{},0.07988736110406413313714546654,,ratio,https://www.sec.gov/Archives/edgar/data/320193/000032019325000079/aapl-20250927.htm,,,,,abs(capex) / operating_cash_flow
Apple Inc.,US,AAPL,2024,,2024-09-28,fy,ratio,capex_to_revenue,consolidated,{},0.02415896275269477156776247650,,ratio,https://www.sec.gov/Archives/edgar/data/320193/000032019325000079/aapl-20250927.htm,,,,,abs(capex) / revenue
Apple Inc.,US,AAPL,2024,,2024-09-28,fy,ratio,cash_conversion_of_earnings,consolidated,{},1.261564393616113339592045745,,ratio,https://www.sec.gov/Archives/edgar/data/320193/000032019325000079/aapl-20250927.htm,,,,,operating_cash_flow / net_income
Apple Inc.,US,AAPL,2024,,2024-09-28,fy,ratio,cfo_margin,consolidated,{},0.3024128274962599255821090184,,ratio,https://www.sec.gov/Archives/edgar/data/320193/000032019325000079/aapl-20250927.htm,,,,,operating_cash_flow / revenue
Apple Inc.,US,AAPL,2024,,2024-09-28,instant,ratio,equity_ratio,consolidated,{},0.1560359471751876815167954408,,ratio,https://www.sec.gov/Archives/edgar/data/320193/000032019325000079/aapl-20250927.htm,,,,,total_equity / total_assets
Apple Inc.,US,AAPL,2024,,2024-09-28,fy,ratio,fcf_margin,consolidated,{},0.2782538647435651540143465419,,ratio,https://www.sec.gov/Archives/edgar/data/320193/000032019325000079/aapl-20250927.htm,,,,,free_cash_flow / revenue
Apple Inc.,US,AAPL,2024,,2024-09-28,fy,calculated,التدفق النقدي الحر,consolidated,{},108807000000,USD,USD,https://www.sec.gov/Archives/edgar/data/320193/000032019325000079/aapl-20250927.htm,,,,,operating_cash_flow - abs(capex)
Apple Inc.,US,AAPL,2024,,2024-09-28,fy,calculated,free_cash_flow_growth,consolidated,{},0.092615279562982005141388175,,ratio,https://www.sec.gov/Archives/edgar/data/320193/000032019325000079/aapl-20250927.htm,,,,,free_cash_flow / prior_fy(free_cash_flow) - 1
Apple Inc.,US,AAPL,2024,,2024-09-28,fy,calculated,income_quality,consolidated,{},1.261564393616113339592045745,,ratio,https://www.sec.gov/Archives/edgar/data/320193/000032019325000079/aapl-20250927.htm,,,,,operating_cash_flow / net_income
Apple Inc.,US,AAPL,2024,,2024-09-28,instant,ratio,liabilities_to_assets,consolidated,{},0.8439640528248123184832045592,,ratio,https://www.sec.gov/Archives/edgar/data/320193/000032019325000079/aapl-20250927.htm,,,,,total_liabilities / total_assets
Apple Inc.,US,AAPL,2024,,2024-09-28,instant,ratio,الالتزامات إلى حقوق الملكية,consolidated,{},5.408779631255487269534679543,,ratio,https://www.sec.gov/Archives/edgar/data/320193/000032019325000079/aapl-20250927.htm,,,,,total_liabilities / total_equity
Apple Inc.,US,AAPL,2024,,2024-09-28,fy,financial,صافي الربح,consolidated,{},93736000000,USD,USD,https://www.sec.gov/Archives/edgar/data/320193/000032019325000079/aapl-20250927.htm,,,,,
Apple Inc.,US,AAPL,2024,,2024-09-28,fy,calculated,net_income_cagr_3y,consolidated,{},-0.0033345826486970685388245809,,ratio,https://www.sec.gov/Archives/edgar/data/320193/000032019325000079/aapl-20250927.htm,,,,,(net_income / prior_3y(net_income)) ^ (1/3) - 1
Apple Inc.,US,AAPL,2024,,2024-09-28,fy,calculated,net_income_cagr_5y,consolidated,{},0.111489577839835197853203961,,ratio,https://www.sec.gov/Archives/edgar/data/320193/000032019325000079/aapl-20250927.htm,,,,,(net_income / prior_5y(net_income)) ^ (1/5) - 1
Apple Inc.,US,AAPL,2024,,2024-09-28,fy,calculated,net_income_growth,consolidated,{},-0.0335996700860869116964792000,,ratio,https://www.sec.gov/Archives/edgar/data/320193/000032019325000079/aapl-20250927.htm,,,,,net_income / prior_fy(net_income) - 1
Apple Inc.,US,AAPL,2024,,2024-09-28,fy,ratio,هامش صافي الربح,consolidated,{},0.2397125576994386691728361911,,ratio,https://www.sec.gov/Archives/edgar/data/320193/000032019325000079/aapl-20250927.htm,,,,,net_income / revenue
Apple Inc.,US,AAPL,2024,,2024-09-28,fy,financial,التدفق النقدي التشغيلي,consolidated,{},118254000000,USD,USD,https://www.sec.gov/Archives/edgar/data/320193/000032019325000079/aapl-20250927.htm,,,,,
Apple Inc.,US,AAPL,2024,,2024-09-28,fy,calculated,operating_cash_flow_growth,consolidated,{},0.069755660693123942719122875,,ratio,https://www.sec.gov/Archives/edgar/data/320193/000032019325000079/aapl-20250927.htm,,,,,operating_cash_flow / prior_fy(operating_cash_flow) - 1
Apple Inc.,US,AAPL,2024,,2024-09-28,fy,financial,الإيرادات,consolidated,{},391035000000,USD,USD,https://www.sec.gov/Archives/edgar/data/320193/000032019325000079/aapl-20250927.htm,,,,,
Apple Inc.,US,AAPL,2024,,2024-09-28,fy,calculated,revenue_cagr_3y,consolidated,{},0.022470018995018968376933709,,ratio,https://www.sec.gov/Archives/edgar/data/320193/000032019325000079/aapl-20250927.htm,,,,,(revenue / prior_3y(revenue)) ^ (1/3) - 1
Apple Inc.,US,AAPL,2024,,2024-09-28,fy,calculated,revenue_cagr_5y,consolidated,{},0.084901594340847746568753164,,ratio,https://www.sec.gov/Archives/edgar/data/320193/000032019325000079/aapl-20250927.htm,,,,,(revenue / prior_5y(revenue)) ^ (1/5) - 1
Apple Inc.,US,AAPL,2024,,2024-09-28,fy,calculated,revenue_growth,consolidated,{},0.020219940775141213457348970,,ratio,https://www.sec.gov/Archives/edgar/data/320193/000032019325000079/aapl-20250927.htm,,,,,revenue / prior_fy(revenue) - 1
Apple Inc.,US,AAPL,2024,,2024-09-28,instant,financial,tangible_book_value,consolidated,{},56950000000,USD,USD,https://www.sec.gov/Archives/edgar/data/320193/000032019325000079/aapl-20250927.htm,,,,,total_equity - intangible_assets
Apple Inc.,US,AAPL,2024,,2024-09-28,instant,financial,إجمالي الأصول,consolidated,{},364980000000,USD,USD,https://www.sec.gov/Archives/edgar/data/320193/000032019325000079/aapl-20250927.htm,,,,,
Apple Inc.,US,AAPL,2024,,2024-09-28,instant,financial,حقوق الملكية,consolidated,{},56950000000,USD,USD,https://www.sec.gov/Archives/edgar/data/320193/000032019325000079/aapl-20250927.htm,,,,,
Apple Inc.,US,AAPL,2024,,2024-09-28,instant,financial,إجمالي الالتزامات,consolidated,{},308030000000,USD,USD,https://www.sec.gov/Archives/edgar/data/320193/000032019325000079/aapl-20250927.htm,,,,,
Apple Inc.,US,AAPL,2023,,2023-09-30,fy,financial,النفقات الرأسمالية,consolidated,{},10959000000,USD,USD,https://www.sec.gov/Archives/edgar/data/320193/000032019325000079/aapl-20250927.htm,,,,,
Apple Inc.,US,AAPL,2023,,2023-09-30,fy,ratio,capex_to_cfo,consolidated,{},0.09913789204201080122667197380,,ratio,https://www.sec.gov/Archives/edgar/data/320193/000032019325000079/aapl-20250927.htm,,,,,abs(capex) / operating_cash_flow
Apple Inc.,US,AAPL,2023,,2023-09-30,fy,ratio,capex_to_revenue,consolidated,{},0.02859230076835774945536611138,,ratio,https://www.sec.gov/Archives/edgar/data/320193/000032019325000079/aapl-20250927.htm,,,,,abs(capex) / revenue
Apple Inc.,US,AAPL,2023,,2023-09-30,fy,ratio,cash_conversion_of_earnings,consolidated,{},1.139677302953760503118717460,,ratio,https://www.sec.gov/Archives/edgar/data/320193/000032019325000079/aapl-20250927.htm,,,,,operating_cash_flow / net_income
Apple Inc.,US,AAPL,2023,,2023-09-30,fy,ratio,cfo_margin,consolidated,{},0.2884094081427658269955777033,,ratio,https://www.sec.gov/Archives/edgar/data/320193/000032019325000079/aapl-20250927.htm,,,,,operating_cash_flow / revenue
Apple Inc.,US,AAPL,2023,,2023-09-30,fy,ratio,fcf_margin,consolidated,{},0.2598171073744080775402115919,,ratio,https://www.sec.gov/Archives/edgar/data/320193/000032019325000079/aapl-20250927.htm,,,,,free_cash_flow / revenue
Apple Inc.,US,AAPL,2023,,2023-09-30,fy,calculated,التدفق النقدي الحر,consolidated,{},99584000000,USD,USD,https://www.sec.gov/Archives/edgar/data/320193/000032019325000079/aapl-20250927.htm,,,,,operating_cash_flow - abs(capex)
Apple Inc.,US,AAPL,2023,,2023-09-30,fy,calculated,free_cash_flow_growth,consolidated,{},-0.1064131439390540455658946726,,ratio,https://www.sec.gov/Archives/edgar/data/320193/000032019325000079/aapl-20250927.htm,,,,,free_cash_flow / prior_fy(free_cash_flow) - 1
Apple Inc.,US,AAPL,2023,,2023-09-30,fy,calculated,income_quality,consolidated,{},1.139677302953760503118717460,,ratio,https://www.sec.gov/Archives/edgar/data/320193/000032019325000079/aapl-20250927.htm,,,,,operating_cash_flow / net_income
Apple Inc.,US,AAPL,2023,,2023-09-30,fy,financial,صافي الربح,consolidated,{},96995000000,USD,USD,https://www.sec.gov/Archives/edgar/data/320193/000032019325000079/aapl-20250927.htm,,,,,
Apple Inc.,US,AAPL,2023,,2023-09-30,fy,calculated,net_income_cagr_3y,consolidated,{},0.191017324041809147829345446,,ratio,https://www.sec.gov/Archives/edgar/data/320193/000032019325000079/aapl-20250927.htm,,,,,(net_income / prior_3y(net_income)) ^ (1/3) - 1
Apple Inc.,US,AAPL,2023,,2023-09-30,fy,calculated,net_income_growth,consolidated,{},-0.0281354267907778323296894883,,ratio,https://www.sec.gov/Archives/edgar/data/320193/000032019325000079/aapl-20250927.htm,,,,,net_income / prior_fy(net_income) - 1
Apple Inc.,US,AAPL,2023,,2023-09-30,fy,ratio,هامش صافي الربح,consolidated,{},0.2530623426432028386187823682,,ratio,https://www.sec.gov/Archives/edgar/data/320193/000032019325000079/aapl-20250927.htm,,,,,net_income / revenue
Apple Inc.,US,AAPL,2023,,2023-09-30,fy,financial,التدفق النقدي التشغيلي,consolidated,{},110543000000,USD,USD,https://www.sec.gov/Archives/edgar/data/320193/000032019325000079/aapl-20250927.htm,,,,,
Apple Inc.,US,AAPL,2023,,2023-09-30,fy,calculated,operating_cash_flow_growth,consolidated,{},-0.0950299219818093998411801786,,ratio,https://www.sec.gov/Archives/edgar/data/320193/000032019325000079/aapl-20250927.htm,,,,,operating_cash_flow / prior_fy(operating_cash_flow) - 1
Apple Inc.,US,AAPL,2023,,2023-09-30,fy,financial,الإيرادات,consolidated,{},383285000000,USD,USD,https://www.sec.gov/Archives/edgar/data/320193/000032019325000079/aapl-20250927.htm,,,,,
Apple Inc.,US,AAPL,2023,,2023-09-30,fy,calculated,revenue_cagr_3y,consolidated,{},0.117682834603031194141752336,,ratio,https://www.sec.gov/Archives/edgar/data/320193/000032019325000079/aapl-20250927.htm,,,,,(revenue / prior_3y(revenue)) ^ (1/3) - 1
Apple Inc.,US,AAPL,2023,,2023-09-30,fy,calculated,revenue_growth,consolidated,{},-0.0280046053031993670244060782,,ratio,https://www.sec.gov/Archives/edgar/data/320193/000032019325000079/aapl-20250927.htm,,,,,revenue / prior_fy(revenue) - 1
Apple Inc.,US,AAPL,2022,,2022-09-24,fy,financial,النفقات الرأسمالية,consolidated,{},10708000000,USD,USD,https://www.sec.gov/Archives/edgar/data/320193/000032019323000106/aapl-20230930.htm,,,,,
Apple Inc.,US,AAPL,2022,,2022-09-24,fy,ratio,capex_to_cfo,consolidated,{},0.08766199212450164141104043356,,ratio,https://www.sec.gov/Archives/edgar/data/320193/000032019323000106/aapl-20230930.htm,,,,,abs(capex) / operating_cash_flow
Apple Inc.,US,AAPL,2022,,2022-09-24,fy,ratio,capex_to_revenue,consolidated,{},0.02715505873283155139883548721,,ratio,https://www.sec.gov/Archives/edgar/data/320193/000032019323000106/aapl-20230930.htm,,,,,abs(capex) / revenue
Apple Inc.,US,AAPL,2022,,2022-09-24,fy,ratio,cash_conversion_of_earnings,consolidated,{},1.223921124615492520264921896,,ratio,https://www.sec.gov/Archives/edgar/data/320193/000032019323000106/aapl-20230930.htm,,,,,operating_cash_flow / net_income
Apple Inc.,US,AAPL,2022,,2022-09-24,fy,ratio,cfo_margin,consolidated,{},0.3097700391552210342658903248,,ratio,https://www.sec.gov/Archives/edgar/data/320193/000032019323000106/aapl-20230930.htm,,,,,operating_cash_flow / revenue
Apple Inc.,US,AAPL,2022,,2022-09-24,fy,ratio,fcf_margin,consolidated,{},0.2826149804223894828670548376,,ratio,https://www.sec.gov/Archives/edgar/data/320193/000032019323000106/aapl-20230930.htm,,,,,free_cash_flow / revenue
Apple Inc.,US,AAPL,2022,,2022-09-24,fy,calculated,التدفق النقدي الحر,consolidated,{},111443000000,USD,USD,https://www.sec.gov/Archives/edgar/data/320193/000032019323000106/aapl-20230930.htm,,,,,operating_cash_flow - abs(capex)
Apple Inc.,US,AAPL,2022,,2022-09-24,fy,calculated,free_cash_flow_growth,consolidated,{},0.198917732617559411745720956,,ratio,https://www.sec.gov/Archives/edgar/data/320193/000032019323000106/aapl-20230930.htm,,,,,free_cash_flow / prior_fy(free_cash_flow) - 1
Apple Inc.,US,AAPL,2022,,2022-09-24,fy,calculated,income_quality,consolidated,{},1.223921124615492520264921896,,ratio,https://www.sec.gov/Archives/edgar/data/320193/000032019323000106/aapl-20230930.htm,,,,,operating_cash_flow / net_income
Apple Inc.,US,AAPL,2022,,2022-09-24,fy,financial,صافي الربح,consolidated,{},99803000000,USD,USD,https://www.sec.gov/Archives/edgar/data/320193/000032019323000106/aapl-20230930.htm,,,,,
Apple Inc.,US,AAPL,2022,,2022-09-24,fy,calculated,net_income_cagr_3y,consolidated,{},0.217833877484167130605392793,,ratio,https://www.sec.gov/Archives/edgar/data/320193/000032019323000106/aapl-20230930.htm,,,,,(net_income / prior_3y(net_income)) ^ (1/3) - 1
Apple Inc.,US,AAPL,2022,,2022-09-24,fy,calculated,net_income_growth,consolidated,{},0.054108576256865230249260668,,ratio,https://www.sec.gov/Archives/edgar/data/320193/000032019323000106/aapl-20230930.htm,,,,,net_income / prior_fy(net_income) - 1
Apple Inc.,US,AAPL,2022,,2022-09-24,fy,ratio,هامش صافي الربح,consolidated,{},0.2530964070519973220263334077,,ratio,https://www.sec.gov/Archives/edgar/data/320193/000032019323000106/aapl-20230930.htm,,,,,net_income / revenue
Apple Inc.,US,AAPL,2022,,2022-09-24,fy,financial,التدفق النقدي التشغيلي,consolidated,{},122151000000,USD,USD,https://www.sec.gov/Archives/edgar/data/320193/000032019323000106/aapl-20230930.htm,,,,,
Apple Inc.,US,AAPL,2022,,2022-09-24,fy,calculated,operating_cash_flow_growth,consolidated,{},0.174099848132413156731194371,,ratio,https://www.sec.gov/Archives/edgar/data/320193/000032019323000106/aapl-20230930.htm,,,,,operating_cash_flow / prior_fy(operating_cash_flow) - 1
Apple Inc.,US,AAPL,2022,,2022-09-24,fy,financial,الإيرادات,consolidated,{},394328000000,USD,USD,https://www.sec.gov/Archives/edgar/data/320193/000032019323000106/aapl-20230930.htm,,,,,
Apple Inc.,US,AAPL,2022,,2022-09-24,fy,calculated,revenue_cagr_3y,consolidated,{},0.148676952647344294430363543,,ratio,https://www.sec.gov/Archives/edgar/data/320193/000032019323000106/aapl-20230930.htm,,,,,(revenue / prior_3y(revenue)) ^ (1/3) - 1
Apple Inc.,US,AAPL,2022,,2022-09-24,fy,calculated,revenue_growth,consolidated,{},0.077937876041846059641842779,,ratio,https://www.sec.gov/Archives/edgar/data/320193/000032019323000106/aapl-20230930.htm,,,,,revenue / prior_fy(revenue) - 1
Apple Inc.,US,AAPL,2021,,2021-09-25,fy,financial,النفقات الرأسمالية,consolidated,{},11085000000,USD,USD,https://www.sec.gov/Archives/edgar/data/320193/000032019323000106/aapl-20230930.htm,,,,,
Apple Inc.,US,AAPL,2021,,2021-09-25,fy,ratio,capex_to_cfo,consolidated,{},0.1065476076049135892654606971,,ratio,https://www.sec.gov/Archives/edgar/data/320193/000032019323000106/aapl-20230930.htm,,,,,abs(capex) / operating_cash_flow
Apple Inc.,US,AAPL,2021,,2021-09-25,fy,ratio,capex_to_revenue,consolidated,{},0.03030203626403365617234846932,,ratio,https://www.sec.gov/Archives/edgar/data/320193/000032019323000106/aapl-20230930.htm,,,,,abs(capex) / revenue
Apple Inc.,US,AAPL,2021,,2021-09-25,fy,ratio,cash_conversion_of_earnings,consolidated,{},1.098838191803971271651880017,,ratio,https://www.sec.gov/Archives/edgar/data/320193/000032019323000106/aapl-20230930.htm,,,,,operating_cash_flow / net_income
Apple Inc.,US,AAPL,2021,,2021-09-25,fy,ratio,cfo_margin,consolidated,{},0.2843990301161509716606937348,,ratio,https://www.sec.gov/Archives/edgar/data/320193/000032019323000106/aapl-20230930.htm,,,,,operating_cash_flow / revenue
Apple Inc.,US,AAPL,2021,,2021-09-25,fy,ratio,fcf_margin,consolidated,{},0.2540969938521173154883452655,,ratio,https://www.sec.gov/Archives/edgar/data/320193/000032019323000106/aapl-20230930.htm,,,,,free_cash_flow / revenue
Apple Inc.,US,AAPL,2021,,2021-09-25,fy,calculated,التدفق النقدي الحر,consolidated,{},92953000000,USD,USD,https://www.sec.gov/Archives/edgar/data/320193/000032019323000106/aapl-20230930.htm,,,,,operating_cash_flow - abs(capex)
Apple Inc.,US,AAPL,2021,,2021-09-25,fy,calculated,free_cash_flow_growth,consolidated,{},0.266993798132624548490424589,,ratio,https://www.sec.gov/Archives/edgar/data/320193/000032019323000106/aapl-20230930.htm,,,,,free_cash_flow / prior_fy(free_cash_flow) - 1
Apple Inc.,US,AAPL,2021,,2021-09-25,fy,calculated,income_quality,consolidated,{},1.098838191803971271651880017,,ratio,https://www.sec.gov/Archives/edgar/data/320193/000032019323000106/aapl-20230930.htm,,,,,operating_cash_flow / net_income
Apple Inc.,US,AAPL,2021,,2021-09-25,fy,financial,صافي الربح,consolidated,{},94680000000,USD,USD,https://www.sec.gov/Archives/edgar/data/320193/000032019323000106/aapl-20230930.htm,,,,,
Apple Inc.,US,AAPL,2021,,2021-09-25,fy,calculated,net_income_growth,consolidated,{},0.649161310550242984793854836,,ratio,https://www.sec.gov/Archives/edgar/data/320193/000032019323000106/aapl-20230930.htm,,,,,net_income / prior_fy(net_income) - 1
Apple Inc.,US,AAPL,2021,,2021-09-25,fy,ratio,هامش صافي الربح,consolidated,{},0.2588179335569424056290440302,,ratio,https://www.sec.gov/Archives/edgar/data/320193/000032019323000106/aapl-20230930.htm,,,,,net_income / revenue
Apple Inc.,US,AAPL,2021,,2021-09-25,fy,financial,التدفق النقدي التشغيلي,consolidated,{},104038000000,USD,USD,https://www.sec.gov/Archives/edgar/data/320193/000032019323000106/aapl-20230930.htm,,,,,
Apple Inc.,US,AAPL,2021,,2021-09-25,fy,calculated,operating_cash_flow_growth,consolidated,{},0.289610035451322607035724025,,ratio,https://www.sec.gov/Archives/edgar/data/320193/000032019323000106/aapl-20230930.htm,,,,,operating_cash_flow / prior_fy(operating_cash_flow) - 1
Apple Inc.,US,AAPL,2021,,2021-09-25,fy,financial,الإيرادات,consolidated,{},365817000000,USD,USD,https://www.sec.gov/Archives/edgar/data/320193/000032019323000106/aapl-20230930.htm,,,,,
Apple Inc.,US,AAPL,2021,,2021-09-25,fy,calculated,revenue_growth,consolidated,{},0.332593847330746953718376045,,ratio,https://www.sec.gov/Archives/edgar/data/320193/000032019323000106/aapl-20230930.htm,,,,,revenue / prior_fy(revenue) - 1
Apple Inc.,US,AAPL,2020,,2020-09-26,fy,financial,النفقات الرأسمالية,consolidated,{},7309000000,USD,USD,https://www.sec.gov/Archives/edgar/data/320193/000032019322000108/aapl-20220924.htm,,,,,
Apple Inc.,US,AAPL,2020,,2020-09-26,fy,ratio,capex_to_cfo,consolidated,{},0.09059920172546297444034013437,,ratio,https://www.sec.gov/Archives/edgar/data/320193/000032019322000108/aapl-20220924.htm,,,,,abs(capex) / operating_cash_flow
Apple Inc.,US,AAPL,2020,,2020-09-26,fy,ratio,capex_to_revenue,consolidated,{},0.02662513888129974682622078939,,ratio,https://www.sec.gov/Archives/edgar/data/320193/000032019322000108/aapl-20220924.htm,,,,,abs(capex) / revenue
Apple Inc.,US,AAPL,2020,,2020-09-26,fy,ratio,cash_conversion_of_earnings,consolidated,{},1.405201093867028966574349863,,ratio,https://www.sec.gov/Archives/edgar/data/320193/000032019322000108/aapl-20220924.htm,,,,,operating_cash_flow / net_income
Apple Inc.,US,AAPL,2020,,2020-09-26,fy,ratio,cfo_margin,consolidated,{},0.2938782944465694042219915123,,ratio,https://www.sec.gov/Archives/edgar/data/320193/000032019322000108/aapl-20220924.htm,,,,,operating_cash_flow / revenue
Apple Inc.,US,AAPL,2020,,2020-09-26,fy,ratio,fcf_margin,consolidated,{},0.2672531555652696573957707229,,ratio,https://www.sec.gov/Archives/edgar/data/320193/000032019322000108/aapl-20220924.htm,,,,,free_cash_flow / revenue
Apple Inc.,US,AAPL,2020,,2020-09-26,fy,calculated,التدفق النقدي الحر,consolidated,{},73365000000,USD,USD,https://www.sec.gov/Archives/edgar/data/320193/000032019322000108/aapl-20220924.htm,,,,,operating_cash_flow - abs(capex)
Apple Inc.,US,AAPL,2020,,2020-09-26,fy,calculated,free_cash_flow_growth,consolidated,{},0.245670334148329258353708231,,ratio,https://www.sec.gov/Archives/edgar/data/320193/000032019322000108/aapl-20220924.htm,,,,,free_cash_flow / prior_fy(free_cash_flow) - 1
Apple Inc.,US,AAPL,2020,,2020-09-26,fy,calculated,income_quality,consolidated,{},1.405201093867028966574349863,,ratio,https://www.sec.gov/Archives/edgar/data/320193/000032019322000108/aapl-20220924.htm,,,,,operating_cash_flow / net_income
Apple Inc.,US,AAPL,2020,,2020-09-26,fy,financial,صافي الربح,consolidated,{},57411000000,USD,USD,https://www.sec.gov/Archives/edgar/data/320193/000032019322000108/aapl-20220924.htm,,,,,
Apple Inc.,US,AAPL,2020,,2020-09-26,fy,calculated,net_income_growth,consolidated,{},0.039000289561314608368321992,,ratio,https://www.sec.gov/Archives/edgar/data/320193/000032019322000108/aapl-20220924.htm,,,,,net_income / prior_fy(net_income) - 1
Apple Inc.,US,AAPL,2020,,2020-09-26,fy,ratio,هامش صافي الربح,consolidated,{},0.2091361127807223648980930004,,ratio,https://www.sec.gov/Archives/edgar/data/320193/000032019322000108/aapl-20220924.htm,,,,,net_income / revenue
Apple Inc.,US,AAPL,2020,,2020-09-26,fy,financial,التدفق النقدي التشغيلي,consolidated,{},80674000000,USD,USD,https://www.sec.gov/Archives/edgar/data/320193/000032019322000108/aapl-20220924.htm,,,,,
Apple Inc.,US,AAPL,2020,,2020-09-26,fy,calculated,operating_cash_flow_growth,consolidated,{},0.162600337219524145782594285,,ratio,https://www.sec.gov/Archives/edgar/data/320193/000032019322000108/aapl-20220924.htm,,,,,operating_cash_flow / prior_fy(operating_cash_flow) - 1
Apple Inc.,US,AAPL,2020,,2020-09-26,fy,financial,الإيرادات,consolidated,{},274515000000,USD,USD,https://www.sec.gov/Archives/edgar/data/320193/000032019322000108/aapl-20220924.htm,,,,,
Apple Inc.,US,AAPL,2020,,2020-09-26,fy,calculated,revenue_growth,consolidated,{},0.055120803769784836301859525,,ratio,https://www.sec.gov/Archives/edgar/data/320193/000032019322000108/aapl-20220924.htm,,,,,revenue / prior_fy(revenue) - 1
Apple Inc.,US,AAPL,2019,,2019-09-28,fy,financial,النفقات الرأسمالية,consolidated,{},10495000000,USD,USD,https://www.sec.gov/Archives/edgar/data/320193/000032019321000105/aapl-20210925.htm,,,,,
Apple Inc.,US,AAPL,2019,,2019-09-28,fy,ratio,capex_to_cfo,consolidated,{},0.1512443976884610396160885417,,ratio,https://www.sec.gov/Archives/edgar/data/320193/000032019321000105/aapl-20210925.htm,,,,,abs(capex) / operating_cash_flow
Apple Inc.,US,AAPL,2019,,2019-09-28,fy,ratio,capex_to_revenue,consolidated,{},0.04033838892433525256174713845,,ratio,https://www.sec.gov/Archives/edgar/data/320193/000032019321000105/aapl-20210925.htm,,,,,abs(capex) / revenue
Apple Inc.,US,AAPL,2019,,2019-09-28,fy,ratio,cash_conversion_of_earnings,consolidated,{},1.255809323874330389459968148,,ratio,https://www.sec.gov/Archives/edgar/data/320193/000032019321000105/aapl-20210925.htm,,,,,operating_cash_flow / net_income
Apple Inc.,US,AAPL,2019,,2019-09-28,fy,ratio,cfo_margin,consolidated,{},0.2667099710193947127691468018,,ratio,https://www.sec.gov/Archives/edgar/data/320193/000032019321000105/aapl-20210925.htm,,,,,operating_cash_flow / revenue
Apple Inc.,US,AAPL,2019,,2019-09-28,fy,ratio,fcf_margin,consolidated,{},0.2263715820950594602073996633,,ratio,https://www.sec.gov/Archives/edgar/data/320193/000032019321000105/aapl-20210925.htm,,,,,free_cash_flow / revenue
Apple Inc.,US,AAPL,2019,,2019-09-28,fy,calculated,التدفق النقدي الحر,consolidated,{},58896000000,USD,USD,https://www.sec.gov/Archives/edgar/data/320193/000032019321000105/aapl-20210925.htm,,,,,operating_cash_flow - abs(capex)
Apple Inc.,US,AAPL,2019,,2019-09-28,fy,calculated,income_quality,consolidated,{},1.255809323874330389459968148,,ratio,https://www.sec.gov/Archives/edgar/data/320193/000032019321000105/aapl-20210925.htm,,,,,operating_cash_flow / net_income
Apple Inc.,US,AAPL,2019,,2019-09-28,fy,financial,صافي الربح,consolidated,{},55256000000,USD,USD,https://www.sec.gov/Archives/edgar/data/320193/000032019321000105/aapl-20210925.htm,,,,,
Apple Inc.,US,AAPL,2019,,2019-09-28,fy,ratio,هامش صافي الربح,consolidated,{},0.2123809450598445655599714038,,ratio,https://www.sec.gov/Archives/edgar/data/320193/000032019321000105/aapl-20210925.htm,,,,,net_income / revenue
Apple Inc.,US,AAPL,2019,,2019-09-28,fy,financial,التدفق النقدي التشغيلي,consolidated,{},69391000000,USD,USD,https://www.sec.gov/Archives/edgar/data/320193/000032019321000105/aapl-20210925.htm,,,,,
Apple Inc.,US,AAPL,2019,,2019-09-28,fy,financial,الإيرادات,consolidated,{},260174000000,USD,USD,https://www.sec.gov/Archives/edgar/data/320193/000032019321000105/aapl-20210925.htm,,,,,
Microsoft Corporation,US,MSFT,2026,,2026-06-30,instant,financial,النقد وما في حكمه,consolidated,{},20935000000,USD,USD,https://www.sec.gov/Archives/edgar/data/789019/000119312526323660/msft-20260630.htm,,,,,
Microsoft Corporation,US,MSFT,2026,,2026-06-30,instant,ratio,equity_ratio,consolidated,{},0.5833346519404622509151133475,,ratio,https://www.sec.gov/Archives/edgar/data/789019/000119312526323660/msft-20260630.htm,,,,,total_equity / total_assets
Microsoft Corporation,US,MSFT,2026,,2026-06-30,instant,ratio,liabilities_to_assets,consolidated,{},0.4166653480595377490848866525,,ratio,https://www.sec.gov/Archives/edgar/data/789019/000119312526323660/msft-20260630.htm,,,,,total_liabilities / total_assets
Microsoft Corporation,US,MSFT,2026,,2026-06-30,instant,ratio,الالتزامات إلى حقوق الملكية,consolidated,{},0.7142818392041357453993901267,,ratio,https://www.sec.gov/Archives/edgar/data/789019/000119312526323660/msft-20260630.htm,,,,,total_liabilities / total_equity
Microsoft Corporation,US,MSFT,2026,,2026-06-30,fy,financial,صافي الربح,consolidated,{},133749000000,USD,USD,https://www.sec.gov/Archives/edgar/data/789019/000119312526323660/msft-20260630.htm,,,,,
Microsoft Corporation,US,MSFT,2026,,2026-06-30,fy,ratio,هامش صافي الربح,consolidated,{},0.4030538905915217921944075290,,ratio,https://www.sec.gov/Archives/edgar/data/789019/000119312526323660/msft-20260630.htm,,,,,net_income / revenue
Microsoft Corporation,US,MSFT,2026,,2026-06-30,fy,financial,الإيرادات,consolidated,{},331839000000,USD,USD,https://www.sec.gov/Archives/edgar/data/789019/000119312526323660/msft-20260630.htm,,,,,
Microsoft Corporation,US,MSFT,2026,,2026-06-30,instant,financial,tangible_book_value,consolidated,{},442387000000,USD,USD,https://www.sec.gov/Archives/edgar/data/789019/000119312526323660/msft-20260630.htm,,,,,total_equity - intangible_assets
Microsoft Corporation,US,MSFT,2026,,2026-06-30,instant,financial,إجمالي الأصول,consolidated,{},758376000000,USD,USD,https://www.sec.gov/Archives/edgar/data/789019/000119312526323660/msft-20260630.htm,,,,,
Microsoft Corporation,US,MSFT,2026,,2026-06-30,instant,financial,حقوق الملكية,consolidated,{},442387000000,USD,USD,https://www.sec.gov/Archives/edgar/data/789019/000119312526323660/msft-20260630.htm,,,,,
Microsoft Corporation,US,MSFT,2026,,2026-06-30,instant,financial,إجمالي الالتزامات,consolidated,{},315989000000,USD,USD,https://www.sec.gov/Archives/edgar/data/789019/000119312526323660/msft-20260630.htm,,,,,
NVIDIA Corporation,US,NVDA,2026,,2026-01-25,fy,calculated,accrual_ratio,consolidated,{},0.08389143290958061536824900993,,ratio,https://www.sec.gov/Archives/edgar/data/1045810/000104581026000021/nvda-20260125.htm,,,,,(net_income - operating_cash_flow) / total_assets
NVIDIA Corporation,US,NVDA,2026,,2026-01-25,fy,financial,النفقات الرأسمالية,consolidated,{},6042000000,USD,USD,https://www.sec.gov/Archives/edgar/data/1045810/000104581026000021/nvda-20260125.htm,,,,,
NVIDIA Corporation,US,NVDA,2026,,2026-01-25,fy,ratio,capex_to_cfo,consolidated,{},0.05882123873128370879495317276,,ratio,https://www.sec.gov/Archives/edgar/data/1045810/000104581026000021/nvda-20260125.htm,,,,,abs(capex) / operating_cash_flow
NVIDIA Corporation,US,NVDA,2026,,2026-01-25,fy,ratio,capex_to_revenue,consolidated,{},0.02798025359130861636210393724,,ratio,https://www.sec.gov/Archives/edgar/data/1045810/000104581026000021/nvda-20260125.htm,,,,,abs(capex) / revenue
NVIDIA Corporation,US,NVDA,2026,,2026-01-25,instant,financial,النقد وما في حكمه,consolidated,{},10605000000,USD,USD,https://www.sec.gov/Archives/edgar/data/1045810/000104581026000021/nvda-20260125.htm,,,,,
NVIDIA Corporation,US,NVDA,2026,,2026-01-25,fy,ratio,cash_conversion_of_earnings,consolidated,{},0.8555056759975680245196431992,,ratio,https://www.sec.gov/Archives/edgar/data/1045810/000104581026000021/nvda-20260125.htm,,,,,operating_cash_flow / net_income
NVIDIA Corporation,US,NVDA,2026,,2026-01-25,fy,ratio,cfo_margin,consolidated,{},0.4756828348877918661838120201,,ratio,https://www.sec.gov/Archives/edgar/data/1045810/000104581026000021/nvda-20260125.htm,,,,,operating_cash_flow / revenue
NVIDIA Corporation,US,NVDA,2026,,2026-01-25,fy,financial,ربحية السهم الأساسية والمخفضة,consolidated,{},4.9,USD,USD/shares,https://www.sec.gov/Archives/edgar/data/1045810/000104581026000021/nvda-20260125.htm,,,,,
NVIDIA Corporation,US,NVDA,2026,,2026-01-25,instant,ratio,equity_ratio,consolidated,{},0.7605934149891442580620203769,,ratio,https://www.sec.gov/Archives/edgar/data/1045810/000104581026000021/nvda-20260125.htm,,,,,total_equity / total_assets
NVIDIA Corporation,US,NVDA,2026,,2026-01-25,fy,ratio,fcf_margin,consolidated,{},0.4477025812964832498217080829,,ratio,https://www.sec.gov/Archives/edgar/data/1045810/000104581026000021/nvda-20260125.htm,,,,,free_cash_flow / revenue
NVIDIA Corporation,US,NVDA,2026,,2026-01-25,fy,calculated,التدفق النقدي الحر,consolidated,{},96676000000,USD,USD,https://www.sec.gov/Archives/edgar/data/1045810/000104581026000021/nvda-20260125.htm,,,,,operating_cash_flow - abs(capex)
NVIDIA Corporation,US,NVDA,2026,,2026-01-25,fy,calculated,income_quality,consolidated,{},0.8555056759975680245196431992,,ratio,https://www.sec.gov/Archives/edgar/data/1045810/000104581026000021/nvda-20260125.htm,,,,,operating_cash_flow / net_income
NVIDIA Corporation,US,NVDA,2026,,2026-01-25,instant,ratio,liabilities_to_assets,consolidated,{},0.2394065850108557419379796231,,ratio,https://www.sec.gov/Archives/edgar/data/1045810/000104581026000021/nvda-20260125.htm,,,,,total_liabilities / total_assets
NVIDIA Corporation,US,NVDA,2026,,2026-01-25,instant,ratio,الالتزامات إلى حقوق الملكية,consolidated,{},0.3147628947251308068381936895,,ratio,https://www.sec.gov/Archives/edgar/data/1045810/000104581026000021/nvda-20260125.htm,,,,,total_liabilities / total_equity
NVIDIA Corporation,US,NVDA,2026,,2026-01-25,fy,financial,صافي الربح,consolidated,{},120067000000,USD,USD,https://www.sec.gov/Archives/edgar/data/1045810/000104581026000021/nvda-20260125.htm,,,,,
NVIDIA Corporation,US,NVDA,2026,,2026-01-25,fy,ratio,هامش صافي الربح,consolidated,{},0.5560253406070260908223656790,,ratio,https://www.sec.gov/Archives/edgar/data/1045810/000104581026000021/nvda-20260125.htm,,,,,net_income / revenue
NVIDIA Corporation,US,NVDA,2026,,2026-01-25,fy,financial,التدفق النقدي التشغيلي,consolidated,{},102718000000,USD,USD,https://www.sec.gov/Archives/edgar/data/1045810/000104581026000021/nvda-20260125.htm,,,,,
NVIDIA Corporation,US,NVDA,2026,,2026-01-25,fy,financial,الإيرادات,consolidated,{},215938000000,USD,USD,https://www.sec.gov/Archives/edgar/data/1045810/000104581026000021/nvda-20260125.htm,,,,,
NVIDIA Corporation,US,NVDA,2026,,2026-01-25,instant,financial,tangible_book_value,consolidated,{},157293000000,USD,USD,https://www.sec.gov/Archives/edgar/data/1045810/000104581026000021/nvda-20260125.htm,,,,,total_equity - intangible_assets
NVIDIA Corporation,US,NVDA,2026,,2026-01-25,instant,financial,إجمالي الأصول,consolidated,{},206803000000,USD,USD,https://www.sec.gov/Archives/edgar/data/1045810/000104581026000021/nvda-20260125.htm,,,,,
NVIDIA Corporation,US,NVDA,2026,,2026-01-25,instant,financial,حقوق الملكية,consolidated,{},157293000000,USD,USD,https://www.sec.gov/Archives/edgar/data/1045810/000104581026000021/nvda-20260125.htm,,,,,
NVIDIA Corporation,US,NVDA,2026,,2026-01-25,instant,financial,إجمالي الالتزامات,consolidated,{},49510000000,USD,USD,https://www.sec.gov/Archives/edgar/data/1045810/000104581026000021/nvda-20260125.htm,,,,,
